Ribosome	0.013968521507124158	RPL11,RPL12,RPL13,RPL15,RPL18A,RPL22L1,RPL27,RPL32,RPL34,RPL35A,RPL39,RPL4,RPL5,RPLP0,RPLP1,RPLP2,RPS13,RPS19,RPS21,RPS25,RPS27L,RPS3,RPS5,RPS8,RPSA,UBA52	hsa03010
Pathways in cancer	0.0172312509239047	ADCY5,ARNT,BCL2L11,BDKRB2,BIRC3,CASP9,CDKN2A,COL4A3,COL4A4,COL4A5,DAPK1,DAPK2,EGLN1,EGLN2,EGLN3,EPAS1,ERBB2,FOXO1,FZD2,FZD5,GADD45A,GNA13,GNG10,HES1,HEY1,HEYL,HIF1A,IFNGR1,IL13RA1,ITGA3,ITGAV,ITGB1,JAG2,JAK1,KIF7,LAMB1,LAMB2,LAMC1,LAMC2,LPAR6,MAP2K2,MECOM,MITF,MMP9,MYC,NOTCH3,PGF,PIK3CA,PML,PRKACB,RAC3,RASGRP1,RASGRP3,RUNX1T1,SMAD3,SMAD4,STAT4,STAT5B,TCF7L1,TGFB2,TGFBR2,VEGFC,VHL,WNT10B	hsa05200
Lysosome	0.01809781566313538	ACP2,AP3S2,CTSB,CTSH,CTSK,CTSV,CTSZ,GAA,GALNS,GLB1,LIPA,MAN2B1,MANBA,NAGLU,NAGPA,PPT1,PSAP,SGSH,SLC17A5,SMPD1,SUMF1,TCIRG1	hsa04142
ECM-receptor interaction	0.027806717111615867	AGRN,CD47,COL4A3,COL4A4,COL4A5,COL6A6,FREM1,HSPG2,ITGA3,ITGAV,ITGB1,ITGB7,LAMB1,LAMB2,LAMC1,LAMC2,SDC1,VTN	hsa04512
Axon guidance	0.06097195197923759	CFL2,EFNA5,EPHA4,EPHB2,FYN,ITGB1,L1CAM,NRP1,NTN4,PARD3,PIK3CA,PLXNA1,PLXNA2,RAC3,RHOD,RND1,ROBO1,RYK,SEMA3B,SEMA4B,SEMA4F,SEMA5A,SRGAP1,SSH3,TRPC1,UNC5C	hsa04360
MAPK signaling pathway	0.06763116544936416	ARRB1,CACNA1I,CACNB1,CSF1,DDIT3,DUSP10,DUSP3,ECSIT,EFNA5,ELK4,ERBB2,GADD45A,KDR,MAP2K2,MAP3K13,MAP3K3,MAP3K8,MAP4K4,MAPK12,MAPK13,MECOM,MRAS,MYC,PGF,PRKACB,RAC3,RAPGEF2,RASA2,RASGRF2,RASGRP1,RASGRP3,RELB,RPS6KA6,TAOK1,TGFB2,TGFBR2,VEGFC	hsa04010
Human papillomavirus infection	0.07293017010254164	ATP6V1A,COL4A3,COL4A4,COL4A5,COL6A6,CREB3L2,FOXO1,FZD2,FZD5,HES1,HES4,HEY1,HEYL,IRF1,ITGA3,ITGAV,ITGB1,ITGB7,JAK1,LAMB1,LAMB2,LAMC1,LAMC2,LLGL1,LLGL2,MAP2K2,MX1,NOTCH3,OASL,PARD3,PIK3CA,PPP2R2B,PPP2R3A,PRKACB,PXN,TCF7L1,TCIRG1,TUBG2,TYK2,VTN,WNT10B	hsa05165
Other types of O-glycan biosynthesis	0.09641254781880271	B4GALT1,EOGT,GALNT14,GALNT16,GALNT18,GALNT2,GXYLT1,POFUT2,POGLUT1,POMT2	hsa00514
Small cell lung cancer	0.12032196940203066	BIRC3,CASP9,COL4A3,COL4A4,COL4A5,GADD45A,ITGA3,ITGAV,ITGB1,LAMB1,LAMB2,LAMC1,LAMC2,MYC,PIK3CA	hsa05222
AGE-RAGE signaling pathway in diabetic complications	0.12111343609946823	COL4A3,COL4A4,COL4A5,F3,FOXO1,ICAM1,MAPK12,MAPK13,PIK3CA,SERPINE1,SMAD3,SMAD4,STAT5B,TGFB2,TGFBR2,VEGFC	hsa04933
Leishmaniasis	0.14617758997010483	C3,EEF1A1,HLA-DRB1,HLA-DRB5,IFNGR1,ITGAM,ITGB1,JAK1,MAPK12,MAPK13,MARCKSL1,TGFB2,TLR2	hsa05140
Adherens junction	0.16903312432022138	ERBB2,FER,FYN,NECTIN4,PARD3,PTPRB,RAC3,SMAD3,SMAD4,SNAI2,TCF7L1,TGFBR2	hsa04520
Glycosaminoglycan biosynthesis - heparan sulfate / heparin	0.17084843055510104	EXT1,EXTL2,HS2ST1,HS3ST1,HS6ST2,XYLT1	hsa00534
Proteoglycans in cancer	0.1745588766345119	CAV2,ERBB2,FZD2,FZD5,HIF1A,HSPG2,ITGAV,ITGB1,KDR,LUM,MAP2K2,MAPK12,MAPK13,MMP9,MRAS,MYC,PIK3CA,PPP1R12B,PRKACB,PXN,RDX,SDC1,TGFB2,TLR2,VTN,WNT10B	hsa05205
Bladder cancer	0.1778748555462052	CDKN2A,DAPK1,DAPK2,ERBB2,MAP2K2,MMP9,MYC,UPK3A	hsa05219
Sphingolipid metabolism	0.1815892136994066	ACER2,CERK,GLB1,KDSR,PLPP1,PLPP2,PSAP,SGPP1,SMPD1	hsa00600
Osteoclast differentiation	0.18166708636082055	CSF1,CTSK,CYLD,FOSL2,FYN,IFNGR1,JAK1,JUNB,MAPK12,MAPK13,MITF,PIK3CA,RELB,SOCS3,TGFB2,TGFBR2,TNFRSF11A,TYK2	hsa04380
Transcriptional misregulation in cancer	0.18659015213474361	BIRC3,CD86,DDIT3,ELK4,ETV6,FOXO1,FUT8,GADD45A,HOXA10,IGFBP3,ITGAM,ITGB7,KMT2A,MITF,MMP9,MYC,NFKBIZ,PML,REL,RUNX1T1,RUNX2,SPINT1,TGFBR2,TMPRSS2	hsa05202
Focal adhesion	0.19360262560219382	BIRC3,CAV2,COL4A3,COL4A4,COL4A5,COL6A6,ERBB2,FYN,ITGA3,ITGAV,ITGB1,ITGB7,KDR,LAMB1,LAMB2,LAMC1,LAMC2,PGF,PIK3CA,PPP1R12B,PXN,RAC3,VEGFC,VTN,ZYX	hsa04510
Toxoplasmosis	0.1951969962188949	BIRC3,CASP9,HLA-DRB1,HLA-DRB5,IFNGR1,ITGB1,JAK1,LAMB1,LAMB2,LAMC1,LAMC2,MAPK12,MAPK13,TGFB2,TLR2,TYK2	hsa05145
Hippo signaling pathway	0.23421058240626877	AJUBA,AMH,BIRC3,CSNK1D,FZD2,FZD5,LLGL1,LLGL2,MYC,PARD3,PPP2R2B,SERPINE1,SMAD3,SMAD4,SNAI2,TCF7L1,TGFB2,TGFBR2,WNT10B,WWTR1	hsa04390
Sphingolipid signaling pathway	0.2500725379345254	ABCC1,ACER2,ADORA1,BDKRB2,FYN,GNA13,MAP2K2,MAPK12,MAPK13,PIK3CA,PPP2R2B,PPP2R3A,RAC3,S1PR2,SGPP1,SMPD1	hsa04071
Cell adhesion molecules	0.2581103176574071	CADM1,CD22,CD86,CDH3,CDH5,CLDN14,CLDN15,HLA-DRB1,HLA-DRB5,ICAM1,ITGAM,ITGAV,ITGB1,ITGB7,L1CAM,MAG,SDC1,SELL,VTCN1	hsa04514
TNF signaling pathway	0.29747470950128346	BIRC3,CREB3L2,CSF1,ICAM1,IRF1,JUNB,LIF,MAP3K8,MAPK12,MAPK13,MMP9,PIK3CA,SOCS3,TNFAIP3,VEGFC	hsa04668
Colorectal cancer	0.3125916207866403	BCL2L11,CASP9,GADD45A,MAP2K2,MYC,PIK3CA,RAC3,SMAD3,SMAD4,TCF7L1,TGFB2,TGFBR2	hsa05210
Human T-cell leukemia virus 1 infection	0.322164040268036	ADCY5,B2M,CDKN2A,CREB3L2,CRTC1,ELK4,ETS2,HLA-DRB1,HLA-DRB5,ICAM1,JAK1,KAT2B,LTBR,MAP2K2,MAP3K3,MYC,NRP1,PIK3CA,PRKACB,RELB,SMAD3,SMAD4,STAT5B,TGFB2,TGFBR2	hsa05166
Pancreatic cancer	0.32510860883298776	CASP9,CDKN2A,ERBB2,GADD45A,JAK1,PIK3CA,RAC3,SMAD3,SMAD4,TGFB2,TGFBR2	hsa05212
Chronic myeloid leukemia	0.32510860883298776	CDKN2A,GADD45A,MAP2K2,MECOM,MYC,PIK3CA,SMAD3,SMAD4,STAT5B,TGFB2,TGFBR2	hsa05220
TGF-beta signaling pathway	0.32576301834072346	AMH,BAMBI,CHRD,E2F5,ID3,INHBB,MYC,SMAD3,SMAD4,SMAD6,SMURF2,TGFB2,TGFBR2	hsa04350
Viral myocarditis	0.3305917696526043	ABL2,CASP9,CD55,CD86,FYN,HLA-DRB1,HLA-DRB5,ICAM1,RAC3	hsa05416
Mucin type O-glycan biosynthesis	0.333123563422538	GALNT14,GALNT16,GALNT18,GALNT2,GCNT4,ST3GAL1	hsa00512
Renal cell carcinoma	0.3351142719246587	ARNT,EGLN1,EGLN2,EGLN3,EPAS1,HIF1A,MAP2K2,PIK3CA,TGFB2,VHL	hsa05211
PI3K-Akt signaling pathway	0.3359256465883715	BCL2L11,CASP9,COL4A3,COL4A4,COL4A5,COL6A6,CREB3L2,CSF1,DDIT4,EFNA5,ERBB2,GNG10,ITGA3,ITGAV,ITGB1,ITGB7,JAK1,KDR,LAMB1,LAMB2,LAMC1,LAMC2,LPAR6,MAP2K2,MYC,PGF,PHLPP1,PIK3CA,PKN1,PKN2,PPP2R2B,PPP2R3A,PRKAA2,THEM4,TLR2,VEGFC,VTN	hsa04151
HIF-1 signaling pathway	0.33635854563585893	ALDOC,ARNT,EGLN1,EGLN2,EGLN3,ERBB2,HIF1A,IFNGR1,LTBR,MAP2K2,PFKFB3,PIK3CA,SERPINE1,VHL	hsa04066
Relaxin signaling pathway	0.34427830545424454	ACTA2,ADCY5,ARRB1,COL4A3,COL4A4,COL4A5,CREB3L2,GNG10,MAP2K2,MAPK12,MAPK13,MMP9,PIK3CA,PRKACB,TGFBR2,VEGFC	hsa04926
Hedgehog signaling pathway	0.34450097121170387	ARRB1,CSNK1D,CSNK1G2,GPR161,KIF7,MEGF8,PRKACB,SMURF2	hsa04340
Other glycan degradation	0.38696000244009976	ENGASE,GLB1,MAN2B1,MANBA	hsa00511
Inositol phosphate metabolism	0.4192231279025088	INPP1,INPP4A,INPP4B,INPP5A,INPPL1,ISYNA1,MTMR4,PI4K2A,PIK3CA,PIP4K2A	hsa00562
Glycosaminoglycan degradation	0.43813758753260074	GALNS,GLB1,NAGLU,SGSH	hsa00531
Th17 cell differentiation	0.5037280768483209	AHR,HIF1A,HLA-DRB1,HLA-DRB5,IFNGR1,JAK1,MAPK12,MAPK13,SMAD3,SMAD4,STAT5B,TGFBR2,TYK2	hsa04659
Hepatitis B	0.5241637781891263	CASP9,CREB3L2,HSPG2,JAK1,MAP2K2,MAPK12,MAPK13,MMP9,MYC,PIK3CA,SMAD3,SMAD4,STAT4,STAT5B,TGFB2,TGFBR2,TLR2,TYK2	hsa05161
VEGF signaling pathway	0.527166182927987	CASP9,KDR,MAP2K2,MAPK12,MAPK13,PIK3CA,PXN,RAC3	hsa04370
Rap1 signaling pathway	0.5301785796238573	ADCY5,CSF1,DOCK4,EFNA5,FYB1,ITGAM,ITGB1,KDR,MAP2K2,MAPK12,MAPK13,MRAS,P2RY1,PARD3,PGF,PIK3CA,PRKD1,RAC3,RAPGEF2,RASGRP3,SIPA1,VEGFC	hsa04015
Signaling pathways regulating pluripotency of stem cells	0.5390568319019368	FZD2,FZD5,ID3,INHBB,JAK1,LIF,MAP2K2,MAPK12,MAPK13,MYC,PIK3CA,SKIL,SMAD3,SMAD4,TBX3,WNT10B	hsa04550
Thyroid hormone signaling pathway	0.5433053686599666	CASP9,FOXO1,HIF1A,ITGAV,KAT2B,MAP2K2,MED13,MYC,NOTCH3,PFKFB2,PIK3CA,PRKACB,SLC16A2,TBC1D4	hsa04919
Cellular senescence	0.5449388202607961	CDKN2A,E2F5,FOXO1,GADD45A,IGFBP3,MAP2K2,MAPK12,MAPK13,MRAS,MYC,PIK3CA,SERPINE1,SMAD3,TGFB2,TGFBR2,ZFP36L1,ZFP36L2	hsa04218
Glycosaminoglycan biosynthesis - keratan sulfate	0.5454225725220758	B4GALT1,FUT8,ST3GAL1	hsa00533
PD-L1 expression and PD-1 checkpoint pathway in cancer	0.5498129420954241	BATF,HIF1A,IFNGR1,JAK1,MAP2K2,MAP3K3,MAPK12,MAPK13,PIK3CA,RASGRP1,TLR2	hsa05235
Th1 and Th2 cell differentiation	0.5499172101205192	HLA-DRB1,HLA-DRB5,IFNGR1,JAG2,JAK1,MAPK12,MAPK13,NOTCH3,STAT4,STAT5B,TYK2	hsa04658
Amoebiasis	0.5500215037188066	COL4A3,COL4A4,COL4A5,ITGAM,LAMB1,LAMB2,LAMC1,LAMC2,PIK3CA,PRKACB,TGFB2,TLR2	hsa05146
Prolactin signaling pathway	0.5524432698956308	IRF1,MAP2K2,MAPK12,MAPK13,PIK3CA,SOCS3,STAT5B,TH,TNFRSF11A	hsa04917
Various types of N-glycan biosynthesis	0.5554980756094016	B4GALNT4,B4GALT1,FUT8,MAN1A1,MAN1C1,MAN2A1	hsa00513
Mitophagy - animal	0.55686734545817	BNIP3L,HIF1A,MITF,MRAS,OPTN,PINK1,UBA52,ULK1,USP30	hsa04137
Rheumatoid arthritis	0.5622875467252377	ATP6V1A,CD86,CSF1,CTSK,HLA-DRB1,HLA-DRB5,ICAM1,TCIRG1,TGFB2,TLR2,TNFRSF11A	hsa05323
Mannose type O-glycan biosynthesis	0.5708717842426256	B4GALT1,LARGE2,MGAT5B,POMT2	hsa00515
Glycosphingolipid biosynthesis - ganglio series	0.5782989184928341	GLB1,ST3GAL1,ST3GAL5	hsa00604
Wnt signaling pathway	0.5817418760304325	BAMBI,FZD2,FZD5,LGR4,MYC,PORCN,PRICKLE1,PRKACB,RAC3,ROR1,RYK,SIAH1,SMAD3,SMAD4,TBL1XR1,TCF7L1,WNT10B	hsa04310
p53 signaling pathway	0.5826988592467981	CASP9,CDKN2A,GADD45A,IGFBP3,MDM4,SERPINE1,SIAH1,TNFRSF10B,ZMAT3	hsa04115
Notch signaling pathway	0.5886286025641329	ATXN1L,HES1,HEY1,HEYL,JAG2,KAT2B,NOTCH3	hsa04330
Endocrine and other factor-regulated calcium reabsorption	0.5886286025641329	ATP2B1,BDKRB2,DNM1,DNM2,DNM3,PRKACB,PTH1R	hsa04961
Insulin resistance	0.6351904080914678	CREB3L2,FOXO1,GFPT2,MLXIP,MLXIPL,PIK3CA,PPARA,PRKAA2,PRKAB2,RPS6KA6,SOCS3,TBC1D4	hsa04931
ABC transporters	0.6512929375005597	ABCA1,ABCB7,ABCC1,ABCC10,ABCC4,DEFB1	hsa02010
Endocrine resistance	0.6579145317541863	ADCY5,CDKN2A,ERBB2,JAG2,MAP2K2,MAPK12,MAPK13,MMP9,NOTCH3,PIK3CA,PRKACB	hsa01522
Nitrogen metabolism	0.6908466273977677	CA14,CA4,CA9	hsa00910
Acute myeloid leukemia	0.6948186052780543	ITGAM,MAP2K2,MYC,PIK3CA,PML,RUNX1T1,STAT5B,TCF7L1	hsa05221
Tight junction	0.7094000191178219	CGN,CLDN14,CLDN15,ERBB2,ITGB1,LLGL1,LLGL2,MYH14,MYL6B,PARD3,PPP2R2B,PRKAA2,PRKAB2,PRKACB,RAPGEF2,RDX,TJP2	hsa04530
Morphine addiction	0.7278487512757585	ADCY5,ADORA1,ARRB1,DRD1,GABBR2,GABRP,GNG10,GRK5,PDE7B,PRKACB	hsa05032
Chagas disease	0.7325375508630247	BDKRB2,C3,IFNGR1,MAPK12,MAPK13,PIK3CA,PPP2R2B,SERPINE1,TGFB2,TGFBR2,TLR2	hsa05142
Leukocyte transendothelial migration	0.7356040145725342	CDH5,CLDN14,CLDN15,ICAM1,ITGAM,ITGB1,MAPK12,MAPK13,MMP9,PIK3CA,PXN,SIPA1	hsa04670
Endometrial cancer	0.7376488036498267	CASP9,ERBB2,GADD45A,MAP2K2,MYC,PIK3CA,TCF7L1	hsa05213
Ras signaling pathway	0.7600256460099707	ABL2,CSF1,EFNA5,ETS2,GNG10,HTR7,KDR,KSR1,MAP2K2,MRAS,PGF,PIK3CA,PRKACB,RAC3,RASA2,RASGRF2,RASGRP1,RASGRP3,REL,RGL1,RIN1,VEGFC	hsa04014
Cocaine addiction	0.7648307177617286	ADCY5,CREB3L2,DRD1,PRKACB,RGS9,TH	hsa05030
N-Glycan biosynthesis	0.7954523631931529	B4GALT1,FUT8,MAN1A1,MAN1C1,MAN2A1,MGAT5B	hsa00510
Hippo signaling pathway - multiple species	0.7998688534929039	AJUBA,DCHS1,FAT4,WWTR1	hsa04392
Phosphatidylinositol signaling system	0.8426991302258668	CDS2,INPP1,INPP4A,INPP4B,INPP5A,INPPL1,MTMR4,PI4K2A,PIK3CA,PIP4K2A	hsa04070
Prostate cancer	0.8426991302258668	CASP9,CREB3L2,ERBB2,FOXO1,MAP2K2,MMP9,PIK3CA,SPINT1,TCF7L1,TMPRSS2	hsa05215
AMPK signaling pathway	0.8480054465297682	CREB3L2,EEF2,FOXO1,PFKFB2,PFKFB3,PIK3CA,PPP2R2B,PPP2R3A,PRKAA2,PRKAB2,STRADA,ULK1	hsa04152
Cushing syndrome	0.8520850190833188	ADCY5,AHR,ARNT,CACNA1I,CDKN2A,CREB3L2,FZD2,FZD5,KCNK2,KMT2A,MAP2K2,PRKACB,RASD1,TCF7L1,WNT10B	hsa04934
Complement and coagulation cascades	0.8536379294901149	BDKRB2,C3,CD55,CD59,F3,ITGAM,SERPINE1,TFPI,VTN	hsa04610
FoxO signaling pathway	0.8595316593745976	BCL2L11,FOXO1,GADD45A,MAP2K2,MAPK12,MAPK13,PIK3CA,PRKAA2,PRKAB2,SMAD3,SMAD4,TGFB2,TGFBR2	hsa04068
Hypertrophic cardiomyopathy	0.8894278047601551	CACNB1,ITGA3,ITGAV,ITGB1,ITGB7,PRKAA2,PRKAB2,TGFB2,TPM2	hsa05410
Regulation of actin cytoskeleton	0.8910020047096714	BDKRB2,CFL2,FGD3,GNA13,ITGA3,ITGAM,ITGAV,ITGB1,ITGB7,MAP2K2,MRAS,MYH14,PIK3CA,PIP4K2A,PPP1R12B,PXN,RAC3,RDX,SSH3,TMSB4X	hsa04810
Fructose and mannose metabolism	0.9003441193905902	ALDOC,MPI,PFKFB2,PFKFB3	hsa00051
SNARE interactions in vesicular transport	0.9003441193905902	BET1,GOSR2,STX1A,VAMP1	hsa04130
Breast cancer	0.9013004375176257	ERBB2,FZD2,FZD5,GADD45A,HES1,HEY1,HEYL,JAG2,MAP2K2,MYC,NOTCH3,PIK3CA,TCF7L1,WNT10B	hsa05224
Inflammatory bowel disease	0.902579858762183	HLA-DRB1,HLA-DRB5,IFNGR1,SMAD3,STAT4,TGFB2,TLR2	hsa05321
Bacterial invasion of epithelial cells	0.9065905301768743	CAV2,DNM1,DNM2,DNM3,ELMO3,ITGB1,PIK3CA,PXN	hsa05100
Apoptosis	0.9078648723745273	BCL2L11,BIRC3,CASP9,CTSB,CTSH,CTSK,CTSV,CTSZ,DDIT3,GADD45A,MAP2K2,PIK3CA,TNFRSF10B	hsa04210
Autophagy - animal	0.9175385105767012	CTSB,DAPK1,DAPK2,DDIT4,HIF1A,MAP2K2,MRAS,MTMR4,PIK3CA,PRKAA2,PRKACB,ULK1,VMP1	hsa04140
Apelin signaling pathway	0.9175385105767012	ACTA2,ADCY5,GNA13,GNG10,MAP2K2,MRAS,NOTCH3,PRKAA2,PRKAB2,PRKACB,SERPINE1,SMAD3,SMAD4	hsa04371
Pathogenic Escherichia coli infection	0.919248627954661	BAIAP2L1,CASP9,CLDN14,CLDN15,CYTH3,FYN,GNA13,ITGB1,MAPK12,MAPK13,MYH14,MYO1B,MYO1E,MYO5A,MYO5B,RPS3,TNFRSF10B,TUBB3	hsa05130
Salmonella infection	0.928288712998582	AHNAK2,ANXA2,ARL8A,BIRC3,CYTH3,DNM2,EXOC7,MAP2K2,MAPK12,MAPK13,MYC,PIK3CA,PKN1,PODXL,RPS3,S100A10,STX10,TCF7L1,TLR2,TNFRSF10B,TUBB3,VPS11	hsa05132
Valine, leucine and isoleucine biosynthesis	0.9710498137256268	BCAT1	hsa00290
Epstein-Barr virus infection	0.9723923641938286	B2M,BCL2L11,CASP9,ENTPD3,GADD45A,HES1,HLA-DRB1,HLA-DRB5,ICAM1,JAK1,MAPK12,MAPK13,MYC,PIK3CA,RELB,TLR2,TNFAIP3,TYK2	hsa05169
Folate biosynthesis	0.9824808965583447	ALPP,QDPR,TH	hsa00790
Parathyroid hormone synthesis, secretion and action	0.9861130957868323	ADCY5,AKAP13,ARRB1,CREB3L2,GNA13,MMP17,PRKACB,PTH1R,PTHLH,RUNX2	hsa04928
Central carbon metabolism in cancer	0.9869017881184936	ERBB2,HIF1A,IDH1,MAP2K2,MYC,PIK3CA,SIRT6	hsa05230
Influenza A	0.9886478699950112	CASP9,HLA-DRB1,HLA-DRB5,ICAM1,IFNGR1,JAK1,MAP2K2,MX1,PIK3CA,PML,SOCS3,TMPRSS2,TMPRSS4,TNFRSF10B,TYK2	hsa05164
Fc gamma R-mediated phagocytosis	0.9943473458898644	ASAP1,BIN1,CFL2,DNM2,INPPL1,MARCKSL1,PIK3CA,PLPP1,PLPP2	hsa04666
Hepatocellular carcinoma	0.9972297086588123	CDKN2A,DPF3,FZD2,FZD5,GADD45A,MAP2K2,MYC,PHF10,PIK3CA,SMAD3,SMAD4,TCF7L1,TGFB2,TGFBR2,WNT10B	hsa05225
Fluid shear stress and atherosclerosis	0.9984712050793854	CAV2,CDH5,ICAM1,ITGAV,KDR,MAPK12,MAPK13,MMP9,PIK3CA,PRKAA2,RAC3,SDC1	hsa05418
Glycosylphosphatidylinositol (GPI)-anchor biosynthesis	0.9990537237400307	PIGN,PIGS,PIGZ	hsa00563
Glycolysis / Gluconeogenesis	1	ALDOC	hsa00010
Citrate cycle (TCA cycle)	1	IDH1	hsa00020
Pentose phosphate pathway	1	ALDOC,PRPS1,RBKS	hsa00030
Pentose and glucuronate interconversions	1	UGT1A6	hsa00040
Galactose metabolism	1	B4GALT1,GAA,GLB1	hsa00052
Ascorbate and aldarate metabolism	1	UGT1A6	hsa00053
Fatty acid biosynthesis	1	ACSF3	hsa00061
Fatty acid elongation	1	PPT1,THEM4	hsa00062
Fatty acid degradation	1	ACOX1	hsa00071
Steroid biosynthesis	1	LIPA,LSS	hsa00100
Steroid hormone biosynthesis	1	CYP1A1,STS,UGT1A6	hsa00140
Oxidative phosphorylation	1	ATP6V1A,TCIRG1	hsa00190
Purine metabolism	1	ADCY5,AMPD3,ENTPD3,NME3,NME7,NPR2,NT5C3B,PAPSS2,PDE5A,PDE7B,PRPS1	hsa00230
Pyrimidine metabolism	1	ENTPD3,NME3,NME7,NT5C3B,UCKL1	hsa00240
Alanine, aspartate and glutamate metabolism	1	GFPT2,NAT8L,RIMKLA	hsa00250
Glycine, serine and threonine metabolism	1	CBS,GCSH,GLDC,PIPOX	hsa00260
Cysteine and methionine metabolism	1	BCAT1,CBS,DNMT3A,MRI1	hsa00270
Valine, leucine and isoleucine degradation	1	ACSF3,BCAT1,BCKDHB	hsa00280
Lysine degradation	1	AASS,KMT2A,KMT2E,MECOM,PIPOX	hsa00310
Arginine and proline metabolism	1	AZIN2,OAT,P4HA3	hsa00330
Histidine metabolism	1	FTCD	hsa00340
Tyrosine metabolism	1	TH	hsa00350
Tryptophan metabolism	1	AFMID,CYP1A1	hsa00380
beta-Alanine metabolism	1	ACOX1	hsa00410
Selenocompound metabolism	1	PAPSS2	hsa00450
Glutathione metabolism	1	IDH1	hsa00480
Starch and sucrose metabolism	1	GAA,PGM2L1	hsa00500
Amino sugar and nucleotide sugar metabolism	1	CHIT1,GFPT2,GNE,MPI	hsa00520
Glycosaminoglycan biosynthesis - chondroitin sulfate / dermatan sulfate	1	CSGALNACT1,XYLT1	hsa00532
Glycerolipid metabolism	1	PLPP1,PLPP2	hsa00561
Glycerophospholipid metabolism	1	CDS2,LPCAT4,PGS1,PLPP1,PLPP2,PNPLA6	hsa00564
Ether lipid metabolism	1	LPCAT4,PLPP1,PLPP2	hsa00565
Arachidonic acid metabolism	1	CYP2C8,PTGES	hsa00590
Linoleic acid metabolism	1	CYP2C8	hsa00591
alpha-Linolenic acid metabolism	1	ACOX1	hsa00592
Glycosphingolipid biosynthesis - lacto and neolacto series	1	B3GNT5,B4GALT1,ST3GAL4	hsa00601
Glycosphingolipid biosynthesis - globo and isoglobo series	1	ST3GAL1	hsa00603
Glyoxylate and dicarboxylate metabolism	1	AFMID,GCSH,GLDC	hsa00630
Propanoate metabolism	1	ACOX1,BCKDHB	hsa00640
Butanoate metabolism	1	ACSM6	hsa00650
One carbon pool by folate	1	FTCD	hsa00670
Thiamine metabolism	1	ALPP	hsa00730
Riboflavin metabolism	1	ACP2	hsa00740
Nicotinate and nicotinamide metabolism	1	NADK2,SIRT2,SIRT6	hsa00760
Pantothenate and CoA biosynthesis	1	BCAT1	hsa00770
Retinol metabolism	1	ALDH1A3,CYP1A1,CYP26A1,CYP2C8,DHRS3,UGT1A6	hsa00830
Porphyrin and chlorophyll metabolism	1	CP,UGT1A6,UROD,UROS	hsa00860
Sulfur metabolism	1	PAPSS2	hsa00920
Aminoacyl-tRNA biosynthesis	1	GATB,TARS3	hsa00970
Metabolism of xenobiotics by cytochrome P450	1	CYP1A1,UGT1A6	hsa00980
Drug metabolism - cytochrome P450	1	CYP2C8,UGT1A6	hsa00982
Drug metabolism - other enzymes	1	NME3,NME7,UCKL1,UGT1A6	hsa00983
Biosynthesis of unsaturated fatty acids	1	ACOX1	hsa01040
Metabolic pathways	1	AASS,ACER2,ACOX1,ACP2,ACSF3,ACSM6,ADCY5,AFMID,ALDH1A3,ALDOC,ALPP,AMPD3,ATP6V1A,AZIN2,B3GNT5,B4GALNT4,B4GALT1,BCAT1,BCKDHB,CA14,CA4,CA9,CBS,CDS2,CHIT1,CSGALNACT1,CYP1A1,CYP26A1,CYP2C8,DHRS3,DNMT3A,ENTPD3,EXT1,EXTL2,FTCD,FUT8,GAA,GALNS,GALNT14,GALNT16,GALNT18,GALNT2,GATB,GCNT4,GCSH,GFPT2,GLB1,GLDC,GNE,IDH1,INPP1,INPP4A,INPP4B,INPP5A,INPPL1,ISYNA1,KDSR,KMT2A,KMT2E,LARGE2,LPCAT4,LSS,MAN1A1,MAN1C1,MAN2A1,MECOM,MGAT5B,MPI,MRI1,MTMR4,NADK2,NAGLU,NAT8L,NME3,NME7,NPR2,NT5C3B,OAT,P4HA3,PAPSS2,PDE5A,PDE7B,PFKFB2,PFKFB3,PGM2L1,PGS1,PI4K2A,PIGN,PIGS,PIK3CA,PIP4K2A,PIPOX,PLPP1,PLPP2,POMT2,PPT1,PRPS1,PTGES,QDPR,RBKS,RIMKLA,SGPP1,SGSH,SIRT2,SIRT6,SMPD1,ST3GAL1,ST3GAL4,ST3GAL5,TCIRG1,TH,UCKL1,UGT1A6,UROD,UROS,XYLT1	hsa01100
Carbon metabolism	1	ACOX1,ALDOC,GCSH,GLDC,IDH1,PRPS1	hsa01200
2-Oxocarboxylic acid metabolism	1	BCAT1,IDH1	hsa01210
Fatty acid metabolism	1	ACOX1,ACSF3,PPT1	hsa01212
Biosynthesis of amino acids	1	ALDOC,BCAT1,CBS,IDH1,PRPS1	hsa01230
EGFR tyrosine kinase inhibitor resistance	1	BCL2L11,ERBB2,JAK1,KDR,MAP2K2,PIK3CA	hsa01521
Antifolate resistance	1	ABCC1,ABCC4,SLC46A1	hsa01523
Platinum drug resistance	1	BIRC3,CASP9,CDKN2A,ERBB2,PIK3CA,TOP2B	hsa01524
Ribosome biogenesis in eukaryotes	1	NOB1	hsa03008
RNA transport	1	EEF1A1,EIF3G,ELAC1,NUP42,PABPC1,PABPC3	hsa03013
mRNA surveillance pathway	1	PABPC1,PABPC3,PAPOLG,PPP2R2B,PPP2R3A	hsa03015
RNA degradation	1	BTG2,DDX6,PABPC1,PABPC3,TENT4B,TOB2	hsa03018
RNA polymerase	1	POLR2H	hsa03020
Basal transcription factors	1	TAF9B	hsa03022
Spliceosome	1	PRPF40B	hsa03040
Protein export	1	SEC11A,SEC62	hsa03060
PPAR signaling pathway	1	ACOX1,PLIN2,PPARA	hsa03320
Nucleotide excision repair	1	XPC	hsa03420
Fanconi anemia pathway	1	HES1,POLI	hsa03460
ErbB signaling pathway	1	ABL2,ERBB2,MAP2K2,MYC,PIK3CA,STAT5B	hsa04012
Calcium signaling pathway	1	ATP2B1,BDKRB2,CACNA1I,CAMK1D,DRD1,ERBB2,HTR7,ORAI2,PRKACB,TPCN1,TPCN2	hsa04020
cGMP-PKG signaling pathway	1	ADCY5,ADORA1,ADRA2C,ATP2B1,BDKRB2,CREB3L2,GNA13,IRAG1,MAP2K2,NPR2,PDE5A,RGS2	hsa04022
cAMP signaling pathway	1	ABCC4,ACOX1,ADCY5,ADORA1,AMH,ATP2B1,CREB3L2,DRD1,GABBR2,HCAR2,HCAR3,HTR1F,MAP2K2,PIK3CA,PPARA,PRKACB,RAC3,SOX9	hsa04024
Cytokine-cytokine receptor interaction	1	ACKR3,AMH,CLCF1,CSF1,CXCL14,IFNGR1,IL13RA1,INHBB,LIF,LTBR,TGFB2,TGFBR2,TNFRSF10B,TNFRSF10C,TNFRSF11A,TNFRSF18,TNFRSF21,TNFSF15	hsa04060
Viral protein interaction with cytokine and cytokine receptor	1	ACKR3,CSF1,CXCL14,LTBR,TNFRSF10B,TNFRSF10C	hsa04061
Chemokine signaling pathway	1	ADCY5,ARRB1,CXCL14,DOCK2,GNG10,GRK5,PARD3,PIK3CA,PRKACB,PXN,RAC3,STAT5B	hsa04062
NF-kappa B signaling pathway	1	BIRC3,CYLD,EDARADD,GADD45A,ICAM1,LTBR,RELB,TNFAIP3,TNFRSF11A	hsa04064
Phospholipase D signaling pathway	1	ADCY5,CYTH3,DNM1,DNM2,DNM3,FYN,GNA13,LPAR6,MAP2K2,MRAS,PIK3CA,PLPP1,PLPP2	hsa04072
Neuroactive ligand-receptor interaction	1	ADM,ADORA1,ADRA2C,BDKRB2,C3,DRD1,GABBR2,GABRP,GLP2R,HTR1F,HTR7,LPAR6,NR3C1,P2RY1,PARD3,PTH1R,S1PR2	hsa04080
Cell cycle	1	CDC14B,CDKN2A,E2F5,GADD45A,MYC,SMAD3,SMAD4,TGFB2	hsa04110
Oocyte meiosis	1	ADCY5,MAPK12,MAPK13,PRKACB,RPS6KA6	hsa04114
Ubiquitin mediated proteolysis	1	BIRC3,FBXO2,HERC1,PIAS3,PML,SIAH1,SMURF2,SOCS3,UBA52,UBE2D1,UBE2E3,VHL	hsa04120
Protein processing in endoplasmic reticulum	1	DDIT3,FBXO2,HERPUD1,MAN1A1,MAN1C1,SEC62,TRAM1,TRAM1L1,UBE2D1,YOD1	hsa04141
Endocytosis	1	ARRB1,ASAP1,BIN1,CAV2,CYTH3,DNM1,DNM2,DNM3,GRK5,IST1,PARD3,PML,RAB11FIP5,RBSN,SH3KBP1,SMAD3,SMURF2,TGFBR2,VPS4B	hsa04144
Phagosome	1	ATP6V1A,C3,HLA-DRB1,HLA-DRB5,ITGAM,ITGAV,ITGB1,TCIRG1,TLR2,TUBB3	hsa04145
Peroxisome	1	ACOX1,CROT,HACL1,IDH1,PAOX,PHYH,PIPOX	hsa04146
mTOR signaling pathway	1	ATP6V1A,CASTOR2,DDIT4,FZD2,FZD5,MAP2K2,PIK3CA,PRKAA2,RPS6KA6,STRADA,ULK1,WDR59,WNT10B	hsa04150
Longevity regulating pathway	1	ADCY5,CREB3L2,FOXO1,PIK3CA,PRKAA2,PRKAB2,PRKACB,ULK1	hsa04211
Longevity regulating pathway - multiple species	1	ADCY5,FOXO1,PIK3CA,PRKAA2,PRKAB2,PRKACB	hsa04213
Apoptosis - multiple species	1	BCL2L11,BIRC3,CASP9	hsa04215
Ferroptosis	1	CP,FTH1	hsa04216
Necroptosis	1	BIRC3,CYLD,FTH1,IFNGR1,JAK1,SMPD1,STAT4,STAT5B,TNFAIP3,TNFRSF10B,TYK2,VPS4B	hsa04217
Cardiac muscle contraction	1	CACNB1,SLC9A7,TPM2	hsa04260
Adrenergic signaling in cardiomyocytes	1	ADCY5,ATP2B1,CACNB1,CREB3L2,MAPK12,MAPK13,PPP2R2B,PPP2R3A,PRKACB,SCN1B,SCN5A,TPM2	hsa04261
Vascular smooth muscle contraction	1	ACTA2,ADCY5,ADM,GNA13,IRAG1,MAP2K2,MYH14,MYL6B,NPR2,PPP1R12B,PRKACB,PRKCH	hsa04270
Gap junction	1	ADCY5,CSNK1D,DRD1,MAP2K2,PRKACB,TUBB3	hsa04540
Platelet activation	1	ADCY5,FYN,GNA13,ITGB1,MAPK12,MAPK13,P2RY1,PIK3CA,PRKACB,RASGRP1	hsa04611
Antigen processing and presentation	1	B2M,CTSB,HLA-DRB1,HLA-DRB5	hsa04612
Renin-angiotensin system	1	LNPEP	hsa04614
Toll-like receptor signaling pathway	1	CD86,CTSK,MAP2K2,MAP3K8,MAPK12,MAPK13,PIK3CA,TLR2	hsa04620
NOD-like receptor signaling pathway	1	ANTXR2,BIRC3,CTSB,JAK1,MAPK12,MAPK13,PKN1,PKN2,TNFAIP3,TRIP6,TYK2	hsa04621
RIG-I-like receptor signaling pathway	1	AZI2,CYLD,MAPK12,MAPK13	hsa04622
Cytosolic DNA-sensing pathway	1	POLR2H	hsa04623
C-type lectin receptor signaling pathway	1	CYLD,IRF1,KSR1,MAPK12,MAPK13,MRAS,PIK3CA,RELB	hsa04625
JAK-STAT signaling pathway	1	GFAP,IFNGR1,IL13RA1,JAK1,LIF,MYC,PIAS3,PIK3CA,SOCS3,STAT4,STAT5B,TYK2	hsa04630
Hematopoietic cell lineage	1	CD22,CD55,CD59,CSF1,HLA-DRB1,HLA-DRB5,ITGA3,ITGAM	hsa04640
Natural killer cell mediated cytotoxicity	1	FYN,ICAM1,IFNGR1,MAP2K2,PIK3CA,RAC3,TNFRSF10B,ULBP3	hsa04650
IL-17 signaling pathway	1	MAPK12,MAPK13,MMP9,TNFAIP3	hsa04657
T cell receptor signaling pathway	1	FYN,MAP2K2,MAP3K8,MAPK12,MAPK13,PIK3CA,RASGRP1	hsa04660
B cell receptor signaling pathway	1	CD22,INPPL1,MAP2K2,PIK3CA,RAC3,RASGRP3	hsa04662
Fc epsilon RI signaling pathway	1	FYN,MAP2K2,MAPK12,MAPK13,PIK3CA,RAC3	hsa04664
Intestinal immune network for IgA production	1	CD86,HLA-DRB1,HLA-DRB5,ITGB7,LTBR	hsa04672
Circadian rhythm	1	CSNK1D,PRKAA2,PRKAB2	hsa04710
Circadian entrainment	1	ADCY5,CACNA1I,GNG10,PRKACB,RASD1	hsa04713
Thermogenesis	1	ADCY5,CREB3L2,DPF3,KDM3A,MAPK12,MAPK13,PRKAA2,PRKAB2,PRKACB,RPS6KA6,SIRT6,SLC25A20	hsa04714
Long-term potentiation	1	MAP2K2,PRKACB,RPS6KA6	hsa04720
Synaptic vesicle cycle	1	ATP6V1A,DNM1,DNM2,DNM3,SLC6A9,STX1A,TCIRG1	hsa04721
Neurotrophin signaling pathway	1	IRAK2,MAP2K2,MAP3K3,MAPK12,MAPK13,PIK3CA,RPS6KA6	hsa04722
Retrograde endocannabinoid signaling	1	ADCY5,GABRP,GNG10,MAPK12,MAPK13,PRKACB	hsa04723
Glutamatergic synapse	1	ADCY5,GNG10,PRKACB,TRPC1	hsa04724
Cholinergic synapse	1	ADCY5,CREB3L2,FYN,GNG10,PIK3CA,PRKACB	hsa04725
Serotonergic synapse	1	ADCY5,APP,CYP2C8,GNG10,HTR1F,HTR7,PRKACB,TRPC1	hsa04726
GABAergic synapse	1	ADCY5,GABBR2,GABRP,GNG10,PRKACB	hsa04727
Dopaminergic synapse	1	ADCY5,ARRB1,CREB3L2,DRD1,GNG10,MAPK12,MAPK13,PPP2R2B,PPP2R3A,PRKACB,TH	hsa04728
Long-term depression	1	GNA13,MAP2K2	hsa04730
Olfactory transduction	1	ARRB1,PRKACB,RGS2	hsa04740
Taste transduction	1	GABBR2,HTR1F,P2RY1,PRKACB,SCNN1A,SCNN1B,SCNN1G	hsa04742
Phototransduction	1	RGS9	hsa04744
Inflammatory mediator regulation of TRP channels	1	ADCY5,ASIC1,BDKRB2,MAPK12,MAPK13,PIK3CA,PRKACB,PRKCH	hsa04750
Insulin signaling pathway	1	EXOC7,FOXO1,INPP5A,INPPL1,MAP2K2,PIK3CA,PRKAA2,PRKAB2,PRKACB,PRKAR1A,SOCS3,TRIP10	hsa04910
Insulin secretion	1	ADCY5,CREB3L2,PRKACB,STX1A	hsa04911
GnRH signaling pathway	1	ADCY5,MAP2K2,MAP3K3,MAPK12,MAPK13,PRKACB	hsa04912
Ovarian steroidogenesis	1	ADCY5,CYP1A1,PRKACB	hsa04913
Progesterone-mediated oocyte maturation	1	ADCY5,MAPK12,MAPK13,PIK3CA,PRKACB,RPS6KA6	hsa04914
Estrogen signaling pathway	1	ADCY5,CREB3L2,GABBR2,MAP2K2,MMP9,PIK3CA,PRKACB	hsa04915
Melanogenesis	1	ADCY5,CREB3L2,FZD2,FZD5,MAP2K2,MITF,PRKACB,TCF7L1,WNT10B	hsa04916
Thyroid hormone synthesis	1	ADCY5,CREB3L2,PRKACB	hsa04918
Adipocytokine signaling pathway	1	PPARA,PRKAA2,PRKAB2,SOCS3	hsa04920
Oxytocin signaling pathway	1	ADCY5,CACNB1,CAMK1D,EEF2,MAP2K2,MYL6B,NPR2,PPP1R12B,PRKAA2,PRKAB2,PRKACB,RGS2	hsa04921
Glucagon signaling pathway	1	CREB3L2,FOXO1,PPARA,PRKAA2,PRKAB2,PRKACB,SIK1B,SIK2	hsa04922
Regulation of lipolysis in adipocytes	1	ADCY5,ADORA1,PIK3CA,PRKACB	hsa04923
Renin secretion	1	ADCY5,ADORA1,CTSB,PRKACB	hsa04924
Aldosterone synthesis and secretion	1	ADCY5,ATP2B1,CACNA1I,CAMK1D,CREB3L2,PRKACB,PRKD1	hsa04925
Cortisol synthesis and secretion	1	ADCY5,CACNA1I,CREB3L2,KCNK2,PRKACB	hsa04927
GnRH secretion	1	ARRB1,CACNA1I,GABBR2,MAP2K2,PIK3CA,TRPC1	hsa04929
Type II diabetes mellitus	1	PIK3CA,SOCS3	hsa04930
Non-alcoholic fatty liver disease	1	BCL2L11,DDIT3,MLXIP,MLXIPL,PIK3CA,PPARA,PRKAA2,PRKAB2,SOCS3	hsa04932
Growth hormone synthesis, secretion and action	1	ADCY5,CREB3L2,IGFBP3,JUNB,MAP2K2,MAPK12,MAPK13,PIK3CA,PRKACB,SOCS3,STAT5B	hsa04935
Type I diabetes mellitus	1	CD86,HLA-DRB1,HLA-DRB5	hsa04940
Maturity onset diabetes of the young	1	HES1	hsa04950
Aldosterone-regulated sodium reabsorption	1	PIK3CA,SCNN1A,SCNN1B,SCNN1G	hsa04960
Vasopressin-regulated water reabsorption	1	AQP3,CREB3L2,PRKACB	hsa04962
Proximal tubule bicarbonate reclamation	1	CA4	hsa04964
Collecting duct acid secretion	1	ATP6V1A,TCIRG1	hsa04966
Salivary secretion	1	ADCY5,ATP2B1,PRKACB	hsa04970
Gastric acid secretion	1	ADCY5,KCNK2,PRKACB	hsa04971
Pancreatic secretion	1	ADCY5,ATP2B1,TPCN2,TRPC1	hsa04972
Carbohydrate digestion and absorption	1	PIK3CA	hsa04973
Protein digestion and absorption	1	COL4A3,COL4A4,COL4A5,COL5A1,COL6A6	hsa04974
Fat digestion and absorption	1	ABCA1,PLPP1,PLPP2	hsa04975
Bile secretion	1	ABCC4,ADCY5,PRKACB,UGT1A6	hsa04976
Vitamin digestion and absorption	1	ABCC1,SLC46A1	hsa04977
Mineral absorption	1	ATP2B1,FTH1,SLC46A1	hsa04978
Cholesterol metabolism	1	ABCA1,LIPA,LRP1	hsa04979
Alzheimer disease	1	ADAM10,APP,BACE1,CASP9,CSF1,DDIT3,FZD2,FZD5,LRP1,MAP2K2,PIK3CA,TUBB3,ULK1,WNT10B	hsa05010
Parkinson disease	1	ADCY5,CASP9,DDIT3,DRD1,GPR37,PINK1,PRKACB,TH,TUBB3,UBA52	hsa05012
Amyotrophic lateral sclerosis	1	CASP9,DDIT3,DNAH10,DNAH11,DNAH17,DNAH5,DNAH7,MAPK12,MAPK13,OPTN,PINK1,TUBB3,ULK1	hsa05014
Huntington disease	1	CASP9,CREB3L2,DNAH10,DNAH11,DNAH17,DNAH5,DNAH7,IFT57,POLR2H,STX1A,TGM2,TUBB3,ULK1	hsa05016
Spinocerebellar ataxia	1	ATXN1L,BEAN1,PIK3CA,SPTBN2,ULK1	hsa05017
Prion disease	1	CASP9,CAV2,CREB3L2,DDIT3,FYN,LAMC1,MAPK12,MAPK13,PIK3CA,PRKACB,TUBB3	hsa05020
Pathways of neurodegeneration - multiple diseases	1	APP,ATXN1L,CASP9,CSF1,DDIT3,DNAH10,DNAH11,DNAH17,DNAH5,DNAH7,FZD2,FZD5,GPR37,IFT57,MAP2K2,MAPK12,MAPK13,OPTN,PINK1,SPTBN2,STX1A,TUBB3,UBA52,ULK1,WNT10B	hsa05022
Amphetamine addiction	1	ADCY5,CREB3L2,DRD1,PRKACB,STX1A,TH	hsa05031
Nicotine addiction	1	GABRP	hsa05033
Alcoholism	1	ADCY5,CAMKK1,CREB3L2,DRD1,GNG10,HDAC7,HDAC9,PRKACB,TH	hsa05034
Vibrio cholerae infection	1	ATP6V1A,PRKACB,TCIRG1,TJP2	hsa05110
Epithelial cell signaling in Helicobacter pylori infection	1	ADAM10,ATP6V1A,MAPK12,MAPK13,TCIRG1	hsa05120
Shigellosis	1	C3,CAST,CYTH3,FNBP1L,FOXO1,ITGB1,MAPK12,MAPK13,PIK3CA,PXN,UBA52,UBE2D1,UBE2V1	hsa05131
Pertussis	1	C3,CFL2,IRF1,ITGAM,ITGB1,MAPK12,MAPK13	hsa05133
Legionellosis	1	C3,CASP9,EEF1A1,ITGAM,TLR2	hsa05134
Yersinia infection	1	FYB1,ITGB1,MAP2K2,MAPK12,MAPK13,PIK3CA,PKN1,PKN2,PXN,RAC3,RPS6KA6,SKAP2	hsa05135
African trypanosomiasis	1	ICAM1	hsa05143
Malaria	1	ICAM1,LRP1,SDC1,TGFB2,TLR2	hsa05144
Staphylococcus aureus infection	1	C3,DEFB1,HLA-DRB1,HLA-DRB5,ICAM1,ITGAM	hsa05150
Tuberculosis	1	C3,CASP9,HLA-DRB1,HLA-DRB5,IFNGR1,IRAK2,ITGAM,JAK1,KSR1,MAPK12,MAPK13,TCIRG1,TGFB2,TLR2	hsa05152
Hepatitis C	1	CASP9,CLDN14,CLDN15,JAK1,MAP2K2,MX1,MYC,PIK3CA,PPARA,PPP2R2B,SOCS3,TYK2	hsa05160
Measles	1	CASP9,JAK1,MX1,PIK3CA,STAT5B,TLR2,TNFAIP3,TYK2	hsa05162
Human cytomegalovirus infection	1	ADCY5,AKAP13,B2M,CASP9,CDKN2A,CREB3L2,GNA13,GNG10,ITGAV,JAK1,MAP2K2,MAPK12,MAPK13,MYC,PIK3CA,PRKACB,PXN,RAC3	hsa05163
Kaposi sarcoma-associated herpesvirus infection	1	C3,CASP9,CD86,GNG10,HIF1A,ICAM1,IFNGR1,JAK1,MAP2K2,MAPK12,MAPK13,MYC,PIK3CA,TCF7L1,TYK2,UBA52	hsa05167
Herpes simplex virus 1 infection	1	B2M,BIRC3,C3,CASP9,HCFC2,HLA-DRB1,HLA-DRB5,IFNGR1,JAK1,PIK3CA,PML,POU2F2,SOCS3,TLR2,TYK2,ZFP90,ZFP92,ZNF133,ZNF211,ZNF221,ZNF225,ZNF229,ZNF284,ZNF286A,ZNF304,ZNF337,ZNF343,ZNF347,ZNF416,ZNF486,ZNF506,ZNF543,ZNF549,ZNF551,ZNF583,ZNF699,ZNF772,ZNF8,ZNF853	hsa05168
Human immunodeficiency virus 1 infection	1	B2M,CASP9,CFL2,GNG10,MAP2K2,MAPK12,MAPK13,PIK3CA,PXN,RAC3,TLR2,TRIM5	hsa05170
Viral carcinogenesis	1	C3,CDKN2A,CREB3L2,HDAC7,HDAC9,JAK1,KAT2B,LTBR,PIK3CA,PRKACB,PXN,RASA2,REL,STAT5B	hsa05203
Chemical carcinogenesis	1	ARNT,CYP1A1,CYP2C8,UGT1A6	hsa05204
MicroRNAs in cancer	1	ABCC1,BCL2L11,CDKN2A,DDIT4,DNMT3A,EFNA5,ERBB2,FSCN1,MAP2K2,MDM4,MMP9,MYC,NOTCH3,PIK3CA,RDX,RECK,TGFB2,TP63	hsa05206
Glioma	1	CAMK1D,CDKN2A,GADD45A,MAP2K2,PIK3CA	hsa05214
Thyroid cancer	1	GADD45A,MAP2K2,MYC,TCF7L1	hsa05216
Basal cell carcinoma	1	FZD2,FZD5,GADD45A,KIF7,TCF7L1,WNT10B	hsa05217
Melanoma	1	CDKN2A,GADD45A,MAP2K2,MITF,PIK3CA	hsa05218
Non-small cell lung cancer	1	CASP9,CDKN2A,ERBB2,GADD45A,MAP2K2,PIK3CA,STAT5B	hsa05223
Gastric cancer	1	ERBB2,FZD2,FZD5,GADD45A,MAP2K2,MYC,PIK3CA,SMAD3,SMAD4,TCF7L1,TGFB2,TGFBR2,WNT10B	hsa05226
Choline metabolism in cancer	1	HIF1A,MAP2K2,PIK3CA,PLPP1,PLPP2,RAC3,SLC44A1,SLC44A2	hsa05231
Asthma	1	HLA-DRB1,HLA-DRB5	hsa05310
Autoimmune thyroid disease	1	CD86,HLA-DRB1,HLA-DRB5	hsa05320
Systemic lupus erythematosus	1	C3,CD86,HLA-DRB1,HLA-DRB5	hsa05322
Allograft rejection	1	CD86,HLA-DRB1,HLA-DRB5	hsa05330
Graft-versus-host disease	1	CD86,HLA-DRB1,HLA-DRB5	hsa05332
Arrhythmogenic right ventricular cardiomyopathy	1	CACNB1,ITGA3,ITGAV,ITGB1,ITGB7,TCF7L1	hsa05412
Dilated cardiomyopathy	1	ADCY5,CACNB1,ITGA3,ITGAV,ITGB1,ITGB7,PRKACB,TGFB2,TPM2	hsa05414