Thyroid hormone signaling pathway	0.001946805488073147	ATP1B3,CTNNB1,DIO2,GATA4,KAT2A,MAP2K1,MED12L,MED13L,NCOA3,PFKP,PLCD4,PRKACA,PRKACG,PRKCA,RAF1,SLC16A10,SLC9A1,THRB	hsa04919
Glycolysis / Gluconeogenesis	0.01770290590715426	ALDH3B1,DLD,ENO2,GALM,GAPDH,HK2,LDHA,PFKP,PGAM1,PGM1,TPI1	hsa00010
Gap junction	0.02095060183558127	ADCY7,EGFR,GJA1,GNAS,GRB2,ITPR1,MAP2K1,PRKACA,PRKACG,PRKCA,RAF1,TUBB2A,TUBB2B	hsa04540
HIF-1 signaling pathway	0.029282787619432392	CAMK2G,EGFR,ENO2,GAPDH,HK2,LDHA,MAP2K1,PDK1,PFKP,PRKCA,RPS6KB1,RPS6KB2,VEGFA	hsa04066
Thyroid hormone synthesis	0.029447262586206308	ADCY7,ATP1B3,CGA,GNAS,GPX3,GPX8,ITPR1,PRKACA,PRKACG,PRKCA,SLC5A5	hsa04918
Insulin signaling pathway	0.030485618928545774	ACACB,CRKL,GRB2,GYS1,HK2,MAP2K1,PHKA1,PHKB,PRKACA,PRKACG,PRKAR1B,PYGL,RAF1,RPS6KB1,RPS6KB2,SH2B2	hsa04910
Human cytomegalovirus infection	0.031094319986332473	ADCY7,CGAS,CRKL,CTNNB1,EGFR,FAS,GNAO1,GNAS,GNG4,GRB2,ITPR1,MAP2K1,NFATC3,PRKACA,PRKACG,PRKCA,RAF1,RPS6KB1,RPS6KB2,TNFRSF1A,VEGFA	hsa05163
Other types of O-glycan biosynthesis	0.03273997696385922	B4GALT2,C1GALT1,COLGALT1,GALNT6,GXYLT2,MFNG,PLOD3,XXYLT1	hsa00514
Glucagon signaling pathway	0.03276904999673777	ACACB,CAMK2G,GNAS,GYS1,ITPR1,LDHA,PFKP,PGAM1,PHKA1,PHKB,PRKACA,PRKACG,PYGL	hsa04922
Endocrine resistance	0.03315386351871492	ADCY7,CARM1,EGFR,GNAS,GRB2,MAP2K1,NCOA3,PRKACA,PRKACG,RAF1,RPS6KB1,RPS6KB2	hsa01522
Proteasome	0.0353002980975762	ADRM1,PSMA7,PSMB4,PSMC4,PSMC5,PSMD12,PSMD2,SEM1	hsa03050
GnRH signaling pathway	0.03853721855300863	ADCY7,CAMK2G,CGA,EGFR,GNAS,GRB2,ITPR1,MAP2K1,PRKACA,PRKACG,PRKCA,RAF1	hsa04912
Parathyroid hormone synthesis, secretion and action	0.044945872361301584	ADCY7,CYP24A1,EGFR,GNAS,ITPR1,LRP5,MAP2K1,MMP13,PDE4D,PRKACA,PRKACG,PRKCA,RAF1	hsa04928
Proteoglycans in cancer	0.045515295725012554	ANK1,CAMK2G,CTNNB1,EGFR,FAS,FN1,GPC1,GRB2,ITGB5,ITPR1,MAP2K1,PRKACA,PRKACG,PRKCA,RAF1,RPS6KB1,RPS6KB2,SLC9A1,VEGFA	hsa05205
Galactose metabolism	0.04775452898204827	B4GALT2,GALK1,GALM,HK2,PFKP,PGM1	hsa00052
Hepatocellular carcinoma	0.06780247661123674	BRD7,CTNNB1,DDB2,EGFR,GRB2,LRP5,MAP2K1,MGST1,NQO1,PRKCA,RAF1,RPS6KB1,RPS6KB2,SMARCA4,TCF7,TERT	hsa05225
Calcium signaling pathway	0.07099944653946678	ADCY7,ADORA2B,ASPH,ATP2B4,BDKRB1,CAMK1,CAMK2G,EGFR,GNAS,ITPR1,MCU,P2RX5,PHKA1,PHKB,PLCD4,PRKACA,PRKACG,PRKCA	hsa04020
Aldosterone synthesis and secretion	0.07527161568896347	ADCY7,ATP1B3,ATP2B4,CAMK1,CAMK2G,GNAS,ITPR1,PRKACA,PRKACG,PRKCA,SCARB1	hsa04925
Relaxin signaling pathway	0.07963610133362713	ADCY7,EGFR,GNAO1,GNAS,GNG4,GRB2,MAP2K1,MMP13,PRKACA,PRKACG,PRKCA,RAF1,VEGFA	hsa04926
Melanogenesis	0.08131859111977711	ADCY7,CAMK2G,CTNNB1,GNAO1,GNAS,MAP2K1,PRKACA,PRKACG,PRKCA,RAF1,TCF7	hsa04916
Colorectal cancer	0.08245190651605785	CTNNB1,DDB2,EGFR,GRB2,MAP2K1,RAF1,RALB,RPS6KB1,RPS6KB2,TCF7	hsa05210
Lysine degradation	0.08370568713572421	ACAT2,COLGALT1,DLD,GCDH,HYKK,NSD2,PLOD2,PLOD3	hsa00310
Longevity regulating pathway - multiple species	0.08583885361970203	ADCY7,CAT,HSPA6,PRKACA,PRKACG,RPS6KB1,RPS6KB2,SOD2	hsa04213
Bile secretion	0.08658096055132869	ABCC3,ABCG2,ADCY7,ATP1B3,GNAS,PRKACA,PRKACG,SCARB1,SLC27A5,SLC9A1	hsa04976
Rap1 signaling pathway	0.08685311129599416	ADCY7,ADORA2B,ARAP3,CRKL,CTNNB1,EGFR,ENAH,EPHA2,GNAO1,GNAS,ITGA2B,ITGB2,MAP2K1,PFN2,PRKCA,RAF1,RALB,VEGFA	hsa04015
Gastric acid secretion	0.08853180873628062	ADCY7,ATP1B3,CAMK2G,GNAS,ITPR1,PRKACA,PRKACG,PRKCA,SLC9A1	hsa04971
Endocrine and other factor-regulated calcium reabsorption	0.09969555969248399	AP2M1,ATP1B3,ATP2B4,GNAS,PRKACA,PRKACG,PRKCA	hsa04961
Salivary secretion	0.10071054380638411	ADCY7,ATP1B3,ATP2B4,GNAS,ITPR1,KCNN4,PRKACA,PRKACG,PRKCA,SLC9A1	hsa04970
Long-term potentiation	0.1014378453093548	CAMK2G,ITPR1,MAP2K1,PRKACA,PRKACG,PRKCA,RAF1,RPS6KA3	hsa04720
Acute myeloid leukemia	0.1014378453093548	CD14,GRB2,MAP2K1,PIM1,RAF1,RPS6KB1,RPS6KB2,TCF7	hsa05221
Protein processing in endoplasmic reticulum	0.10163625426237165	AMFR,BAG2,DDOST,EDEM1,ERO1A,HSPA6,HYOU1,LMAN1,NGLY1,P4HB,SEC13,SEC23A,SEC61G,SSR3,STT3B	hsa04141
Oxytocin signaling pathway	0.10238264701404798	ADCY7,CAMK1,CAMK2G,EGFR,GNAO1,GNAS,ITPR1,MAP2K1,MYL6,NFATC3,PRKACA,PRKACG,PRKCA,RAF1	hsa04921
Central carbon metabolism in cancer	0.11936626072948722	EGFR,HK2,LDHA,MAP2K1,PDK1,PFKP,PGAM1,RAF1	hsa05230
ErbB signaling pathway	0.12045765959738783	CAMK2G,CRKL,EGFR,GRB2,MAP2K1,PRKCA,RAF1,RPS6KB1,RPS6KB2	hsa04012
Pathways in cancer	0.12096712965058569	ADCY7,BDKRB1,CAMK2G,CRKL,CTNNB1,DDB2,EGFR,FAS,FN1,GNAS,GNG4,GRB2,IL15RA,ITGA2B,LAMA5,LAMB3,LRP5,MAP2K1,MGST1,NCOA3,NQO1,PIM1,PPARG,PRKACA,PRKACG,PRKCA,RAF1,RALB,RPS6KB1,RPS6KB2,TCF7,TERT,TRAF3,TRAF4,VEGFA	hsa05200
Purine metabolism	0.12299347343540715	ADA,ADCY7,AK4,HPRT1,NME1,NME2,NME4,NUDT5,PAICS,PDE4D,PGM1,PRUNE1	hsa00230
Carbon metabolism	0.12562151887054446	ACAT2,ACOX3,CAT,DLD,ENO2,GAPDH,HK2,ME2,PFKP,PGAM1,TPI1	hsa01200
Endometrial cancer	0.12623460217038188	CTNNB1,DDB2,EGFR,GRB2,MAP2K1,RAF1,TCF7	hsa05213
Parkinson disease	0.12632598258989702	ADRM1,CAMK2G,GNAS,ITPR1,KIF5B,MCU,MFN1,NDUFS8,PRKACA,PRKACG,PSMA7,PSMB4,PSMC4,PSMC5,PSMD12,PSMD2,SEM1,TUBB2A,TUBB2B	hsa05012
Salmonella infection	0.12632598258989702	ACTR3,CD14,CTNNB1,DYNC1LI2,DYNLL2,FHOD1,GAPDH,KIF5B,KPNA4,MAP2K1,MLKL,PFN2,PIK3C2B,RAF1,TCF7,TNFRSF10A,TNFRSF1A,TUBB2A,TUBB2B	hsa05132
Propanoate metabolism	0.12767732179175412	ACACB,ACAT2,ACOX3,DLD,LDHA	hsa00640
Amoebiasis	0.12949873126894337	ARG2,CD14,FN1,GNAS,ITGB2,LAMA5,LAMB3,PRKACA,PRKACG,PRKCA	hsa05146
Axon guidance	0.13087765597312156	CAMK2G,ENAH,EPHA2,LRRC4,NFATC3,NGEF,NTNG1,PDK1,PRKCA,RAF1,RGMA,SEMA5B,SEMA7A,SRGAP2,SSH2	hsa04360
Arrhythmogenic right ventricular cardiomyopathy	0.13587301464579896	CTNNB1,DSC2,GJA1,ITGA2B,ITGB5,ITGB6,PKP2,TCF7	hsa05412
Glioma	0.13624440652735562	CAMK1,CAMK2G,DDB2,EGFR,GRB2,MAP2K1,PRKCA,RAF1	hsa05214
Metabolic pathways	0.1370967114896703	ACACB,ACAT2,ACER3,ACOX3,ADA,ADCY7,AGMAT,AGPAT3,AK4,ALDH3B1,AMD1,ARG2,ARSB,ATP5MG,B3GALNT2,B3GNT3,B4GALNT1,B4GALT2,B4GALT4,C1GALT1,CAT,CERS1,CHAC1,CHKA,COASY,COLGALT1,COX11,CTH,CYP24A1,DDOST,DHODH,DLD,DNMT1,ENO2,FECH,GALK1,GALM,GALNT6,GAPDH,GCDH,GK,GPX3,GPX8,GYS1,HACD1,HK2,HPRT1,HYKK,LCLAT1,LDHA,LPCAT2,MGST1,NANP,NDUFS8,NME1,NME2,NME4,NQO1,NSD2,NUDT5,P4HA1,PAICS,PDE4D,PFKP,PGAM1,PGM1,PIK3C2B,PLCD4,PLCH1,PLOD2,PLOD3,PNPO,PRUNE1,PYGL,SEPHS1,SLC27A5,SMOX,SMPD3,STT3B,TPI1,TRIT1,UPP1	hsa01100
Cushing syndrome	0.13778888860464064	ADCY7,CAMK2G,CTNNB1,EGFR,GNAS,ITPR1,MAP2K1,PBX1,PRKACA,PRKACG,RBBP5,SCARB1,TCF7	hsa04934
Amyotrophic lateral sclerosis	0.13938948265352322	ADRM1,ANG,ANXA11,CAT,CHMP2B,GPX3,GPX8,KIF5B,MCU,NDC1,NDUFS8,NUP160,NUP210,PFN2,PSMA7,PSMB4,PSMC4,PSMC5,PSMD12,PSMD2,SEC13,SEM1,TNFRSF1A,TUBB2A,TUBB2B	hsa05014
Pancreatic cancer	0.14021841053392328	DDB2,EGFR,MAP2K1,RAF1,RALB,RPS6KB1,RPS6KB2,VEGFA	hsa05212
Estrogen signaling pathway	0.14126627181164073	ADCY7,EGFR,GNAO1,GNAS,GRB2,HSPA6,ITPR1,MAP2K1,NCOA3,PRKACA,PRKACG,RAF1	hsa04915
Thyroid cancer	0.14297431727566556	CTNNB1,DDB2,MAP2K1,PPARG,TCF7	hsa05216
Human papillomavirus infection	0.14301545173785246	CTNNB1,EGFR,FAS,FN1,GNAS,GRB2,ITGA2B,ITGB5,ITGB6,LAMA5,LAMB3,MAP2K1,MFNG,PRKACA,PRKACG,RAF1,RPS6KB1,RPS6KB2,TCF7,TERT,TNFRSF1A,TRAF3,VEGFA	hsa05165
Prion disease	0.14325311475946723	ADRM1,CSNK2A2,CYBA,HSPA6,ITPR1,KIF5B,MCU,NDUFS8,PRKACA,PRKACG,PRNP,PSMA7,PSMB4,PSMC4,PSMC5,PSMD12,PSMD2,SEM1,TUBB2A,TUBB2B	hsa05020
Vibrio cholerae infection	0.14404746155372766	ERO1A,GNAS,PRKACA,PRKACG,PRKCA,SEC61G	hsa05110
EGFR tyrosine kinase inhibitor resistance	0.14479057533533354	EGFR,GRB2,MAP2K1,PRKCA,RAF1,RPS6KB1,RPS6KB2,VEGFA	hsa01521
Ovarian steroidogenesis	0.14631880349897156	ADCY7,CGA,GNAS,PRKACA,PRKACG,SCARB1	hsa04913
Spinocerebellar ataxia	0.14680103319477938	ADRM1,ITPR1,MCU,PRKCA,PSMA7,PSMB4,PSMC4,PSMC5,PSMD12,PSMD2,SEM1,TWNK	hsa05017
Cortisol synthesis and secretion	0.148522230101119	ADCY7,GNAS,ITPR1,PBX1,PRKACA,PRKACG,SCARB1	hsa04927
Circadian entrainment	0.1582262833103608	ADCY7,CAMK2G,GNAO1,GNAS,GNG4,ITPR1,PRKACA,PRKACG,PRKCA	hsa04713
Pyruvate metabolism	0.16088414763590678	ACACB,ACAT2,DLD,LDHA,ME2	hsa00620
Inflammatory mediator regulation of TRP channels	0.16493944084678405	ADCY7,BDKRB1,CAMK2G,GNAS,ITPR1,P2RY2,PRKACA,PRKACG,PRKCA	hsa04750
Choline metabolism in cancer	0.16493944084678405	CHKA,EGFR,GRB2,MAP2K1,PRKCA,RAF1,RPS6KB1,RPS6KB2,WASF1	hsa05231
Regulation of actin cytoskeleton	0.1788212835234745	ACTR3,BDKRB1,CRKL,EGFR,ENAH,FN1,ITGA2B,ITGB2,ITGB5,ITGB6,MAP2K1,PFN2,RAF1,SLC9A1,SSH2,WASF1	hsa04810
Insulin secretion	0.19420177151490595	ADCY7,ATP1B3,CAMK2G,GNAS,KCNN4,PRKACA,PRKACG,PRKCA	hsa04911
Growth hormone synthesis, secretion and action	0.20118295656960197	ADCY7,CRKL,GNAS,GRB2,ITPR1,MAP2K1,PRKACA,PRKACG,PRKCA,RAF1	hsa04935
Non-small cell lung cancer	0.20540954022608404	DDB2,EGFR,GRB2,KIF5B,MAP2K1,PRKCA,RAF1	hsa05223
p53 signaling pathway	0.21564539483894868	AIFM2,DDB2,FAS,SERPINB5,STEAP3,TNFRSF10A,TP53I3	hsa04115
Vasopressin-regulated water reabsorption	0.2170858282433853	DYNC1LI2,DYNLL2,GNAS,PRKACA,PRKACG	hsa04962
Longevity regulating pathway	0.21728402271376943	ADCY7,CAT,PPARG,PRKACA,PRKACG,RPS6KB1,RPS6KB2,SOD2	hsa04211
Insulin resistance	0.230859192624987	ACACB,GYS1,PPARGC1B,PYGL,RPS6KA3,RPS6KB1,RPS6KB2,SLC27A5,TNFRSF1A	hsa04931
Pathways of neurodegeneration - multiple diseases	0.23104391998964918	ADRM1,CAMK2G,CAT,CHMP2B,CSNK2A2,CTNNB1,FAS,GPX3,GPX8,ITPR1,KIF5B,LRP5,MAP2K1,MCU,MFN1,NDUFS8,PRKCA,PRNP,PSMA7,PSMB4,PSMC4,PSMC5,PSMD12,PSMD2,RAF1,SEM1,TNFRSF1A,TUBB2A,TUBB2B	hsa05022
Long-term depression	0.2317307218004166	GNAO1,GNAS,ITPR1,MAP2K1,PRKCA,RAF1	hsa04730
Morphine addiction	0.232280445161525	ADCY7,GNAO1,GNAS,GNG4,PDE4D,PRKACA,PRKACG,PRKCA	hsa05032
Biosynthesis of amino acids	0.23346174298499178	ARG2,CTH,ENO2,GAPDH,PFKP,PGAM1,TPI1	hsa01230
Huntington disease	0.24182441687565545	ADRM1,AP2M1,GPX3,GPX8,ITPR1,KIF5B,NDUFS8,POLR2C,PPARG,PSMA7,PSMB4,PSMC4,PSMC5,PSMD12,PSMD2,SEM1,SOD2,TAF4,TUBB2A,TUBB2B	hsa05016
Fructose and mannose metabolism	0.2532697475826301	HK2,PFKFB4,PFKP,TPI1	hsa00051
MAPK signaling pathway	0.26270377397043027	CD14,CRKL,EGFR,EPHA2,FAS,GRB2,HSPA6,MAP2K1,MAP3K11,MAP3K14,MAPKAPK2,NFATC3,PRKACA,PRKACG,PRKCA,RAF1,RPS6KA3,TNFRSF1A,VEGFA	hsa04010
GnRH secretion	0.26355049274395986	CGA,ITPR1,KCNN4,MAP2K1,PRKCA,RAF1	hsa04929
Glutamatergic synapse	0.26533281377967965	ADCY7,GNAO1,GNAS,GNG4,HOMER3,ITPR1,PRKACA,PRKACG,PRKCA	hsa04724
Gastric cancer	0.26572998078811855	CTNNB1,DDB2,EGFR,GRB2,LRP5,MAP2K1,RAF1,RPS6KB1,RPS6KB2,TCF7,TERT	hsa05226
Cholinergic synapse	0.26633846026988517	ADCY7,CAMK2G,GNAO1,GNG4,ITPR1,MAP2K1,PRKACA,PRKACG,PRKCA	hsa04725
Fc gamma R-mediated phagocytosis	0.2666390800138068	ACTR3,CRKL,MAP2K1,PRKCA,RAF1,RPS6KB1,RPS6KB2,WASF1	hsa04666
Focal adhesion	0.2692716178174688	CRKL,CTNNB1,EGFR,FN1,GRB2,ITGA2B,ITGB5,ITGB6,LAMA5,LAMB3,MAP2K1,PRKCA,RAF1,VEGFA	hsa04510
Dilated cardiomyopathy	0.27004337441892173	ADCY7,GNAS,ITGA2B,ITGB5,ITGB6,PRKACA,PRKACG,TPM4	hsa05414
Serotonergic synapse	0.2708136210252642	GNAO1,GNAS,GNG4,ITPR1,MAP2K1,PRKACA,PRKACG,PRKCA,RAF1	hsa04726
Alzheimer disease	0.2716983530492368	ADRM1,CSNK2A2,CTNNB1,FAS,GAPDH,ITPR1,KIF5B,LRP5,MAP2K1,MCU,NAE1,NDUFS8,PSMA7,PSMB4,PSMC4,PSMC5,PSMD12,PSMD2,RAF1,SEM1,TNFRSF1A,TUBB2A,TUBB2B	hsa05010
Breast cancer	0.2748060311527096	CTNNB1,DDB2,EGFR,GRB2,LRP5,MAP2K1,NCOA3,RAF1,RPS6KB1,RPS6KB2,TCF7	hsa05224
Vascular smooth muscle contraction	0.2757127477515433	ADCY7,ADORA2B,GNAS,ITPR1,MAP2K1,MYL6,PRKACA,PRKACG,PRKCA,RAF1	hsa04270
Arginine and proline metabolism	0.28103860328903724	AGMAT,AMD1,ARG2,P4HA1,SMOX	hsa00330
Starch and sucrose metabolism	0.2810862123381595	GYS1,HK2,PGM1,PYGL	hsa00500
Progesterone-mediated oocyte maturation	0.28334723223086966	ADCY7,CDC27,MAP2K1,PRKACA,PRKACG,RAF1,RPS6KA3,STK10	hsa04914
Apoptosis	0.29316980090723943	CASP10,CTSC,FAS,ITPR1,LMNB2,MAP2K1,MAP3K14,RAF1,TNFRSF10A,TNFRSF1A	hsa04210
Protein export	0.29378298700329614	OXA1L,SEC61G,SPCS2	hsa03060
mTOR signaling pathway	0.29942203367788234	GRB2,LRP5,MAP2K1,PRKCA,RAF1,RNF152,RPS6KA3,RPS6KB1,RPS6KB2,SEC13,TNFRSF1A	hsa04150
Notch signaling pathway	0.30002794003281963	DTX4,KAT2A,MFNG,NUMB,NUMBL	hsa04330
Apelin signaling pathway	0.30121490050216226	ADCY7,GNG4,ITPR1,MAP2K1,PRKACA,PRKACG,RAF1,RPS6KB1,RPS6KB2,SLC9A1	hsa04371
NF-kappa B signaling pathway	0.31705575618411813	CARD10,CD14,CSNK2A2,MALT1,MAP3K14,PIAS4,TNFRSF1A,TRAF3	hsa04064
Adherens junction	0.32732946451448486	CSNK2A2,CTNNB1,EGFR,PTPRM,TCF7,WASF1	hsa04520
cAMP signaling pathway	0.33946876880387133	ACOX3,ADCY7,ARAP3,ATP1B3,ATP2B4,CAMK2G,CGA,GNAS,MAP2K1,PDE4D,PRKACA,PRKACG,RAF1,SLC9A1	hsa04024
PD-L1 expression and PD-1 checkpoint pathway in cancer	0.3423974219476632	CSNK2A2,EGFR,MAP2K1,NFATC3,RAF1,RPS6KB1,RPS6KB2	hsa05235
Human T-cell leukemia virus 1 infection	0.35110070582093117	ADCY7,CDC27,IL15RA,ITGB2,KAT2A,MAP2K1,MAP3K14,NFATC3,PRKACA,PRKACG,TCF3,TERT,TNFRSF1A,VAC14	hsa05166
Pyrimidine metabolism	0.3547568266671246	DHODH,NME1,NME2,NME4,UPP1	hsa00240
Regulation of lipolysis in adipocytes	0.3547568266671246	ADCY7,CGA,GNAS,PRKACA,PRKACG	hsa04923
Ferroptosis	0.3596205888977483	ATG7,PRNP,SLC7A11,STEAP3	hsa04216
Bladder cancer	0.3596205888977483	EGFR,MAP2K1,RAF1,VEGFA	hsa05219
Tryptophan metabolism	0.3627926254614471	ACAT2,CAT,DLD,GCDH	hsa00380
Glycosphingolipid biosynthesis - lacto and neolacto series	0.3638217641484222	B3GNT3,B4GALT2,B4GALT4	hsa00601
Small cell lung cancer	0.36446917509849486	DDB2,FN1,ITGA2B,LAMA5,LAMB3,TRAF3,TRAF4	hsa05222
PPAR signaling pathway	0.3689137151180558	ACOX3,ANGPTL4,FABP5,GK,PPARG,SLC27A5	hsa03320
VEGF signaling pathway	0.3738743932181564	MAP2K1,MAPKAPK2,PRKCA,RAF1,VEGFA	hsa04370
Mineral absorption	0.3738743932181564	ATP1B3,ATP2B4,CLCN2,MT1X,TRPM6	hsa04978
Bacterial invasion of epithelial cells	0.379257184190323	ACTR3,CRKL,CTNNB1,FN1,SEPTIN6,WASF1	hsa05100
Glycosaminoglycan biosynthesis - keratan sulfate	0.38091424110315525	B4GALT2,B4GALT4	hsa00533
Adrenergic signaling in cardiomyocytes	0.38737815277641774	ADCY7,ATP1B3,ATP2B4,CAMK2G,GNAS,PRKACA,PRKACG,PRKCA,SLC9A1,TPM4	hsa04261
Shigellosis	0.38738871061034	ACTR3,CD14,CGAS,CRKL,EGFR,HK2,ITPR1,MALT1,PFN2,PLCD4,RPS6KB1,RPS6KB2,SEPTIN6,TNFRSF1A,WASF1	hsa05131
Dopaminergic synapse	0.39059834479633676	CAMK2G,GNAO1,GNAS,GNG4,ITPR1,KIF5B,PRKACA,PRKACG,PRKCA	hsa04728
Phagosome	0.39791770992805287	C1R,CD14,CYBA,DYNC1LI2,ITGB2,ITGB5,SCARB1,SEC61G,TUBB2A,TUBB2B	hsa04145
ABC transporters	0.3994803310376452	ABCA4,ABCB10,ABCC3,ABCG2	hsa02010
Thermogenesis	0.40973835546352844	ADCY7,ATP5MG,COX11,GNAS,GRB2,NDUFAF2,NDUFS8,PPARG,PRKACA,PRKACG,RPS6KA3,RPS6KB1,RPS6KB2,SMARCA4	hsa04714
Drug metabolism - other enzymes	0.41031120587083475	HPRT1,MGST1,NME1,NME2,NME4,UPP1	hsa00983
Human immunodeficiency virus 1 infection	0.41090984958068144	CGAS,CRKL,FAS,GNAO1,GNG4,ITPR1,MAP2K1,NFATC3,PRKCA,RAF1,RPS6KB1,RPS6KB2,TNFRSF1A	hsa05170
Kaposi sarcoma-associated herpesvirus infection	0.4111141124012928	CTNNB1,FAS,GNG4,ITPR1,MAP2K1,MAPKAPK2,NFATC3,RAF1,TCF7,TNFRSF1A,TRAF3,VEGFA	hsa05167
beta-Alanine metabolism	0.41340675685993833	ACOX3,ALDH3B1,SMOX	hsa00410
Glyoxylate and dicarboxylate metabolism	0.41340675685993833	ACAT2,CAT,DLD	hsa00630
Antifolate resistance	0.4191012819806372	ABCC3,ABCG2,SLC19A1	hsa01523
B cell receptor signaling pathway	0.42069785376803515	CD79A,GRB2,MALT1,MAP2K1,NFATC3,RAF1	hsa04662
Neurotrophin signaling pathway	0.4207596224118939	CAMK2G,CRKL,GRB2,MAP2K1,MAPKAPK2,RAF1,RPS6KA3,SH2B2	hsa04722
Hepatitis C	0.42116189787335917	CLDN1,CTNNB1,EGFR,FAS,GRB2,MAP2K1,RAF1,SCARB1,TNFRSF1A,TRAF3	hsa05160
Cellular senescence	0.4224874074367703	E2F4,GATA4,HUS1,ITPR1,LIN9,MAP2K1,MAPKAPK2,MCU,NFATC3,RAF1	hsa04218
Amino sugar and nucleotide sugar metabolism	0.424967548964024	GALK1,HK2,NANP,PGM1	hsa00520
Fluid shear stress and atherosclerosis	0.42702767248138085	CTNNB1,CYBA,GPC1,ITGA2B,MGST1,NQO1,PIAS4,TNFRSF1A,VEGFA	hsa05418
Pancreatic secretion	0.4296556253234112	ADCY7,ATP1B3,ATP2B4,GNAS,ITPR1,PRKCA,SLC9A1	hsa04972
Selenocompound metabolism	0.4402291776391819	CTH,SEPHS1	hsa00450
Wnt signaling pathway	0.44039992759184565	CAMK2G,CSNK2A2,CTNNB1,LRP5,NFATC3,NKD1,PRKACA,PRKACG,PRKCA,TCF7	hsa04310
Cysteine and methionine metabolism	0.45336258773322585	AMD1,CTH,DNMT1,LDHA	hsa00270
N-Glycan biosynthesis	0.45336258773322585	B4GALT2,DDOST,SRD5A3,STT3B	hsa00510
Amphetamine addiction	0.4731566617315033	CAMK2G,GNAS,PRKACA,PRKACG,PRKCA	hsa05031
Renal cell carcinoma	0.4731566617315033	CRKL,GRB2,MAP2K1,RAF1,VEGFA	hsa05211
ECM-receptor interaction	0.47785978161587267	FN1,ITGA2B,ITGB5,ITGB6,LAMA5,LAMB3	hsa04512
GABAergic synapse	0.48775692469734655	ADCY7,GNAO1,GNG4,PRKACA,PRKACG,PRKCA	hsa04727
Neomycin, kanamycin and gentamicin biosynthesis	0.491140530332128	HK2	hsa00524
Osteoclast differentiation	0.4981923022877442	CYBA,FHL2,GRB2,MAP2K1,MAP3K14,PPARG,SIRPA,TNFRSF1A	hsa04380
Phospholipase D signaling pathway	0.5019553129256096	ADCY7,AGPAT3,EGFR,GNAS,GRB2,MAP2K1,PRKCA,RAF1,RALB	hsa04072
Oocyte meiosis	0.5051230390138073	ADCY7,CAMK2G,CDC27,ITPR1,MAP2K1,PRKACA,PRKACG,RPS6KA3	hsa04114
PI3K-Akt signaling pathway	0.5275579645757013	EGFR,EPHA2,FN1,GNG4,GRB2,GYS1,ITGA2B,ITGB5,ITGB6,LAMA5,LAMB3,MAP2K1,OSMR,PHLPP2,PRKCA,RAF1,RPS6KB1,RPS6KB2,VEGFA	hsa04151
TNF signaling pathway	0.5294249026337395	CASP10,FAS,MAP2K1,MAP3K14,MLKL,TNFRSF1A,TRAF3	hsa04668
FoxO signaling pathway	0.5295840873917599	CAT,CDKN2D,EGFR,GRB2,HOMER3,MAP2K1,RAF1,SOD2	hsa04068
Vitamin B6 metabolism	0.5455204863816144	PNPO	hsa00750
Various types of N-glycan biosynthesis	0.5556128394218676	B4GALT2,DDOST,STT3B	hsa00513
Chronic myeloid leukemia	0.5565028691142292	CRKL,DDB2,GRB2,MAP2K1,RAF1	hsa05220
Glutathione metabolism	0.5602982651129448	CHAC1,GPX3,GPX8,MGST1	hsa00480
Legionellosis	0.5602982651129448	CD14,EEF1A2,HSPA6,ITGB2	hsa05134
Prostate cancer	0.5750166416634984	CTNNB1,EGFR,GRB2,MAP2K1,RAF1,TCF7	hsa05215
Autophagy - animal	0.5767762984669788	ATG7,ITPR1,MAP2K1,PRKACA,PRKACG,RAF1,RPS6KB1,RPS6KB2	hsa04140
Glycine, serine and threonine metabolism	0.5787714634827169	CTH,DLD,PGAM1	hsa00260
RNA degradation	0.5828800345620062	CNOT1,CNOT10,DHX36,ENO2,PFKP	hsa03018
Glycerophospholipid metabolism	0.5841471378279292	AGPAT3,CHKA,GPD1L,LCLAT1,LPCAT2,LPGAT1	hsa00564
Homologous recombination	0.5865536895388188	EME1,SEM1,TOP3A	hsa03440
Mannose type O-glycan biosynthesis	0.5869760294821547	B3GALNT2,B4GALT2	hsa00515
Fatty acid degradation	0.5976438510614872	ACAT2,ACOX3,GCDH	hsa00071
AMPK signaling pathway	0.5983735157009853	ACACB,GYS1,PFKFB4,PFKP,PPARG,RPS6KB1,RPS6KB2	hsa04152
Ubiquitin mediated proteolysis	0.5995338014115474	CDC27,DDB2,FBXW7,PIAS4,RHOBTB2,UBE2E1,UBE2O,UBE4A	hsa04120
Vitamin digestion and absorption	0.6000821373783591	SCARB1,SLC19A1	hsa04977
Hepatitis B	0.605883449155718	CASP10,DDB2,FAS,GRB2,MAP2K1,NFATC3,PRKCA,RAF1,TRAF3	hsa05161
Sulfur relay system	0.6212111521389242	CTU2	hsa04122
Signaling pathways regulating pluripotency of stem cells	0.6216367168290172	CTNNB1,GRB2,HOXA1,MAP2K1,OTX1,RAF1,TCF3,TCF7	hsa04550
Platelet activation	0.6345529635886243	ADCY7,FGG,GNAS,ITGA2B,ITPR1,PRKACA,PRKACG	hsa04611
Alcoholism	0.6358415306641899	ADORA2B,GNAO1,GNAS,GNG4,GRB2,MACROH2A2,MAP2K1,PRKACA,PRKACG,RAF1	hsa05034
C-type lectin receptor signaling pathway	0.636389426526176	ITPR1,MALT1,MAP3K14,MAPKAPK2,NFATC3,RAF1	hsa04625
T cell receptor signaling pathway	0.636389426526176	GRB2,MALT1,MAP2K1,MAP3K14,NFATC3,RAF1	hsa04660
Complement and coagulation cascades	0.645883347968437	BDKRB1,C1R,C1S,FGG,ITGB2	hsa04610
Biosynthesis of unsaturated fatty acids	0.6514484444885184	ACOX3,HACD1	hsa01040
Aminoacyl-tRNA biosynthesis	0.6519653577449649	AARS1,FARS2,FARSA,NARS1	hsa00970
Tight junction	0.6556398260620204	ACTR3,CLDN1,GATA4,MYL6,NF2,PRKACA,PRKACG,RAB8B,YBX3	hsa04530
Retrograde endocannabinoid signaling	0.6581180216979606	ADCY7,GNAO1,GNG4,ITPR1,NDUFS8,PRKACA,PRKACG,PRKCA	hsa04723
Ras signaling pathway	0.6609221532844688	EGFR,EPHA2,GNG4,GRB2,MAP2K1,PRKACA,PRKACG,PRKCA,RAF1,RALB,RASAL2,VEGFA	hsa04014
Fc epsilon RI signaling pathway	0.6836677827479504	GRB2,MAP2K1,PRKCA,RAF1	hsa04664
Synthesis and degradation of ketone bodies	0.6902928839522207	ACAT2	hsa00072
Renin secretion	0.6914824598352013	GNAS,ITPR1,PRKACA,PRKACG	hsa04924
Natural killer cell mediated cytotoxicity	0.6921015292205341	FAS,GRB2,ITGB2,MAP2K1,PRKCA,RAF1,TNFRSF10A	hsa04650
Sphingolipid metabolism	0.6921090712936312	ACER3,CERS1,SMPD3	hsa00600
Cocaine addiction	0.6921090712936312	GNAS,PRKACA,PRKACG	hsa05030
Pathogenic Escherichia coli infection	0.6934294126159118	ACTR3,CLDN1,FAS,GAPDH,TNFRSF10A,TNFRSF1A,TUBB2A,TUBB2B,WASF1,WIPF1	hsa05130
Hippo signaling pathway - multiple species	0.694392855756087	FRMD6,NF2	hsa04392
Prolactin signaling pathway	0.6952248188432184	CGA,GRB2,MAP2K1,RAF1	hsa04917
Hedgehog signaling pathway	0.699448718913302	CSNK1G1,PRKACA,PRKACG	hsa04340
Pentose phosphate pathway	0.7011718076984659	PFKP,PGM1	hsa00030
Necroptosis	0.7065188193000269	CAMK2G,CHMP2B,FAS,MACROH2A2,MLKL,PYGL,TNFRSF10A,TNFRSF1A	hsa04217
Epstein-Barr virus infection	0.7067511921051515	ADRM1,DDB2,FAS,MAP3K14,PSMC4,PSMC5,PSMD12,PSMD2,SEM1,TRAF3	hsa05169
Ubiquinone and other terpenoid-quinone biosynthesis	0.7080199816047209	NQO1	hsa00130
Inositol phosphate metabolism	0.7089436754997668	PIK3C2B,PLCD4,PLCH1,TPI1	hsa00562
Yersinia infection	0.7119672325646844	ACTR3,CRKL,FN1,MAP2K1,NFATC3,RPS6KA3,WIPF1	hsa05135
Melanoma	0.7132915226155985	DDB2,EGFR,MAP2K1,RAF1	hsa05218
Mucin type O-glycan biosynthesis	0.7161400637914668	C1GALT1,GALNT6	hsa00512
TGF-beta signaling pathway	0.7165365077288491	E2F4,NOG,RGMA,RPS6KB1,RPS6KB2	hsa04350
IL-17 signaling pathway	0.7165365077288491	MAPK4,MMP13,S100A9,TRAF3,TRAF4	hsa04657
RNA polymerase	0.7183740913983527	POLR2C,POLR3H	hsa03020
Circadian rhythm	0.7183740913983527	BHLHE40,BHLHE41	hsa04710
Fanconi anemia pathway	0.7357397303615695	EME1,FANCA,TOP3A	hsa03460
Pertussis	0.7423093096774422	C1R,C1S,CD14,ITGB2	hsa05133
RNA transport	0.7465840352715419	CLNS1A,DDX19A,EEF1A2,EIF5,NDC1,NUP160,NUP210,SEC13,UPF2	hsa03013
Endocytosis	0.7497306217304371	ACTR3,AP2M1,ARAP3,CHMP2B,EGFR,EHD4,HSPA6,KIF5B,PDCD6IP,SH3GL1,VPS45,WIPF1	hsa04144
AGE-RAGE signaling pathway in diabetic complications	0.7659064755818003	FN1,PIM1,PLCD4,PRKCA,VEGFA	hsa04933
Fatty acid metabolism	0.7723697412005673	ACAT2,ACOX3,HACD1	hsa01212
cGMP-PKG signaling pathway	0.7725739982147962	ADCY7,ATP1B3,ATP2B4,GATA4,ITPR1,MAP2K1,NFATC3,RAF1	hsa04022
Glycosphingolipid biosynthesis - ganglio series	0.792582769279763	B4GALNT1	hsa00604
Chemokine signaling pathway	0.7946843288681723	ADCY7,CCL26,CRKL,GNG4,GRB2,MAP2K1,PRKACA,PRKACG,RAF1	hsa04062
Transcriptional misregulation in cancer	0.7946843288681723	CD14,DDB2,HPGD,MLF1,NSD2,PBX1,PPARG,SLC45A3,TCF3	hsa05202
Aldosterone-regulated sodium reabsorption	0.7998347735206088	ATP1B3,PRKCA	hsa04960
African trypanosomiasis	0.7998347735206088	FAS,PRKCA	hsa05143
Influenza A	0.8014143396481693	FAS,MAP2K1,NLRX1,PRKCA,RAF1,TNFRSF10A,TNFRSF1A,TRAF3	hsa05164
Primary immunodeficiency	0.8112577761939229	ADA,CD79A	hsa05340
Glycerolipid metabolism	0.8154637266395162	AGPAT3,GK,LCLAT1	hsa00561
Thiamine metabolism	0.8170140188151649	AK4	hsa00730
Basal cell carcinoma	0.8423593421653043	CTNNB1,DDB2,TCF7	hsa05217
Primary bile acid biosynthesis	0.8430979513378348	SLC27A5	hsa00120
Phenylalanine metabolism	0.8430979513378348	ALDH3B1	hsa00360
Cardiac muscle contraction	0.8453156627353454	ASPH,ATP1B3,SLC9A1,TPM4	hsa04260
Toxoplasmosis	0.8618698624472109	GNAO1,HSPA6,LAMA5,LAMB3,TNFRSF1A	hsa05145
Fatty acid biosynthesis	0.863262127830987	ACACB	hsa00061
Glycosaminoglycan degradation	0.8697380151693648	ARSB	hsa00531
Leukocyte transendothelial migration	0.8704993271841419	CLDN1,CTNNB1,CYBA,ITGB2,PRKCA	hsa04670
Hypertrophic cardiomyopathy	0.875280303614884	ITGA2B,ITGB5,ITGB6,TPM4	hsa05410
JAK-STAT signaling pathway	0.8759001251767261	EGFR,GRB2,IL15RA,OSMR,PIAS4,PIM1,RAF1	hsa04630
Type I diabetes mellitus	0.8771217150908155	CPE,FAS	hsa04940
Fat digestion and absorption	0.8771217150908155	ACAT2,SCARB1	hsa04975
Steroid biosynthesis	0.8900122261573633	CYP24A1	hsa00100
RIG-I-like receptor signaling pathway	0.9012223743218096	CASP10,NLRX1,TRAF3	hsa04622
Valine, leucine and isoleucine degradation	0.9037887800007328	ACAT2,DLD	hsa00280
Pantothenate and CoA biosynthesis	0.9047506215416324	COASY	hsa00770
Sphingolipid signaling pathway	0.9082003428000778	CERS1,MAP2K1,PRKCA,RAF1,TNFRSF1A	hsa04071
Arginine biosynthesis	0.9101410624748153	ARG2	hsa00220
Histidine metabolism	0.9101410624748153	ALDH3B1	hsa00340
Terpenoid backbone biosynthesis	0.9101410624748153	ACAT2	hsa00900
Carbohydrate digestion and absorption	0.9104085330244696	ATP1B3,HK2	hsa04973
Staphylococcus aureus infection	0.9125452429663723	C1R,C1S,FGG,ITGB2	hsa05150
Renin-angiotensin system	0.9142343193272117	PRCP	hsa04614
Proximal tubule bicarbonate reclamation	0.9142343193272117	ATP1B3	hsa04964
Intestinal immune network for IgA production	0.9158779533889131	IL15RA,MAP3K14	hsa04672
Cholesterol metabolism	0.9160276594274488	ANGPTL4,SCARB1	hsa04979
Cell adhesion molecules	0.9163798891205672	CLDN1,GLG1,ITGB2,LRRC4,NTNG1,PTPRM	hsa04514
mRNA surveillance pathway	0.916568262824822	DDX19A,MSI2,NUDT21,UPF2	hsa03015
Phosphatidylinositol signaling system	0.916568262824822	ITPR1,PIK3C2B,PLCD4,PRKCA	hsa04070
Leishmaniasis	0.9273584935516349	CYBA,EEF1A2,ITGB2	hsa05140
Chagas disease	0.9294516406797895	FAS,GNAO1,GNAS,TNFRSF1A	hsa05142
alpha-Linolenic acid metabolism	0.9301833978132729	ACOX3	hsa00592
Protein digestion and absorption	0.9321637437281755	ATP1B3,KCNN4,PRCP,SLC16A10	hsa04974
Autoimmune thyroid disease	0.9400941952328707	CGA,FAS	hsa05320
Tuberculosis	0.9437379395481891	CAMK2G,CASP10,CD14,ITGB2,MALT1,RAF1,TNFRSF1A	hsa05152
Fatty acid elongation	0.9529689749793414	HACD1	hsa00062
Hippo signaling pathway	0.9531511905688688	CTNNB1,FRMD6,ITGB2,NF2,NKD1,TCF7	hsa04390
Peroxisome	0.9630533676908453	ACOX3,CAT,SOD2	hsa04146
Butanoate metabolism	0.9666771151871786	ACAT2	hsa00650
Ribosome biogenesis in eukaryotes	0.972845423190996	CSNK2A2,NOL6,TCOF1,UTP4	hsa03008
MicroRNAs in cancer	0.9734773834803031	CRKL,CYP24A1,DNMT1,EGFR,GRB2,MAP2K1,PIM1,PRKCA,RAF1,SERPINB5,SLC45A3,VEGFA	hsa05206
Citrate cycle (TCA cycle)	0.9837419274446401	DLD	hsa00020
Steroid hormone biosynthesis	1	SRD5A3	hsa00140
Oxidative phosphorylation	1	ATP5MG,COX11,NDUFS8	hsa00190
Tyrosine metabolism	1	ALDH3B1	hsa00350
Ether lipid metabolism	1	LPCAT2	hsa00565
Arachidonic acid metabolism	1	GPX3,GPX8	hsa00590
Porphyrin and chlorophyll metabolism	1	FECH	hsa00860
Metabolism of xenobiotics by cytochrome P450	1	ALDH3B1,MGST1	hsa00980
Drug metabolism - cytochrome P450	1	ALDH3B1,MGST1	hsa00982
Platinum drug resistance	1	FAS,MGST1	hsa01524
Ribosome	1	MRPL11,MRPL12,MRPL21,RPL36A	hsa03010
Basal transcription factors	1	TAF4	hsa03022
Spliceosome	1	HSPA6,SART1,SNRPE,U2SURP	hsa03040
Nucleotide excision repair	1	DDB2	hsa03420
Cytokine-cytokine receptor interaction	1	CCL26,FAS,GDF11,IL15RA,OSMR,RELT,TNFRSF10A,TNFRSF1A	hsa04060
Viral protein interaction with cytokine and cytokine receptor	1	CCL26,TNFRSF10A,TNFRSF1A	hsa04061
Neuroactive ligand-receptor interaction	1	ADORA2B,BDKRB1,CGA,GAL,NMB,P2RX5,P2RY2,THRB	hsa04080
Cell cycle	1	CDC27,CDKN2D,E2F4	hsa04110
Autophagy - other	1	ATG7	hsa04136
Mitophagy - animal	1	CSNK2A2,MFN1	hsa04137
Lysosome	1	AP4S1,ARSB,CTSC,GGA3	hsa04142
Apoptosis - multiple species	1	TNFRSF1A	hsa04215
Antigen processing and presentation	1	HSPA6	hsa04612
Toll-like receptor signaling pathway	1	CD14,MAP2K1,TRAF3	hsa04620
NOD-like receptor signaling pathway	1	CYBA,ITPR1,MCU,MFN1,NLRX1,TRAF3	hsa04621
Cytosolic DNA-sensing pathway	1	CGAS,POLR3H	hsa04623
Hematopoietic cell lineage	1	CD14,ITGA2B	hsa04640
Th1 and Th2 cell differentiation	1	NFATC3	hsa04658
Th17 cell differentiation	1	NFATC3	hsa04659
Synaptic vesicle cycle	1	AP2M1	hsa04721
Olfactory transduction	1	CAMK2G,OR10H1,PRKACA,PRKACG	hsa04740
Taste transduction	1	PRKACA,PRKACG	hsa04742
Adipocytokine signaling pathway	1	ACACB,TNFRSF1A	hsa04920
Type II diabetes mellitus	1	HK2	hsa04930
Non-alcoholic fatty liver disease	1	FAS,MAP3K11,NDUFS8,TNFRSF1A	hsa04932
Epithelial cell signaling in Helicobacter pylori infection	1	EGFR,MAP3K14	hsa05120
Malaria	1	ITGB2	hsa05144
Measles	1	CSNK2A2,FAS,HSPA6,TRAF3	hsa05162
Herpes simplex virus 1 infection	1	CGAS,FAS,TNFRSF1A,TRAF3,ZNF175,ZNF43,ZNF544,ZNF714,ZNF726,ZNF90,ZNF93	hsa05168
Viral carcinogenesis	1	GRB2,KAT2A,MAPKAPK2,PRKACA,PRKACG,TRAF3,VAC14	hsa05203
Chemical carcinogenesis	1	ALDH3B1,MGST1	hsa05204
Systemic lupus erythematosus	1	C1R,C1S,MACROH2A2	hsa05322
Rheumatoid arthritis	1	ITGB2,VEGFA	hsa05323
Allograft rejection	1	FAS	hsa05330
Graft-versus-host disease	1	FAS	hsa05332
Viral myocarditis	1	ITGB2	hsa05416