Metabolic pathways	0.00026572286435478786	A4GALT,AADAT,ABAT,ACAA1,ACADL,ACP5,ACSL3,ACSM1,ACSM3,ACSS1,ACY1,ACYP2,ADCY1,ADCY4,ADCY6,AGPAT2,AHCYL2,AKR1C3,AKR1D1,ALDH3A1,ALDH3B2,ALDH4A1,ALG1,ALG10B,ALG5,ALG6,ALOX12B,ALOX15,AMDHD2,ASS1,ATP6AP1,ATP6V0A4,ATP6V0B,ATP6V1B2,ATP6V1C1,ATP6V1C2,ATP6V1E1,ATP6V1G1,B3GALNT1,B3GALT5,B4GALNT3,CA2,CA8,CEPT1,CHDH,CKB,CMAS,CMBL,COMT,COQ7,CPS1,CRYL1,CSAD,CYP26B1,CYP2E1,CYP2J2,DEGS2,DERA,DGAT1,DGKQ,DOLK,DPM2,DPM3,EARS2,EHHADH,ELOVL2,ELOVL4,ENPP1,ENPP3,ENPP4,ENTPD2,ENTPD5,EPHX2,ESD,ETHE1,ETNK2,EXTL1,FADS2,FAHD1,FDFT1,FPGS,FUT1,FUT4,GALNT11,GALNT12,GALNT5,GALNTL6,GANC,GATM,GCNT2,GGPS1,GGT5,GGT6,GLUD2,GLUL,GLYCTK,GMPR,GNMT,GSTA1,GSTK1,GSTM3,GSTM4,GSTM5,GSTZ1,GUK1,GUSB,HAAO,HACD4,HAGH,HGD,HK1,HMGCLL1,HMGCR,HOGA1,HPSE,HSD11B2,HSD17B7,HYAL1,HYAL2,IDUA,INPP5D,INPP5J,ITPKB,LARGE1,LDHD,LPCAT1,LPIN1,MAN1A2,MAOA,MAOB,MAT1A,MCCC2,MMAB,MTM1,MTMR6,MTMR7,NAT1,NDST1,NDUFA5,NDUFB9,NMNAT1,NMNAT2,NPL,NT5C2,NUDT12,NUDT9,OGDHL,PAFAH1B3,PAFAH2,PDE10A,PDE1A,PDE1C,PDE4A,PFKFB1,PGAP1,PIGO,PIGP,PIK3C3,PIK3CD,PIP4K2C,PIP5K1B,PIP5KL1,PLA2G3,PLA2G4F,PLA2G6,PLCB2,PLCB4,PLCD1,PLCE1,PLCG1,PLD1,PMM1,PMVK,PNPLA2,PPCDC,PRDM16,PYGB,QPRT,RDH16,RRM2B,RXYLT1,SARDH,SELENBP1,SETDB2,SGMS1,SHPK,SMS,SORD,SPTLC1,SPTLC3,SQLE,ST3GAL2,ST6GAL1,ST6GALNAC1,THTPA,TK2,TKFC,TMLHE,TPK1,TPO,TST,TUSC3,TXNDC12,UCK1,UGDH,UGT2B17	hsa01100
Growth hormone synthesis, secretion and action	0.0007112453430913564	ADCY1,ADCY4,ADCY6,AKT1,CREB3L1,CREB3L4,FOS,GHR,GNAI1,GNAI2,GNAQ,IRS2,ITPR2,JAK2,MAP2K6,MAPK11,PIK3CD,PIK3R1,PLCB2,PLCB4,PLCG1,PRKCG,SHC3,SHC4,SOCS1,SOCS2,SSTR2,SSTR5,STAT5A	hsa04935
Rap1 signaling pathway	0.001011870275624327	ADCY1,ADCY4,ADCY6,AKT1,CALML5,DRD2,EFNA3,EVL,F2R,FGFR3,GNAI1,GNAI2,GNAQ,GRIN1,ITGAL,KIT,KITLG,LPAR1,LPAR3,LPAR5,MAGI3,MAP2K6,MAPK11,MET,PDGFB,PDGFC,PIK3CD,PIK3R1,PLCB2,PLCB4,PLCE1,PLCG1,PRKCG,PRKD3,RAPGEF3,RAPGEF5,RGS14,SIPA1L2,SKAP1,THBS1,TLN2,VAV2,VAV3	hsa04015
Estrogen signaling pathway	0.004014439097190232	ADCY1,ADCY4,ADCY6,AKT1,BCL2,CALML5,CREB3L1,CREB3L4,EBAG9,ESR1,FKBP4,FOS,GNAI1,GNAI2,GNAQ,GPER1,HSPA2,ITPR2,KRT17,KRT18,KRT24,KRT9,PGR,PIK3CD,PIK3R1,PLCB2,PLCB4,RARA,SHC3,SHC4	hsa04915
Glutamatergic synapse	0.004341795627604	ADCY1,ADCY4,ADCY6,DLG4,GLUL,GNAI1,GNAI2,GNAQ,GNG13,GNGT1,GRIK2,GRIK4,GRIN1,GRIN2D,GRM2,ITPR2,PLA2G4F,PLCB2,PLCB4,PLD1,PRKCG,SHANK1,SLC17A7,SLC1A2,SLC38A1,SLC38A3	hsa04724
Cholinergic synapse	0.008365853403905247	ADCY1,ADCY4,ADCY6,AKT1,BCL2,CHRM1,CHRNB2,CHRNB4,CREB3L1,CREB3L4,FOS,GNAI1,GNAI2,GNAQ,GNG13,GNGT1,ITPR2,JAK2,KCNJ12,PIK3CD,PIK3R1,PIK3R5,PLCB2,PLCB4,PRKCG	hsa04725
Phospholipase D signaling pathway	0.008803516107987545	ADCY1,ADCY4,ADCY6,AGPAT2,AKT1,ARF6,CYTH2,DGKQ,F2R,GRM2,KIT,KITLG,LPAR1,LPAR3,LPAR5,PDGFB,PDGFC,PIK3CD,PIK3R1,PIK3R5,PIP5K1B,PLA2G4F,PLCB2,PLCB4,PLCG1,PLD1,PTK2B,RAPGEF3,SHC3,SHC4	hsa04072
Alcoholism	0.010691365480115332	CALML5,CREB3L1,CREB3L4,DRD2,GNAI1,GNAI2,GNG13,GNGT1,GRIN1,GRIN2D,H2AC11,H2AC13,H2AC6,H2AC8,H2BC12,H2BC17,H2BC18,H2BC21,H2BC4,H2BC5,H2BC7,H2BC8,H2BC9,H2BU1,H3C10,H3C12,H4-16,H4C8,H4C9,HDAC11,MAOA,MAOB,PKIA,SHC3,SHC4	hsa05034
cAMP signaling pathway	0.011995799522656414	ADCY1,ADCY4,ADCY6,ADRB1,AKT1,ATP1A1,CALML5,CFTR,CHRM1,CNGA1,CNGB1,CNGB3,CREB3L1,CREB3L4,DRD2,EDN1,F2R,FFAR2,FOS,GIPR,GNAI1,GNAI2,GRIN1,GRIN2D,OXTR,PAK1,PDE10A,PDE4A,PIK3CD,PIK3R1,PLCE1,PLD1,PTGER3,RAPGEF3,SSTR2,SSTR5,VAV2,VAV3,VIPR2	hsa04024
Calcium signaling pathway	0.017292629547298502	ADCY1,ADCY4,ADRB1,CACNA1H,CALML5,CASQ2,CHRM1,CXCR4,F2R,GNA14,GNA15,GNAQ,GRIN1,GRIN2D,HRC,HRH2,ITPKB,ITPR2,MYLK4,NTSR1,OXTR,P2RX7,PDE1A,PDE1C,PDGFB,PDGFC,PLCB2,PLCB4,PLCD1,PLCE1,PLCG1,PRKCG,PTGER3,PTK2B,STIM1,TACR3	hsa04020
Gastric acid secretion	0.01741787621848574	ADCY1,ADCY4,ADCY6,ATP1A1,CA2,CALML5,CFTR,GNAI1,GNAI2,GNAQ,HRH2,ITPR2,MYLK4,PLCB2,PLCB4,PRKCG,SLC4A2,SSTR2	hsa04971
Phosphatidylinositol signaling system	0.01879603406819891	CALML5,DGKQ,INPP5D,ITPKB,ITPR2,MTM1,MTMR6,MTMR7,PIK3C3,PIK3CD,PIK3R1,PIP4K2C,PIP4P2,PIP5K1B,PLCB2,PLCB4,PLCD1,PLCE1,PLCG1,PPIP5K1,PRKCG	hsa04070
Melanogenesis	0.03017723902705352	ADCY1,ADCY4,ADCY6,CALML5,CREB3L1,CREB3L4,EDN1,FZD1,FZD4,FZD6,FZD8,FZD9,GNAI1,GNAI2,GNAQ,KIT,KITLG,PLCB2,PLCB4,PRKCG,WNT11	hsa04916
Axon guidance	0.033713535372219355	ABL1,BMP7,BOC,CXCL12,CXCR4,EFNA3,EFNB3,EPHB1,GNAI1,GNAI2,LIMK2,MET,MYL12A,MYL12B,NFATC4,NTN1,PAK1,PIK3CD,PIK3R1,PLCG1,PLXNA3,PLXNA4,PLXNB3,PLXNC1,RGS3,SEMA3F,SEMA4A,SHH,SLIT1,SRGAP3,TRPC6,UNC5B	hsa04360
Platelet activation	0.03462027048304645	ADCY1,ADCY4,ADCY6,AKT1,COL1A1,COL3A1,F2R,GNAI1,GNAI2,GNAQ,ITPR2,MAPK11,MYL12A,MYL12B,MYLK4,PIK3CD,PIK3R1,PIK3R5,PLA2G4F,PLCB2,PLCB4,STIM1,TLN2,VWF	hsa04611
Inflammatory mediator regulation of TRP channels	0.040336561214634664	ADCY1,ADCY4,ADCY6,CALML5,CYP2J2,F2RL1,GNAQ,IL1RAP,ITPR2,MAP2K6,MAPK11,PIK3CD,PIK3R1,PLA2G4F,PLA2G6,PLCB2,PLCB4,PLCG1,PRKCG,TRPV4	hsa04750
Parathyroid hormone synthesis, secretion and action	0.04355688016613089	ADCY1,ADCY4,ADCY6,BCL2,CDKN1A,CREB3L1,CREB3L4,EGR1,FOS,GNAI1,GNAI2,GNAQ,ITPR2,MAFB,MMP25,NR4A2,PDE4A,PLCB2,PLCB4,PLD1,PRKCG	hsa04928
Inositol phosphate metabolism	0.043862152941494675	INPP5D,INPP5J,ITPKB,MTM1,MTMR6,MTMR7,PIK3C3,PIK3CD,PIP4K2C,PIP5K1B,PIP5KL1,PLCB2,PLCB4,PLCD1,PLCE1,PLCG1	hsa00562
Insulin secretion	0.04421906924299336	ABCC8,ADCY1,ADCY4,ADCY6,ATP1A1,CREB3L1,CREB3L4,GNAQ,KCNJ11,KCNMA1,KCNMB1,KCNMB4,KCNU1,PLCB2,PLCB4,PRKCG,RIMS2,TRPM4	hsa04911
Relaxin signaling pathway	0.04512181810912112	ADCY1,ADCY4,ADCY6,AKT1,COL1A1,COL3A1,CREB3L1,CREB3L4,EDN1,FOS,GNA15,GNAI1,GNAI2,GNG13,GNGT1,MAPK11,PIK3CD,PIK3R1,PLCB2,PLCB4,RLN2,RXFP4,SHC3,SHC4	hsa04926
cGMP-PKG signaling pathway	0.04855460003033967	ADCY1,ADCY4,ADCY6,ADRA2B,ADRB1,AKT1,ATP1A1,CALML5,CNGA1,CNGB1,CREB3L1,CREB3L4,GNAI1,GNAI2,GNAQ,IRS2,ITPR2,KCNJ8,KCNMA1,KCNMB1,KCNMB4,KCNU1,MYLK4,NFATC4,OPRD1,PIK3R5,PLCB2,PLCB4,TRPC6	hsa04022
Fc gamma R-mediated phagocytosis	0.06105399125873224	AKT1,ARF6,GSN,HCK,INPP5D,LIMK2,MYO10,PAK1,PIK3CD,PIK3R1,PIP5K1B,PLA2G4F,PLA2G6,PLCG1,PLD1,PRKCG,VAV2,VAV3,WASF3	hsa04666
Synaptic vesicle cycle	0.07276716753552051	ATP6V0A4,ATP6V0B,ATP6V1B2,ATP6V1C1,ATP6V1C2,ATP6V1E1,ATP6V1G1,RIMS1,SLC17A7,SLC1A2,STX1B,STX3,STXBP1,SYT1,UNC13A,UNC13B	hsa04721
Focal adhesion	0.10416174762481709	AKT1,BCL2,COL1A1,COL2A1,COL6A2,COL9A2,COL9A3,FLNC,IBSP,ITGA1,ITGA7,ITGA8,MET,MYL12A,MYL12B,MYLK4,PAK1,PARVA,PDGFB,PDGFC,PIK3CD,PIK3R1,PIP5K1B,PRKCG,RELN,SHC3,SHC4,THBS1,TLN2,VAV2,VAV3,VWF	hsa04510
Cocaine addiction	0.11236886766397289	CREB3L1,CREB3L4,DLG4,DRD2,GNAI1,GNAI2,GRIN1,GRIN2D,GRM2,MAOA,MAOB	hsa05030
Regulation of lipolysis in adipocytes	0.11323355142275626	ADCY1,ADCY4,ADCY6,ADRB1,AKT1,GNAI1,GNAI2,IRS2,PIK3CD,PIK3R1,PNPLA2,PTGER3	hsa04923
Renin secretion	0.11444897119669273	ADCY6,ADRB1,CALML5,CLCA2,EDN1,GNAI1,GNAI2,GNAQ,ITPR2,KCNMA1,PDE1A,PDE1C,PLCB2,PLCB4	hsa04924
Leukocyte transendothelial migration	0.11468586337405123	CLDN23,CTNNA3,CXCL12,CXCR4,ESAM,GNAI1,GNAI2,ITGAL,MAPK11,MYL12A,MYL12B,PIK3CD,PIK3R1,PLCG1,PRKCG,PTK2B,RAPGEF3,RHOH,VAV2,VAV3	hsa04670
Circadian entrainment	0.11531590462362112	ADCY1,ADCY4,ADCY6,CACNA1H,CALML5,FOS,GNAI1,GNAI2,GNAQ,GNG13,GNGT1,GRIN1,GRIN2D,NOS1AP,PER1,PLCB2,PLCB4,PRKCG	hsa04713
N-Glycan biosynthesis	0.11842960201512003	ALG1,ALG10B,ALG5,ALG6,DOLK,DOLPP1,DPM2,DPM3,MAN1A2,ST6GAL1,TUSC3	hsa00510
Vibrio cholerae infection	0.11842960201512003	ATP6AP1,ATP6V0A4,ATP6V0B,ATP6V1B2,ATP6V1C1,ATP6V1C2,ATP6V1E1,ATP6V1G1,CFTR,PLCG1,SLC12A2	hsa05110
Tyrosine metabolism	0.11877515047396954	ALDH3A1,ALDH3B2,COMT,FAHD1,GSTZ1,HGD,MAOA,MAOB,TPO	hsa00350
Salivary secretion	0.12076939682356372	ADCY1,ADCY4,ADCY6,ADRB1,ATP1A1,CALML5,CAMP,GNAQ,ITPR2,KCNMA1,LYZ,MUC5B,PLCB2,PLCB4,PRKCG,SLC12A2,SLC4A2	hsa04970
Prolactin signaling pathway	0.12103338027547812	AKT1,CISH,ESR1,FOS,JAK2,MAPK11,PIK3CD,PIK3R1,PRLR,SHC3,SHC4,SOCS1,SOCS2,STAT5A	hsa04917
Epithelial cell signaling in Helicobacter pylori infection	0.12103338027547812	ATP6AP1,ATP6V0A4,ATP6V0B,ATP6V1B2,ATP6V1C1,ATP6V1C2,ATP6V1E1,ATP6V1G1,IGSF5,IKBKG,MAPK11,MET,PAK1,PLCG1	hsa05120
EGFR tyrosine kinase inhibitor resistance	0.12310174477478837	AKT1,BCL2,EIF4E1B,FGFR3,IL6R,JAK2,MET,PDGFB,PDGFC,PIK3CD,PIK3R1,PLCG1,PRKCG,SHC3,SHC4	hsa01521
Glycosphingolipid biosynthesis - globo and isoglobo series	0.12734669034808466	A4GALT,B3GALNT1,B3GALT5,FUT1,ST3GAL2	hsa00603
Collecting duct acid secretion	0.1459342517486718	ATP6V0A4,ATP6V1B2,ATP6V1C1,ATP6V1C2,ATP6V1E1,ATP6V1G1,CA2	hsa04966
GABAergic synapse	0.14854395925455305	ABAT,ADCY1,ADCY4,ADCY6,GABRD,GABRG2,GLUL,GNAI1,GNAI2,GNG13,GNGT1,HAP1,PLCL1,PRKCG,SLC38A1,SLC38A3	hsa04727
Sphingolipid signaling pathway	0.15227208252466645	AKT1,BCL2,DEGS2,GNAI1,GNAI2,GNAQ,MAPK11,OPRD1,PIK3CD,PIK3R1,PLCB2,PLCB4,PLD1,PPP2R5A,PRKCG,S1PR5,SGMS1,SPTLC1,SPTLC3,TRAF2	hsa04071
Thyroid hormone synthesis	0.15407701287740252	ADCY1,ADCY4,ADCY6,ATP1A1,CREB3L1,CREB3L4,GNAQ,ITPR2,IYD,LRP2,PLCB2,PLCB4,PRKCG,TPO	hsa04918
Morphine addiction	0.15730529530601853	ADCY1,ADCY4,ADCY6,GABRD,GABRG2,GNAI1,GNAI2,GNG13,GNGT1,GRK4,GRK6,PDE10A,PDE1A,PDE1C,PDE4A,PRKCG	hsa05032
Hepatocellular carcinoma	0.15920332114376465	AKT1,ARID2,AXIN1,CDKN1A,FRAT1,FZD1,FZD4,FZD6,FZD8,FZD9,GSTA1,GSTM3,GSTM4,GSTM5,MET,PBRM1,PIK3CD,PIK3R1,PLCG1,PRKCG,SHC3,SHC4,SMARCA2,SMARCD3,TGFB3,WNT11	hsa05225
Adipocytokine signaling pathway	0.16043256918428359	ACSL3,ADIPOR2,AKT1,CPT1C,IKBKG,IRS2,JAK2,LEPR,NFKBIE,PPARGC1A,PRKAG2,TNFRSF1B,TRAF2	hsa04920
Pathways in cancer	0.16263193310255017	ABL1,ADCY1,ADCY4,ADCY6,AKT1,APPL1,AXIN1,BCL2,BMP4,CALML5,CCNA1,CDKN1A,CEBPA,CSF2RB,CTNNA3,CXCL12,CXCR4,EDN1,EPOR,ESR1,F2R,FGFR3,FOS,FRAT1,FZD1,FZD4,FZD6,FZD8,FZD9,GNAI1,GNAI2,GNAQ,GNG13,GNGT1,GSTA1,GSTM3,GSTM4,GSTM5,HEY2,IKBKG,IL6R,IL6ST,JAK2,KIT,KITLG,LPAR1,LPAR3,LPAR5,MET,NOTCH1,PDGFB,PIK3CD,PIK3R1,PLCB2,PLCB4,PLCG1,PLD1,PLEKHG5,PRKCG,PTGER3,RARA,RASSF1,RET,SHH,STAT5A,STAT6,TGFB3,TRAF2,WNT11	hsa05200
Chemokine signaling pathway	0.16611489645836933	ADCY1,ADCY4,ADCY6,AKT1,CCR1,CXCL12,CXCR4,GNAI1,GNAI2,GNAQ,GNG13,GNGT1,GRK4,GRK6,HCK,IKBKG,JAK2,PAK1,PIK3CD,PIK3R1,PIK3R5,PLCB2,PLCB4,PLCG1,PTK2B,SHC3,SHC4,VAV2,VAV3	hsa04062
Fluid shear stress and atherosclerosis	0.1699356556006619	AKT1,ARHGEF2,ASS1,BCL2,BMP4,CALML5,EDN1,FOS,GSTA1,GSTM3,GSTM4,GSTM5,IKBKG,MAP2K6,MAPK11,PDGFB,PIK3CD,PIK3R1,PLAT,SDC2,SDC4,TRPV4	hsa05418
AGE-RAGE signaling pathway in diabetic complications	0.17287409754309868	AKT1,BCL2,COL1A1,COL3A1,EDN1,EGR1,JAK2,MAPK11,PIK3CD,PIK3R1,PLCB2,PLCB4,PLCD1,PLCE1,PLCG1,STAT5A,TGFB3	hsa04933
PI3K-Akt signaling pathway	0.1730509164676661	AKT1,BCL2,CDKN1A,CHRM1,COL1A1,COL2A1,COL6A2,COL9A2,COL9A3,CREB3L1,CREB3L4,EFNA3,EIF4E1B,EPOR,F2R,FGFR3,GHR,GNG13,GNGT1,IBSP,IKBKG,IL6R,ITGA1,ITGA7,ITGA8,JAK2,KIT,KITLG,LPAR1,LPAR3,LPAR5,MET,MLST8,MYB,NR4A1,NTF4,PDGFB,PDGFC,PIK3AP1,PIK3CD,PIK3R1,PIK3R5,PKN3,PPP2R5A,PRLR,RELN,THBS1,VWF	hsa04151
Nitrogen metabolism	0.17393935128812066	CA2,CA8,CPS1,GLUD2,GLUL	hsa00910
Proteoglycans in cancer	0.1847770875126321	AKT1,CDKN1A,COL1A1,ESR1,FLNC,FRS2,FZD1,FZD4,FZD6,FZD8,FZD9,HPSE,ITPR2,MAPK11,MET,PAK1,PDCD4,PIK3CD,PIK3R1,PLCE1,PLCG1,PRKCG,SDC2,SDC4,SHH,THBS1,TWIST1,VAV2,VAV3,WNT11	hsa05205
Pancreatic secretion	0.18998795563199072	ADCY1,ADCY4,ADCY6,ATP1A1,CA2,CFTR,CLCA2,GNAQ,ITPR2,KCNMA1,PLA2G3,PLCB2,PLCB4,PRKCG,RAB3D,SLC12A2,SLC4A2	hsa04972
ECM-receptor interaction	0.20820307051388767	COL1A1,COL2A1,COL6A2,COL9A2,COL9A3,DMP1,IBSP,ITGA1,ITGA7,ITGA8,RELN,SDC4,SV2B,THBS1,VWF	hsa04512
Gap junction	0.20820307051388767	ADCY1,ADCY4,ADCY6,ADRB1,DRD2,GNAI1,GNAI2,GNAQ,ITPR2,LPAR1,PDGFB,PDGFC,PLCB2,PLCB4,PRKCG	hsa04540
ABC transporters	0.21417476792565013	ABCA12,ABCB1,ABCB4,ABCC2,ABCC8,ABCC9,ABCD1,ABCG1,CFTR	hsa02010
Systemic lupus erythematosus	0.21654374087945172	C5,C8G,H2AC11,H2AC13,H2AC6,H2AC8,H2BC12,H2BC17,H2BC18,H2BC21,H2BC4,H2BC5,H2BC7,H2BC8,H2BC9,H2BU1,H3C10,H3C12,H4-16,H4C8,H4C9	hsa05322
AMPK signaling pathway	0.21837617406610313	ADIPOR2,AKT1,CAB39L,CCNA1,CFTR,CPT1C,CREB3L1,CREB3L4,HMGCR,IRS2,LEPR,PFKFB1,PIK3CD,PIK3R1,PPARGC1A,PPP2R5A,PRKAG2,RAB11B,SREBF1	hsa04152
Glycosaminoglycan degradation	0.22327292181270747	GUSB,HPSE,HYAL1,HYAL2,IDUA	hsa00531
Human papillomavirus infection	0.22549770194688373	AKT1,ATP6AP1,ATP6V0A4,ATP6V0B,ATP6V1B2,ATP6V1C1,ATP6V1C2,ATP6V1E1,ATP6V1G1,AXIN1,BCAP31,CCNA1,CDKN1A,COL1A1,COL2A1,COL6A2,COL9A2,COL9A3,CREB3L1,CREB3L4,DLG2,FZD1,FZD4,FZD6,FZD8,FZD9,HES2,HES6,HEY2,IBSP,IKBKE,IKBKG,ITGA1,ITGA7,ITGA8,MX2,NOTCH1,PIK3CD,PIK3R1,PPP2R5A,RELN,THBS1,VWF,WNT11	hsa05165
Type II diabetes mellitus	0.22710999612345004	ABCC8,HK1,IRS2,KCNJ11,MAFA,PIK3CD,PIK3R1,SOCS1,SOCS2	hsa04930
Riboflavin metabolism	0.2278546233998812	ACP5,ENPP1,ENPP3	hsa00740
Aldosterone synthesis and secretion	0.22846318078337532	ADCY1,ADCY4,ADCY6,ATP1A1,CACNA1H,CALML5,CREB3L1,CREB3L4,GNAQ,ITPR2,NR4A1,NR4A2,PLCB2,PLCB4,PRKCG,PRKD3	hsa04925
mTOR signaling pathway	0.23272500463402757	AKT1,ATP6V1B2,ATP6V1C1,ATP6V1C2,ATP6V1E1,ATP6V1G1,CAB39L,CASTOR1,DEPTOR,EIF4E1B,FZD1,FZD4,FZD6,FZD8,FZD9,LPIN1,MLST8,PIK3CD,PIK3R1,PRKCG,RPS6KA2,TBC1D7,WNT11	hsa04150
Dopaminergic synapse	0.24595685579909737	AKT1,CALML5,COMT,CREB3L1,CREB3L4,DRD2,FOS,GNAI1,GNAI2,GNAQ,GNG13,GNGT1,ITPR2,MAOA,MAOB,MAPK11,PLCB2,PLCB4,PPP2R5A,PRKCG	hsa04728
Hippo signaling pathway	0.24763232224977297	AMOT,AXIN1,BMP4,BMP5,BMP6,BMP7,BMP8A,CTNNA3,DLG2,DLG4,FZD1,FZD4,FZD6,FZD8,FZD9,ID2,RASSF1,STK3,TEAD2,TEAD3,TGFB3,WNT11,YAP1	hsa04390
Vascular smooth muscle contraction	0.24764893889007164	ADCY1,ADCY4,ADCY6,CALML5,EDN1,GNAQ,ITPR2,KCNMA1,KCNMB1,KCNMB4,KCNU1,MYLK4,PLA2G3,PLA2G4F,PLA2G6,PLCB2,PLCB4,PRKCG,RAMP1,RAMP3	hsa04270
Rheumatoid arthritis	0.24850032410378667	ACP5,ATP6AP1,ATP6V0A4,ATP6V0B,ATP6V1B2,ATP6V1C1,ATP6V1C2,ATP6V1E1,ATP6V1G1,CXCL12,FOS,IL18,ITGAL,TGFB3,TNFSF13	hsa05323
Glycosphingolipid biosynthesis - lacto and neolacto series	0.249163329661315	A4GALT,B3GALNT1,B3GALT5,FUT1,FUT4,GCNT2	hsa00601
Insulin resistance	0.24944403664997095	AKT1,CREB3L1,CREB3L4,IRS2,PIK3CD,PIK3R1,PPARGC1A,PPP1R3C,PPP1R3E,PRKAG2,PTPA,PYGB,RPS6KA2,SLC27A1,SLC27A4,SLC27A6,SREBF1	hsa04931
Ras signaling pathway	0.24992613012017242	ABL1,AKT1,ARF6,CALML5,EFNA3,FGFR3,GNG13,GNGT1,GRIN1,IKBKG,KIT,KITLG,KSR2,MET,NTF4,PAK1,PDGFB,PDGFC,PIK3CD,PIK3R1,PLA2G3,PLA2G4F,PLA2G6,PLCE1,PLCG1,PLD1,PRKCG,RAPGEF5,RASAL1,RASSF1,SHC3,SHC4	hsa04014
Signaling pathways regulating pluripotency of stem cells	0.2708129346684196	AKT1,AXIN1,BMI1,BMP4,DLX5,FGFR3,FZD1,FZD4,FZD6,FZD8,FZD9,ID2,IL6ST,JAK2,JARID2,KLF4,MAPK11,MEIS1,PIK3CD,PIK3R1,WNT11	hsa04550
GnRH secretion	0.2714027582913838	AKT1,CACNA1H,GNAQ,GPER1,ITPR2,KCNJ11,PIK3CD,PIK3R1,PLCB2,PLCB4,PRKCG	hsa04929
Neuroactive ligand-receptor interaction	0.2726751888882478	ADRA2B,ADRB1,C5,CALCR,CHRM1,CHRNB1,CHRNB2,CHRNB4,DRD2,EDN1,F2R,F2RL1,GABRD,GABRG2,GHR,GIPR,GLRB,GRIK2,GRIK4,GRIN1,GRIN2D,GRM2,HRH2,HRH3,LEPR,LPAR1,LPAR3,MC4R,MCHR2,NMU,NTSR1,OPRD1,OXTR,P2RX7,PRLR,PTGER3,RLN2,RXFP4,S1PR5,SSTR2,SSTR5,TACR3,VIPR1,VIPR2	hsa04080
Viral carcinogenesis	0.27279970428296585	CCNA1,CDKN1A,CREB3L1,CREB3L4,EGR3,GSN,GTF2A1,H2BC12,H2BC17,H2BC18,H2BC21,H2BC4,H2BC5,H2BC7,H2BC8,H2BC9,H2BU1,H4-16,H4C8,H4C9,HDAC11,HPN,IKBKG,IL6ST,PIK3CD,PIK3R1,STAT5A,TRAF2	hsa05203
Ether lipid metabolism	0.2731471414887367	CEPT1,ENPP2,LPCAT1,PAFAH1B3,PAFAH2,PLA2G3,PLA2G4F,PLA2G6,PLD1	hsa00565
Nicotinate and nicotinamide metabolism	0.274585132979043	ENPP1,ENPP3,NMNAT1,NMNAT2,NT5C2,NUDT12,QPRT	hsa00760
Glutathione metabolism	0.27486169081668677	GGT5,GGT6,GSTA1,GSTK1,GSTM3,GSTM4,GSTM5,RRM2B,SMS,TXNDC12	hsa00480
Longevity regulating pathway	0.27563029245021853	ADCY1,ADCY4,ADCY6,ADIPOR2,AKT1,APPL1,CREB3L1,CREB3L4,EIF4E1B,IRS2,PIK3CD,PIK3R1,PPARGC1A,PRKAG2	hsa04211
Drug metabolism - cytochrome P450	0.27661805993947297	ALDH3A1,ALDH3B2,CYP2E1,FMO5,GSTA1,GSTK1,GSTM3,GSTM4,GSTM5,MAOA,MAOB,UGT2B17	hsa00982
Arginine biosynthesis	0.2774364162497513	ACY1,ASS1,CPS1,GLUD2,GLUL	hsa00220
Cushing syndrome	0.2783833872920748	ADCY1,ADCY4,ADCY6,ARMC5,AXIN1,CACNA1H,CDKN1A,CREB3L1,CREB3L4,FZD1,FZD4,FZD6,FZD8,FZD9,GNAI1,GNAI2,GNAQ,ITPR2,NR4A1,PLCB2,PLCB4,WNT11	hsa04934
Cortisol synthesis and secretion	0.27880452083350443	ADCY1,ADCY4,ADCY6,CACNA1H,CREB3L1,CREB3L4,GNAQ,ITPR2,NR4A1,PLCB2,PLCB4	hsa04927
Apelin signaling pathway	0.27885644255439174	ADCY1,ADCY4,ADCY6,AKT1,CALML5,EGR1,GNAI1,GNAI2,GNAQ,GNG13,GNGT1,ITPR2,MYLK4,PIK3C3,PIK3R5,PLAT,PLCB2,PLCB4,PPARGC1A,PRKAG2	hsa04371
Yersinia infection	0.27885644255439174	AKT1,ARF6,CD8A,ELMO2,FOS,GNAQ,IKBKG,IL18,MAP2K6,MAPK11,PIK3CD,PIK3R1,PIP5K1B,PLCG1,PTK2B,PYCARD,RPS6KA2,TRAF2,VAV2,VAV3	hsa05135
Linoleic acid metabolism	0.28023428147720575	ALOX15,CYP2E1,CYP2J2,PLA2G3,PLA2G4F,PLA2G6	hsa00591
Hippo signaling pathway - multiple species	0.28023428147720575	PAK1,RASSF1,STK3,TEAD2,TEAD3,YAP1	hsa04392
Endocrine resistance	0.2832862799262655	ADCY1,ADCY4,ADCY6,AKT1,BCL2,CDKN1A,ESR1,FOS,GPER1,MAPK11,NOTCH1,PIK3CD,PIK3R1,SHC3,SHC4	hsa01522
Sulfur metabolism	0.28534720342273184	ETHE1,SELENBP1,TST	hsa00920
Human cytomegalovirus infection	0.28561455189569546	ADCY1,ADCY4,ADCY6,AKT1,CALML5,CCR1,CDKN1A,CREB3L1,CREB3L4,CXCL12,CXCR4,GNAI1,GNAI2,GNAQ,GNG13,GNGT1,IKBKG,IL6R,ITPR2,MAP2K6,MAPK11,NFATC4,PIK3CD,PIK3R1,PLCB2,PLCB4,PRKCG,PTGER3,PTK2B,TRAF2	hsa05163
Peroxisome	0.28834865368324	ABCD1,ACAA1,ACSL3,EHHADH,EPHX2,FAR2,GSTK1,HMGCLL1,MPV17,NUDT12,PEX12,PEX7,PMVK	hsa04146
Long-term potentiation	0.291833455726505	ADCY1,CALML5,GNAQ,GRIN1,GRIN2D,ITPR2,PLCB2,PLCB4,PRKCG,RAPGEF3,RPS6KA2	hsa04720
Aldosterone-regulated sodium reabsorption	0.29381119121016225	ATP1A1,FXYD4,HSD11B2,PIK3CD,PIK3R1,PRKCG,SLC9A3R2	hsa04960
African trypanosomiasis	0.29381119121016225	F2RL1,GNAQ,HBA1,IL18,PLCB2,PLCB4,PRKCG	hsa05143
Phenylalanine metabolism	0.3144526674513499	ALDH3A1,ALDH3B2,MAOA,MAOB	hsa00360
Endocrine and other factor-regulated calcium reabsorption	0.314467089667186	ADCY6,ATP1A1,CALB1,ESR1,GNAQ,KLK1,PLCB2,PLCB4,PRKCG	hsa04961
GnRH signaling pathway	0.3151480122761631	ADCY1,ADCY4,ADCY6,CALML5,EGR1,GNAQ,ITPR2,MAP2K6,MAPK11,PLA2G4F,PLCB2,PLCB4,PLD1,PTK2B	hsa04912
Arachidonic acid metabolism	0.31556856980519543	AKR1C3,ALOX12B,ALOX15,CYP2E1,CYP2J2,EPHX2,GGT5,PLA2G3,PLA2G4F,PLA2G6	hsa00590
Shigellosis	0.317328244022023	AKT1,ARF6,ARHGEF2,ATG16L1,BCL2,CASP4,CYTH2,ELMO2,H3C10,H3C12,HK1,IKBKG,IL18,ITPR2,MAPK11,MYL12A,MYL12B,PIK3C3,PIK3CD,PIK3R1,PLCB2,PLCB4,PLCD1,PLCE1,PLCG1,PYCARD,RIPK2,TLN2,TLR5,TRAF2,UBE2D4,WIPI1	hsa05131
Chagas disease	0.31988055117197833	ADCY1,AKT1,FOS,GNA14,GNA15,GNAI1,GNAI2,GNAQ,IKBKG,MAPK11,PIK3CD,PIK3R1,PLCB2,PLCB4,TGFB3	hsa05142
Amoebiasis	0.31988055117197833	ADCY1,C8G,COL1A1,COL3A1,GNA14,GNA15,GNAQ,HSPB1,PIK3CD,PIK3R1,PLCB2,PLCB4,PRKCG,RAB7B,TGFB3	hsa05146
Human immunodeficiency virus 1 infection	0.3212121745496407	AKT1,AP1S2,APOBEC3B,APOBEC3C,BCL2,CALML5,CXCR4,DCAF1,FOS,GNAI1,GNAI2,GNAQ,GNG13,GNGT1,IKBKG,ITPR2,LIMK2,MAP2K6,MAPK11,NFATC4,PAK1,PIK3CD,PIK3R1,PLCG1,PRKCG,PTK2B,TNFRSF1B,TRAF2	hsa05170
Taurine and hypotaurine metabolism	0.32312713589779357	CSAD,GGT5,GGT6	hsa00430
Mucin type O-glycan biosynthesis	0.32741158112246554	GALNT11,GALNT12,GALNT5,GALNTL6,ST3GAL2,ST6GALNAC1	hsa00512
Basal cell carcinoma	0.3285858553416439	AXIN1,BMP4,CDKN1A,FZD1,FZD4,FZD6,FZD8,FZD9,SHH,WNT11	hsa05217
Hepatitis B	0.3298212478840443	AKT1,ATP6AP1,BCL2,CCNA1,CDKN1A,CREB3L1,CREB3L4,EGR3,FOS,IKBKE,IKBKG,JAK2,MAP2K6,MAPK11,NFATC4,PIK3CD,PIK3R1,PRKCG,PTK2B,STAT5A,STAT6,TGFB3	hsa05161
alpha-Linolenic acid metabolism	0.33060544041202794	ACAA1,FADS2,PLA2G3,PLA2G4F,PLA2G6	hsa00592
Oxytocin signaling pathway	0.3324054929192945	ADCY1,ADCY4,ADCY6,CACNA2D4,CALML5,CDKN1A,FOS,GNAI1,GNAI2,GNAQ,ITPR2,KCNJ12,MYLK4,NFATC4,OXTR,PIK3R5,PLA2G4F,PLCB2,PLCB4,PRKAG2,PRKCG	hsa04921
Carbohydrate digestion and absorption	0.33293831786969724	AKT1,ATP1A1,HK1,PIK3CD,PIK3R1,PLCB2,PLCB4,TAS1R3	hsa04973
Protein digestion and absorption	0.3342923621235106	ATP1A1,COL12A1,COL14A1,COL16A1,COL1A1,COL21A1,COL24A1,COL2A1,COL3A1,COL6A2,COL9A2,COL9A3,SLC36A1,SLC6A19,SLC7A8	hsa04974
Glycine, serine and threonine metabolism	0.33492240647603255	CHDH,GATM,GLYCTK,GNMT,MAOA,MAOB,SARDH	hsa00260
Dilated cardiomyopathy	0.3359294192109295	ADCY1,ADCY4,ADCY6,ADRB1,CACNA2D4,DES,DMD,EMD,ITGA1,ITGA7,ITGA8,SGCB,SGCG,TGFB3	hsa05414
Breast cancer	0.34307736417724743	AKT1,AXIN1,CDKN1A,ESR1,FOS,FRAT1,FZD1,FZD4,FZD6,FZD8,FZD9,HEY2,KIT,NOTCH1,PGR,PIK3CD,PIK3R1,SHC3,SHC4,WNT11	hsa05224
Retrograde endocannabinoid signaling	0.35746125836496306	ADCY1,ADCY4,ADCY6,FAAH,GABRD,GABRG2,GNAI1,GNAI2,GNAQ,GNG13,GNGT1,ITPR2,MAPK11,NDUFA5,NDUFB9,PLCB2,PLCB4,PRKCG,RIMS1,SLC17A7	hsa04723
Fatty acid metabolism	0.36787544128161387	ACAA1,ACADL,ACSL3,CPT1C,EHHADH,ELOVL2,ELOVL4,FADS2,HACD4	hsa01212
Serotonergic synapse	0.36803151715209315	ALOX12B,ALOX15,CYP2J2,GNAI1,GNAI2,GNAQ,GNG13,GNGT1,ITPR2,MAOA,MAOB,PLA2G4F,PLCB2,PLCB4,PRKCG,RAPGEF3	hsa04726
Gastric cancer	0.3688834336899047	ABCB1,AKT1,AXIN1,BCL2,CDKN1A,CTNNA3,FRAT1,FZD1,FZD4,FZD6,FZD8,FZD9,MET,PIK3CD,PIK3R1,SHC3,SHC4,SHH,TGFB3,WNT11	hsa05226
Adrenergic signaling in cardiomyocytes	0.3804257990952311	ADCY1,ADCY4,ADCY6,ADRB1,AKT1,ATP1A1,BCL2,CACNA2D4,CALML5,CREB3L1,CREB3L4,GNAI1,GNAI2,GNAQ,MAPK11,PIK3R5,PLCB2,PLCB4,PPP2R5A,RAPGEF3	hsa04261
Biosynthesis of unsaturated fatty acids	0.38953914588861066	ACAA1,ELOVL2,ELOVL4,FADS2,HACD4	hsa01040
Chemical carcinogenesis	0.39339353680204875	AKR1C2,ALDH3A1,ALDH3B2,CYP2E1,GSTA1,GSTK1,GSTM3,GSTM4,GSTM5,NAT1,SULT1A1,UGT2B17	hsa05204
Ovarian steroidogenesis	0.40738752410636775	ADCY1,ADCY4,ADCY6,AKR1C3,BMP6,CYP2J2,HSD17B7,PLA2G4F	hsa04913
VEGF signaling pathway	0.40854642110580847	AKT1,HSPB1,MAPK11,MAPKAPK3,PIK3CD,PIK3R1,PLA2G4F,PLCG1,PRKCG	hsa04370
Fc epsilon RI signaling pathway	0.41223931711706313	AKT1,INPP5D,MAP2K6,MAPK11,PIK3CD,PIK3R1,PLA2G4F,PLCG1,VAV2,VAV3	hsa04664
JAK-STAT signaling pathway	0.4138410075212423	AKT1,BCL2,CDKN1A,CISH,CSF2RB,EPOR,FHL1,GHR,IL20RA,IL6R,IL6ST,JAK2,LEPR,PDGFB,PIK3CD,PIK3R1,PRLR,SOCS1,SOCS2,STAT5A,STAT6	hsa04630
ErbB signaling pathway	0.41396387118202393	ABL1,AKT1,CDKN1A,NRG3,PAK1,PIK3CD,PIK3R1,PLCG1,PRKCG,SHC3,SHC4,STAT5A	hsa04012
Complement and coagulation cascades	0.41396387118202393	A2M,C5,C8G,F2R,F5,F8,PLAT,PROCR,PROS1,SERPINA1,SERPINA5,VWF	hsa04610
Neurotrophin signaling pathway	0.4154291275242731	ABL1,AKT1,ARHGDIB,BCL2,CALML5,FRS2,MAPK11,NFKBIE,NTF4,PIK3CD,PIK3R1,PLCG1,RIPK2,RPS6KA2,SHC3,SHC4	hsa04722
PPAR signaling pathway	0.4175847599742027	ACAA1,ACADL,ACSL3,CPT1C,EHHADH,FADS2,PLIN5,PLTP,SLC27A1,SLC27A4,SLC27A6	hsa03320
Butanoate metabolism	0.4189689902443344	ABAT,ACSM1,ACSM3,EHHADH,HMGCLL1	hsa00650
Phototransduction	0.4189689902443344	CALML5,CNGA1,CNGB1,GNGT1,SLC24A1	hsa04744
Insulin signaling pathway	0.4195887987353754	AKT1,CALML5,EIF4E1B,HK1,IRS2,PIK3CD,PIK3R1,PPARGC1A,PPP1R3C,PPP1R3E,PPP1R3F,PRKAG2,PYGB,SHC3,SHC4,SOCS1,SOCS2,SREBF1	hsa04910
Amphetamine addiction	0.42401058867059266	ARC,CALML5,CREB3L1,CREB3L4,FOS,GRIN1,GRIN2D,MAOA,MAOB,PRKCG	hsa05031
TNF signaling pathway	0.4337438852402245	AKT1,BCL3,CEBPB,CREB3L1,CREB3L4,DAB2IP,EDN1,FOS,IKBKG,MAP2K6,MAPK11,PIK3CD,PIK3R1,TNFRSF1B,TRAF2	hsa04668
C-type lectin receptor signaling pathway	0.4378265756978188	AKT1,BCL3,CALML5,CARD9,EGR3,IKBKE,IKBKG,ITPR2,MAPK11,NFATC4,PAK1,PIK3CD,PIK3R1,PYCARD	hsa04625
Alanine, aspartate and glutamate metabolism	0.4381775308384281	ABAT,ALDH4A1,ASS1,CPS1,GLUD2,GLUL	hsa00250
Purine metabolism	0.4406703998253062	ADCY1,ADCY4,ADCY6,ENPP1,ENPP3,ENPP4,ENTPD2,ENTPD5,GMPR,GUK1,NT5C2,NUDT9,PDE10A,PDE1A,PDE1C,PDE4A,RRM2B	hsa00230
Longevity regulating pathway - multiple species	0.44629750477738644	ADCY1,ADCY4,ADCY6,AKT1,HSPA2,IRS2,PIK3CD,PIK3R1,PRKAG2	hsa04213
Kaposi sarcoma-associated herpesvirus infection	0.44821963044526253	AKT1,CALML5,CCR1,CDKN1A,FOS,GNG13,GNGT1,HCK,IKBKE,IKBKG,IL6ST,ITPR2,JAK2,MAP2K6,MAPK11,NFATC4,PDGFB,PIK3C3,PIK3CD,PIK3R1,PIK3R5,PLCG1,TRAF2,ZFP36	hsa05167
Histidine metabolism	0.4500635532909726	ALDH3A1,ALDH3B2,MAOA,MAOB	hsa00340
Drug metabolism - other enzymes	0.4675799763832938	CYP2E1,GSTA1,GSTM3,GSTM4,GSTM5,GUSB,NAT1,RRM2B,TK2,UCK1,UGT2B17	hsa00983
Sulfur relay system	0.46851068547938446	TST,URM1	hsa04122
Proximal tubule bicarbonate reclamation	0.47269122780797446	ATP1A1,CA2,GLUD2,SLC38A3	hsa04964
Non-small cell lung cancer	0.4754804192675757	AKT1,CDKN1A,MET,PIK3CD,PIK3R1,PLCG1,PRKCG,RASSF1,RET,STAT5A	hsa05223
Glycerophospholipid metabolism	0.4767143509186379	AGPAT2,CEPT1,DGKQ,ETNK2,GPD1,LPCAT1,LPIN1,PLA2G3,PLA2G4F,PLA2G6,PLD1,PNPLA7,TAZ	hsa00564
Choline metabolism in cancer	0.4767143509186379	AKT1,DGKQ,FOS,PDGFB,PDGFC,PIK3CD,PIK3R1,PIP5K1B,PLA2G4F,PLCG1,PLD1,PRKCG,WASF3	hsa05231
Th17 cell differentiation	0.47671803070806784	FOS,FOXP3,IKBKG,IL1RAP,IL6R,IL6ST,JAK2,MAPK11,NFKBIE,PLCG1,RARA,RORC,STAT5A,STAT6	hsa04659
Glucagon signaling pathway	0.47671803070806784	AKT1,CALML5,CPT1C,CREB3L1,CREB3L4,GNAQ,ITPR2,PFKFB1,PLCB2,PLCB4,PPARGC1A,PPP4C,PRKAG2,PYGB	hsa04922
Bile secretion	0.47685629030435	ABCB1,ABCB4,ABCC2,ADCY1,ADCY4,ADCY6,ATP1A1,CA2,CFTR,HMGCR,SLC4A2,UGT2B17	hsa04976
Hypertrophic cardiomyopathy	0.47685629030435	CACNA2D4,DES,DMD,EDN1,EMD,ITGA1,ITGA7,ITGA8,PRKAG2,SGCB,SGCG,TGFB3	hsa05410
Platinum drug resistance	0.4771034889696777	ABCC2,AKT1,BCL2,CDKN1A,GSTA1,GSTM3,GSTM4,GSTM5,PIK3CD,PIK3R1	hsa01524
B cell receptor signaling pathway	0.48406345766213627	AKT1,BLNK,FOS,IKBKG,INPP5D,NFKBIE,PIK3AP1,PIK3CD,PIK3R1,VAV2,VAV3	hsa04662
Amino sugar and nucleotide sugar metabolism	0.4842320859802955	AMDHD2,CMAS,CYB5R3,HK1,NPL,PMM1,UGDH	hsa00520
Nicotine addiction	0.49265964198203044	CHRNB2,GABRD,GABRG2,GRIN1,GRIN2D,SLC17A7	hsa05033
Lysosome	0.5161420265617228	ACP5,AP1S2,ARSA,ATP6AP1,ATP6V0A4,ATP6V0B,CTSE,CTSF,GM2A,GUSB,HYAL1,HYAL2,IDUA,NPC2,PSAPL1,TPP1	hsa04142
Glioma	0.5193945138854452	AKT1,CALML5,CDKN1A,PDGFB,PIK3CD,PIK3R1,PLCG1,PRKCG,SHC3,SHC4	hsa05214
Chronic myeloid leukemia	0.5303093594449	ABL1,AKT1,CDKN1A,IKBKG,PIK3CD,PIK3R1,SHC3,SHC4,STAT5A,TGFB3	hsa05220
Glycosylphosphatidylinositol (GPI)-anchor biosynthesis	0.5307949317019887	DPM2,PGAP1,PIGO,PIGP	hsa00563
Fructose and mannose metabolism	0.5312370863720556	HK1,PFKFB1,PMM1,SORD,TKFC	hsa00051
Acute myeloid leukemia	0.5325439190879657	AKT1,CCNA1,CEBPA,IKBKG,KIT,PIK3CD,PIK3R1,RARA,STAT5A	hsa05221
Malaria	0.5333786500596185	HBA1,IL18,ITGAL,MET,SDC2,TGFB3,THBS1	hsa05144
Arrhythmogenic right ventricular cardiomyopathy	0.5511888622548069	CACNA2D4,CTNNA3,DES,DMD,EMD,ITGA1,ITGA7,ITGA8,SGCB,SGCG	hsa05412
Pentose and glucuronate interconversions	0.5535317250292764	CRYL1,GUSB,SORD,UGDH,UGT2B17	hsa00040
Arginine and proline metabolism	0.5541651070171191	ALDH4A1,CKB,GATM,HOGA1,MAOA,MAOB,SMS	hsa00330
Long-term depression	0.5574914597370477	GNAI1,GNAI2,GNAQ,ITPR2,PLA2G4F,PLCB2,PLCB4,PRKCG	hsa04730
Metabolism of xenobiotics by cytochrome P450	0.5650303803624713	AKR7A2,ALDH3A1,ALDH3B2,CYP2E1,GSTA1,GSTK1,GSTM3,GSTM4,GSTM5,UGT2B17	hsa00980
Steroid hormone biosynthesis	0.5785115273113612	AKR1C2,AKR1C3,AKR1D1,COMT,CYP2E1,HSD11B2,HSD17B7,UGT2B17	hsa00140
Pathogenic Escherichia coli infection	0.5799228803572688	ABL1,ARF6,ARHGEF2,CASP4,CLDN23,CYTH2,F2R,FOS,IKBKG,IL18,LPAR1,LPAR5,MAPK11,MYO10,MYO1C,MYO1D,MYO1F,MYO5C,PAK1,PYCARD,TLR5,TRAF2,WASF3	hsa05130
Spinocerebellar ataxia	0.5912803150777868	AKT1,GNAQ,GRIN1,GRIN2D,ITPR2,KCNC3,KCND3,PIK3C3,PIK3CD,PIK3R1,PLCB2,PLCB4,PRKCG,RELN,TRAF2,VLDLR,WIPI1	hsa05017
Vasopressin-regulated water reabsorption	0.5929739874281411	ADCY6,ARHGDIB,CREB3L1,CREB3L4,DYNC2H1,RAB11B	hsa04962
Regulation of actin cytoskeleton	0.607546016822567	CHRM1,CXCL12,CXCR4,F2R,FGFR3,GSN,ITGA1,ITGA7,ITGA8,ITGAL,LIMK2,LPAR1,LPAR5,MYL12A,MYL12B,MYLK4,PAK1,PDGFB,PDGFC,PIK3CD,PIK3R1,PIP4K2C,PIP5K1B,VAV2,VAV3	hsa04810
Starch and sucrose metabolism	0.6094247074018858	ENPP1,ENPP3,GANC,HK1,PYGB	hsa00500
Progesterone-mediated oocyte maturation	0.6430514910600902	ADCY1,ADCY4,ADCY6,AKT1,CCNA1,GNAI1,GNAI2,MAPK11,PGR,PIK3CD,PIK3R1,RPS6KA2	hsa04914
Salmonella infection	0.6442777172772524	AHNAK,AKT1,ARF6,BCL2,CASP4,CYTH2,DYNC2H1,DYNLRB1,ELMO2,FLNC,FOS,IKBKG,IL18,MAP2K6,MAPK11,MYL12A,MYL12B,PAK1,PIK3C3,PIK3CD,PYCARD,RAB7B,RHOB,RHOH,RIPK2,TLR5,TRAF2,WASF3	hsa05132
Steroid biosynthesis	0.6581091470497928	FDFT1,HSD17B7,SQLE	hsa00100
Glycosaminoglycan biosynthesis - chondroitin sulfate / dermatan sulfate	0.6581091470497928	CHST11,CHST7,UST	hsa00532
Endocytosis	0.6761073472825988	AGAP2,ARF4,ARF6,CXCR4,CYTH2,DNAJC6,EHD2,FGFR3,FOLR1,GRK4,GRK6,HSPA2,NEDD4,PIP5K1B,PIP5KL1,PLD1,PSD,RAB11B,RAB22A,RAB31,RABEP1,SPART,VPS36,VPS37B,VPS37C,WASHC3,WASHC5,WWP1	hsa04144
Lipoic acid metabolism	0.6778705643075154	ACSM1	hsa00785
Thyroid hormone signaling pathway	0.6799673527140292	AKT1,ATP1A1,BMP4,ESR1,MED4,NOTCH1,PIK3CD,PIK3R1,PLCB2,PLCB4,PLCD1,PLCE1,PLCG1,PRKCG	hsa04919
Pantothenate and CoA biosynthesis	0.6912344687978309	ENPP1,ENPP3,PPCDC	hsa00770
beta-Alanine metabolism	0.6941552819872371	ABAT,ALDH3A1,ALDH3B2,EHHADH	hsa00410
Glyoxylate and dicarboxylate metabolism	0.6941552819872371	ACSS1,GLUL,GLYCTK,HOGA1	hsa00630
Pyrimidine metabolism	0.6947508851028131	ENPP1,ENPP3,ENTPD5,NT5C2,RRM2B,TK2,UCK1	hsa00240
T cell receptor signaling pathway	0.6989901801642516	AKT1,CD8A,FOS,IKBKG,MAPK11,NFKBIE,PAK1,PIK3CD,PIK3R1,PLCG1,VAV2,VAV3	hsa04660
Terpenoid backbone biosynthesis	0.706517743726891	GGPS1,HMGCR,PMVK	hsa00900
Sphingolipid metabolism	0.7074537667845522	ARSA,DEGS2,PSAPL1,SGMS1,SPTLC1,SPTLC3	hsa00600
Taste transduction	0.7081740107618071	ADCY4,ADCY6,CALHM1,ENTPD2,GNG13,PDE1A,PDE1C,PLCB2,PLCB4,TAS1R3	hsa04742
NOD-like receptor signaling pathway	0.7088189526619815	ATG16L1,BCL2,CAMP,CARD9,CASP4,IKBKE,IKBKG,IL18,ITPR2,MAPK11,NLRP6,P2RX7,PANX1,PLCB2,PLCB4,PYCARD,RIPK2,TANK,TRAF2,TXNIP	hsa04621
MAPK signaling pathway	0.7095443775937301	AKT1,CACNA1H,CACNA2D4,DUSP2,EFNA3,FGFR3,FLNC,FOS,HSPA2,HSPB1,IKBKG,IL1RAP,KIT,KITLG,MAP2K6,MAP3K12,MAPK11,MAPK8IP2,MAPKAPK3,MET,NR4A1,NTF4,PAK1,PDGFB,PDGFC,PLA2G4F,PRKCG,RPS6KA2,STK3,STMN1,TGFB3,TRAF2	hsa04010
Antifolate resistance	0.7157428660038222	ABCC2,FOLR1,FPGS,IKBKG	hsa01523
Circadian rhythm	0.7157428660038222	NPAS2,PER1,PRKAG2,RORC	hsa04710
Glycerolipid metabolism	0.7180280783669496	AGPAT2,DGAT1,DGKQ,GLYCTK,LPIN1,PNPLA2,TKFC	hsa00561
PD-L1 expression and PD-1 checkpoint pathway in cancer	0.720480939730891	AKT1,FOS,IKBKG,JAK2,MAP2K6,MAPK11,NFKBIE,PIK3CD,PIK3R1,PLCG1	hsa05235
Fatty acid degradation	0.720953400812548	ACAA1,ACADL,ACSL3,CPT1C,EHHADH	hsa00071
Tryptophan metabolism	0.720953400812548	AADAT,EHHADH,HAAO,MAOA,MAOB	hsa00380
Prostate cancer	0.7220438149901097	AKT1,BCL2,CDKN1A,CREB3L1,CREB3L4,IKBKG,PDGFB,PDGFC,PIK3CD,PIK3R1,PLAT	hsa05215
Cholesterol metabolism	0.7226680208613572	APOC1,APOE,LRP2,NPC2,OSBPL5,PLTP	hsa04979
Glycosaminoglycan biosynthesis - keratan sulfate	0.7230449521145396	CHST1,ST3GAL2	hsa00533
HIF-1 signaling pathway	0.72395471598368	AKT1,BCL2,CDKN1A,EDN1,EIF4E1B,HK1,IL6R,PIK3CD,PIK3R1,PLCG1,PRKCG,TIMP1	hsa04066
Autophagy - animal	0.7242554716758962	AKT1,ATG16L1,BCL2,C9orf72,DEPTOR,IRS2,MLST8,PIK3C3,PIK3CD,PIK3R1,RAB39B,RAB7B,SUPT20H,TANK,WIPI1	hsa04140
Autophagy - other	0.7244012242361628	ATG16L1,MLST8,PIK3C3,WIPI1	hsa04136
Renal cell carcinoma	0.7245784446808358	AKT1,CDKN1A,MET,PAK1,PDGFB,PIK3CD,PIK3R1,TGFB3	hsa05211
RNA degradation	0.7254595582457094	BTG3,C1D,CNOT8,DCP1B,PABPC1L2B,PABPC4L,PAN2,PAN3,TOB1	hsa03018
Mannose type O-glycan biosynthesis	0.7269527599494681	FUT4,LARGE1,RXYLT1	hsa00515
RIG-I-like receptor signaling pathway	0.7302087074917588	DHX58,IKBKE,IKBKG,MAPK11,RNF125,TANK,TKFC,TRAF2	hsa04622
Central carbon metabolism in cancer	0.7302087074917588	AKT1,FGFR3,HK1,KIT,MET,PIK3CD,PIK3R1,RET	hsa05230
D-Glutamine and D-glutamate metabolism	0.7311165956364194	GLUD2	hsa00471
Neomycin, kanamycin and gentamicin biosynthesis	0.7311165956364194	HK1	hsa00524
Fat digestion and absorption	0.7374825346530902	AGPAT2,DGAT1,PLA2G3,SLC27A1,SLC27A4	hsa04975
Glycosaminoglycan biosynthesis - heparan sulfate / heparin	0.7377996663850406	EXTL1,HS3ST3A1,NDST1	hsa00534
Cytokine-cytokine receptor interaction	0.7568738720886556	BMP4,BMP5,BMP6,BMP7,BMP8A,CCR1,CSF2RB,CXCL12,CXCL17,CXCR4,EDA2R,EPOR,GHR,IL17RB,IL17RE,IL18,IL1RAP,IL1RN,IL20RA,IL6R,IL6ST,INHA,LEPR,PRLR,TGFB3,TNFRSF11B,TNFRSF12A,TNFRSF19,TNFRSF1B,TNFRSF25,TNFSF13	hsa04060
Toxoplasmosis	0.7617020253521339	AKT1,BCL2,GNAI1,GNAI2,HSPA2,IKBKG,JAK2,MAP2K6,MAPK11,PIK3R5,SOCS1,TGFB3	hsa05145
Wnt signaling pathway	0.7639329978290641	AXIN1,CXXC4,DKK1,FRAT1,FZD1,FZD4,FZD6,FZD8,FZD9,NFATC4,PLCB2,PLCB4,PRKCG,SERPINF1,VANGL1,VANGL2,WNT11	hsa04310
Caffeine metabolism	0.7643740246325421	NAT1	hsa00232
Phosphonate and phosphinate metabolism	0.7643740246325421	CEPT1	hsa00440
TGF-beta signaling pathway	0.785118217778136	BMP4,BMP5,BMP6,BMP7,BMP8A,ID2,RGMB,TGFB3,THBS1,THSD4	hsa04350
Thiamine metabolism	0.7875411948381752	THTPA,TPK1	hsa00730
Colorectal cancer	0.82180199907309	AKT1,APPL1,AXIN1,BCL2,CDKN1A,FOS,PIK3CD,PIK3R1,TGFB3	hsa05210
Bacterial invasion of epithelial cells	0.8271475171421427	CTNNA3,ELMO2,MET,PIK3CD,PIK3R1,SEPTIN1,SHC3,SHC4	hsa05100
Other types of O-glycan biosynthesis	0.8288847020904287	GALNT11,GALNT12,GALNT5,GALNTL6,ST6GAL1	hsa00514
Cellular senescence	0.8289859613497971	AKT1,CALML5,CCNA1,CDKN1A,HIPK2,HIPK4,ITPR2,MAP2K6,MAPK11,NBN,NFATC4,PIK3CD,PIK3R1,RAD9B,TGFB3,TRPV4	hsa04218
Fatty acid elongation	0.8293704585806738	ELOVL2,ELOVL4,HACD4	hsa00062
Osteoclast differentiation	0.8432628580272208	ACP5,AKT1,BLNK,CALCR,FOS,IKBKG,MAP2K6,MAPK11,PIK3CD,PIK3R1,SOCS1,TNFRSF11B,TRAF2	hsa04380
Valine, leucine and isoleucine degradation	0.8434112388987861	ABAT,ACAA1,EHHADH,HMGCLL1,MCCC2	hsa00280
Endometrial cancer	0.846449430164112	AKT1,AXIN1,CDKN1A,CTNNA3,PIK3CD,PIK3R1	hsa05213
Cell adhesion molecules	0.8582303423762403	ALCAM,CD58,CD8A,CLDN23,ESAM,ITGA8,ITGAL,LOC102723996,NCAM1,NCAM2,NECTIN2,NECTIN3,NFASC,SDC2,SDC4	hsa04514
Non-alcoholic fatty liver disease	0.8630339016371477	ADIPOR2,AKT1,CEBPA,CYP2E1,FOS,IL6R,IRS2,LEPR,NDUFA5,NDUFB9,PIK3CD,PIK3R1,PRKAG2,SREBF1,TRAF2	hsa04932
Various types of N-glycan biosynthesis	0.8658743424597622	ALG1,B4GALNT3,MAN1A2,TUSC3	hsa00513
Pyruvate metabolism	0.8658743424597622	ACSS1,ACYP2,HAGH,LDHD	hsa00620
2-Oxocarboxylic acid metabolism	0.8724101352523069	AADAT,ACY1	hsa01210
Hedgehog signaling pathway	0.8729304240026008	BCL2,BOC,LRP2,SHH,SPOPL	hsa04340
Thermogenesis	0.8753608898611538	ACSL3,ADCY1,ADCY4,ADCY6,BMP8A,CPT1C,CREB3L1,CREB3L4,FRS2,KLB,MAPK11,MLST8,NDUFA5,NDUFB9,PNPLA2,PPARGC1A,PRDM16,PRKAG2,RPS6KA2,SLC25A29,SMARCA2,SMARCD3,ZNF516	hsa04714
Transcriptional misregulation in cancer	0.8770224191429379	BCL11B,BMI1,CCNA1,CDK14,CDKN1A,CEBPA,CEBPB,H3C10,H3C12,ID2,LMO2,MEIS1,MET,MLLT3,MYCN,NUPR1,PBX3,PLAT,RARA	hsa05202
Ascorbate and aldarate metabolism	0.8828203464009083	GUSB,UGDH,UGT2B17	hsa00053
Th1 and Th2 cell differentiation	0.8837184088798183	FOS,IKBKG,JAK2,MAPK11,NFKBIE,NOTCH1,PLCG1,STAT5A,STAT6	hsa04658
Bladder cancer	0.8874428987968751	CDKN1A,FGFR3,RASSF1,THBS1	hsa05219
Melanoma	0.8893527464320978	AKT1,CDKN1A,MET,PDGFB,PDGFC,PIK3CD,PIK3R1	hsa05218
Porphyrin and chlorophyll metabolism	0.8999831809805511	EARS2,GUSB,MMAB,UGT2B17	hsa00860
Toll-like receptor signaling pathway	0.9013954168046627	AKT1,FOS,IKBKE,IKBKG,LBP,MAP2K6,MAPK11,PIK3CD,PIK3R1,TLR5	hsa04620
IL-17 signaling pathway	0.9024980217293008	CEBPB,FOS,IKBKE,IKBKG,IL17RB,IL17RE,MAPK11,MUC5B,TRAF2	hsa04657
p53 signaling pathway	0.9030542090662829	BCL2,CD82,CDKN1A,PERP,RPRM,RRM2B,THBS1	hsa04115
Apoptosis	0.9105524030442312	AKT1,BCL2,CASP2,CSF2RB,CTSF,DAB2IP,FOS,IKBKG,ITPR2,PARP3,PIK3CD,PIK3R1,TRAF2	hsa04210
Tuberculosis	0.9248565161487652	AKT1,ATP6AP1,ATP6V0A4,ATP6V0B,BCL2,CALML5,CAMP,CARD9,CD74,CEBPB,IL18,JAK2,LBP,MAPK11,PIK3C3,RIPK2,TGFB3	hsa05152
Synthesis and degradation of ketone bodies	0.9267385087265009	HMGCLL1	hsa00072
Pertussis	0.9284890163405194	C5,CALML5,FOS,GNAI1,GNAI2,MAPK11,PYCARD	hsa05133
Pancreatic cancer	0.9284890163405194	AKT1,CDKN1A,IKBKG,PIK3CD,PIK3R1,PLD1,TGFB3	hsa05212
Necroptosis	0.9303376112953198	ALOX15,BCL2,GLUD2,GLUL,H2AC11,H2AC13,H2AC6,H2AC8,JAK2,PLA2G4F,PYCARD,PYGB,STAT5A,STAT6,TRAF2	hsa04217
Inflammatory bowel disease	0.9314244158519619	FOXP3,IL18,RORC,STAT6,TGFB3,TLR5	hsa05321
SNARE interactions in vesicular transport	0.9338254689236247	STX1B,STX3,VAMP5	hsa04130
Phagosome	0.9395418210514529	ATP6AP1,ATP6V0A4,ATP6V0B,ATP6V1B2,ATP6V1C1,ATP6V1C2,ATP6V1E1,ATP6V1G1,DYNC2H1,PIK3C3,RAB7B,SFTPD,STX12,THBS1	hsa04145
Renin-angiotensin system	0.9405358768566916	ENPEP,KLK1	hsa04614
Retinol metabolism	0.9405951214497947	CYP26B1,DGAT1,PNPLA4,RDH16,SDR16C5,UGT2B17	hsa00830
Legionellosis	0.9415495389389607	HSPA2,IL18,PYCARD,RAB1B,TLR5	hsa05134
Natural killer cell mediated cytotoxicity	0.9415739130744498	ITGAL,PAK1,PIK3CD,PIK3R1,PLCG1,PRKCG,PTK2B,SHC3,SHC4,ULBP1,VAV2,VAV3	hsa04650
Propanoate metabolism	0.942179526257767	ABAT,ACSS1,EHHADH	hsa00640
Ubiquinone and other terpenoid-quinone biosynthesis	0.9441808058546105	COQ7	hsa00130
Vitamin digestion and absorption	0.9554971586989847	SLC19A2,TCN2	hsa04977
Mineral absorption	0.9718921570638487	ATOX1,ATP1A1,MT1F,MT2A,SLC6A19	hsa04978
Viral myocarditis	0.9820335180371286	ABL1,DMD,ITGAL,SGCB,SGCG	hsa05416
Primary immunodeficiency	0.9829771710783403	BLNK,CD8A,IKBKG	hsa05340
Intestinal immune network for IgA production	0.9833368808866387	CXCL12,CXCR4,LOC102723996,TNFSF13	hsa04672
Adherens junction	0.9840301149493993	CTNNA3,MET,NECTIN2,NECTIN3,SNAI1,WASF3	hsa04520
Cysteine and methionine metabolism	0.9864943246070086	AHCYL2,MAT1A,SMS,TST	hsa00270
Folate biosynthesis	0.9899341620124802	AKR1C3,FPGS	hsa00790
Maturity onset diabetes of the young	0.9899341620124802	HNF4G,MAFA	hsa04950
Protein processing in endoplasmic reticulum	0.991998572617881	BCAP31,BCL2,DERL1,DNAJB12,DNAJC1,HSPA2,MAN1A2,PRKN,SELENOS,SSR4,SVIP,TRAF2,TUSC3,UBE2D4,WFS1	hsa04141
Glycolysis / Gluconeogenesis	1	ACSS1,ALDH3A1,ALDH3B2,HK1	hsa00010
Citrate cycle (TCA cycle)	1	OGDHL	hsa00020
Pentose phosphate pathway	1	DERA,GLYCTK	hsa00030
Galactose metabolism	1	GANC,HK1	hsa00052
Fatty acid biosynthesis	1	ACSL3	hsa00061
Primary bile acid biosynthesis	1	AKR1D1	hsa00120
Oxidative phosphorylation	1	ATP6AP1,ATP6V0A4,ATP6V0B,ATP6V1B2,ATP6V1C1,ATP6V1C2,ATP6V1E1,ATP6V1G1,LHPP,NDUFA5,NDUFB9	hsa00190
Lysine degradation	1	AADAT,EHHADH,PRDM16,SETDB2,TMLHE	hsa00310
Selenocompound metabolism	1	PSTK	hsa00450
Glycosphingolipid biosynthesis - ganglio series	1	ST3GAL2	hsa00604
Aminoacyl-tRNA biosynthesis	1	EARS2,PSTK,SARS1	hsa00970
Carbon metabolism	1	ACSS1,CPS1,EHHADH,ESD,GLUD2,GLYCTK,HK1,OGDHL,TKFC	hsa01200
Biosynthesis of amino acids	1	ACY1,ASS1,CPS1,GLUL,MAT1A	hsa01230
Ribosome biogenesis in eukaryotes	1	EFL1,RCL1	hsa03008
Ribosome	1	RPL21	hsa03010
RNA transport	1	EIF4E1B,FXR2,GLE1,NUP214,PABPC1L2B,PABPC4L,SAP18,SNUPN,THOC6	hsa03013
mRNA surveillance pathway	1	GLE1,PABPC1L2B,PABPC4L,PPP2R5A,SAP18	hsa03015
RNA polymerase	1	POLR2A,POLR3GL	hsa03020
Basal transcription factors	1	GTF2A1,GTF2H5,TAF13	hsa03022
DNA replication	1	RNASEH2B	hsa03030
Spliceosome	1	CRNKL1,HSPA2	hsa03040
Protein export	1	SPCS1	hsa03060
Base excision repair	1	PARP3	hsa03410
Nucleotide excision repair	1	GTF2H5	hsa03420
Homologous recombination	1	NBN	hsa03440
Fanconi anemia pathway	1	EME2,POLN	hsa03460
Viral protein interaction with cytokine and cytokine receptor	1	CCR1,CXCL12,CXCR4,IL18,IL20RA,IL6R,IL6ST,TNFRSF1B	hsa04061
NF-kappa B signaling pathway	1	BCL2,BLNK,CXCL12,EDA2R,IKBKG,LBP,PLCG1,TRAF2	hsa04064
FoxO signaling pathway	1	AGAP2,AKT1,CDKN1A,IRS2,MAPK11,PIK3CD,PIK3R1,PRKAG2,TGFB3	hsa04068
Cell cycle	1	ABL1,CCNA1,CDKN1A,TGFB3	hsa04110
Oocyte meiosis	1	ADCY1,ADCY4,ADCY6,CALML5,ITPR2,MAPK11,PGR,PPP2R5A,RPS6KA2	hsa04114
Ubiquitin mediated proteolysis	1	KLHL9,NEDD4,PRKN,SOCS1,UBE2B,UBE2D4,UBE3C,WWP1	hsa04120
Mitophagy - animal	1	PRKN,RAB7B,TBC1D17	hsa04137
Apoptosis - multiple species	1	BCL2,BOK	hsa04215
Ferroptosis	1	ACSL3,ALOX15,MAP1LC3A	hsa04216
Cardiac muscle contraction	1	ATP1A1,CACNA2D4,CASQ2,HRC,SLC9A6	hsa04260
Notch signaling pathway	1	APH1B,DTX2,HEY2,NOTCH1	hsa04330
Tight junction	1	AMOT,AMOTL1,ARHGEF2,CFTR,CGNL1,CLDN23,DLG2,IGSF5,MYL12A,MYL12B,NEDD4,PRKAG2,RAB13,TJP3	hsa04530
Antigen processing and presentation	1	CD74,CD8A,HSPA2	hsa04612
Cytosolic DNA-sensing pathway	1	IKBKE,IKBKG,IL18,POLR3GL,PYCARD	hsa04623
Hematopoietic cell lineage	1	CD8A,CD9,EPOR,IL6R,ITGA1,KIT,KITLG	hsa04640
Olfactory transduction	1	ANO2,CALML5,CNGB1,GNG13,NCALD,OR2B6,PDE1A,PDE1C	hsa04740
Type I diabetes mellitus	1	PTPRN2	hsa04940
Alzheimer disease	1	AKT1,APH1B,APOE,AXIN1,CALML5,CHRM1,DKK1,FRAT1,FZD1,FZD4,FZD6,FZD8,FZD9,GNAQ,GRIN1,GRIN2D,IRS2,ITPR2,NDUFA5,NDUFB9,PIK3C3,PIK3CD,PIK3R1,PLCB2,PLCB4,TRAF2,WIPI1,WNT11	hsa05010
Parkinson disease	1	CALML5,DRD2,GNAI1,GNAI2,ITPR2,MAOA,MAOB,NDUFA5,NDUFB9,PLCG1,PRKN,SEPTIN5,SNCAIP	hsa05012
Amyotrophic lateral sclerosis	1	BCL2,C9orf72,DERL1,DNAH3,DNALI1,GLE1,GRIN1,GRIN2D,HAP1,MAP2K6,MAPK11,NDUFA5,NDUFB9,NRG3,NUP214,PIK3C3,PRKN,RAB39B,SLC1A2,TANK,TNFRSF1B,TRAF2,WIPI1	hsa05014
Huntington disease	1	CREB3L1,CREB3L4,DLG4,DNAH3,DNALI1,GNAQ,GRIN1,HAP1,HIP1,NDUFA5,NDUFB9,PIK3C3,PLCB2,PLCB4,POLR2A,PPARGC1A,SLC1A2,TRAF2,WIPI1	hsa05016
Prion disease	1	C5,C8G,CREB3L1,CREB3L4,EGR1,GRIN1,GRIN2D,HSPA2,ITPR2,MAPK11,NCAM1,NCAM2,NDUFA5,NDUFB9,NOTCH1,PIK3CD,PIK3R1	hsa05020
Pathways of neurodegeneration - multiple diseases	1	AXIN1,BCL2,C9orf72,CALML5,CHRM1,DERL1,DKK1,DLG4,DNAH3,DNALI1,FRAT1,FZD1,FZD4,FZD6,FZD8,FZD9,GNAQ,GRIN1,GRIN2D,HAP1,HIP1,ITPR2,MAP2K6,MAPK11,NDUFA5,NDUFB9,PIK3C3,PLCB2,PLCB4,PLCG1,PRKCG,PRKN,RAB39B,SEPTIN5,SNCAIP,TANK,TNFRSF1B,TRAF2,WIPI1,WNT11	hsa05022
Leishmaniasis	1	FOS,JAK2,MAPK11,TGFB3	hsa05140
Staphylococcus aureus infection	1	C5,CAMP,ITGAL,KRT17,KRT18,KRT24,KRT9	hsa05150
Hepatitis C	1	AKT1,CDKN1A,CLDN23,IKBKE,IKBKG,MX2,PIK3CD,PIK3R1,TRAF2	hsa05160
Measles	1	AKT1,BCL2,FOS,HSPA2,IKBKE,IKBKG,MX2,PIK3CD,PIK3R1,STAT5A	hsa05162
Influenza A	1	AKT1,IKBKE,IKBKG,IL18,JAK2,MX2,PIK3CD,PIK3R1,PYCARD,RAB11B	hsa05164
Human T-cell leukemia virus 1 infection	1	ADCY1,ADCY4,ADCY6,AKT1,CCNA1,CDKN1A,CREB3L1,CREB3L4,EGR1,FOS,IKBKG,ITGAL,NFATC4,PIK3CD,PIK3R1,STAT5A,TGFB3,TLN2,ZFP36	hsa05166
Herpes simplex virus 1 infection	1	AKT1,BCL2,C5,CARD9,CD74,IKBKE,IKBKG,JAK2,NECTIN2,PIK3CD,PIK3R1,TRAF2,ZFP69B,ZFP82,ZNF184,ZNF205,ZNF300,ZNF441,ZNF468,ZNF558,ZNF570,ZNF607,ZNF613,ZNF688,ZNF727,ZNF764,ZNF765,ZNF813,ZNF816,ZNF83,ZNF836,ZNF879,ZNF888	hsa05168
Epstein-Barr virus infection	1	AKT1,BCL2,BLNK,CCNA1,CD58,CDKN1A,IKBKE,IKBKG,ITGAL,MAP2K6,MAPK11,NEDD4,NFKBIE,PIK3CD,PIK3R1,TRAF2,VIM	hsa05169
MicroRNAs in cancer	1	ABCB1,ABL1,BCL2,BMI1,CDKN1A,EFNA3,FGFR3,IRS2,MET,NOTCH1,PDCD4,PDGFB,PIK3CD,PIK3R1,PLCG1,PRKCG,RASSF1,SHC4,SOCS1,STMN1,THBS1,VIM	hsa05206
Thyroid cancer	1	CDKN1A,RET	hsa05216
Small cell lung cancer	1	AKT1,BCL2,CDKN1A,IKBKG,PIK3CD,PIK3R1,TRAF2	hsa05222
Autoimmune thyroid disease	1	TPO	hsa05320