Respiratory electron transport, ATP synthesis by chemiosmotic coupling, and heat production by uncoupling proteins.	5.769441614779924e-20	ATP5F1C,ATP5F1E,ATP5MC1,ATP5PB,ATP5PF,COX4I1,COX5B,COX6B1,COX6C,COX7B,COX7C,COX8A,NDUFA12,NDUFA4,NDUFA5,NDUFAB1,NDUFB1,NDUFB10,NDUFB2,NDUFB3,NDUFB4,NDUFB6,NDUFB8,NDUFB9,NDUFS3,NDUFS5,NDUFS7,NDUFV3,UQCR10,UQCRH	R-HSA-163200
The citric acid (TCA) cycle and respiratory electron transport	6.957749546664593e-18	ATP5F1C,ATP5F1E,ATP5MC1,ATP5PB,ATP5PF,COX4I1,COX5B,COX6B1,COX6C,COX7B,COX7C,COX8A,MDH2,NDUFA12,NDUFA4,NDUFA5,NDUFAB1,NDUFB1,NDUFB10,NDUFB2,NDUFB3,NDUFB4,NDUFB6,NDUFB8,NDUFB9,NDUFS3,NDUFS5,NDUFS7,NDUFV3,PDHA1,UQCR10,UQCRH	R-HSA-1428517
Translation	1.9849851465741058e-17	AIMP1,EIF1AX,EIF3D,EIF3I,EIF3K,EIF4E,EIF5B,MRPL13,MRPL14,MRPL16,MRPL20,MRPL21,MRPL22,MRPL27,MRPL3,MRPL36,MRPL39,MRPL42,MRPL50,MRPL52,MRPL55,MRPL57,MRPL9,MRPS14,MRPS16,MRPS21,MRPS23,MRPS35,MRPS7,PPA2,RPL26L1,RPL36AL,RPS23,RPS26,SEC61G,SPCS1,SRP9,TRMT112,TSFM	R-HSA-72766
Respiratory electron transport	3.5171983203337315e-17	COX4I1,COX5B,COX6B1,COX6C,COX7B,COX7C,COX8A,NDUFA12,NDUFA4,NDUFA5,NDUFAB1,NDUFB1,NDUFB10,NDUFB2,NDUFB3,NDUFB4,NDUFB6,NDUFB8,NDUFB9,NDUFS3,NDUFS5,NDUFS7,NDUFV3,UQCR10,UQCRH	R-HSA-611105
Mitochondrial translation elongation	1.8165083928231402e-16	MRPL13,MRPL14,MRPL16,MRPL20,MRPL21,MRPL22,MRPL27,MRPL3,MRPL36,MRPL39,MRPL42,MRPL50,MRPL52,MRPL55,MRPL57,MRPL9,MRPS14,MRPS16,MRPS21,MRPS23,MRPS35,MRPS7,TSFM	R-HSA-5389840
Mitochondrial translation	7.847368801420723e-16	MRPL13,MRPL14,MRPL16,MRPL20,MRPL21,MRPL22,MRPL27,MRPL3,MRPL36,MRPL39,MRPL42,MRPL50,MRPL52,MRPL55,MRPL57,MRPL9,MRPS14,MRPS16,MRPS21,MRPS23,MRPS35,MRPS7,TSFM	R-HSA-5368287
Mitochondrial translation initiation	2.271621148937941e-15	MRPL13,MRPL14,MRPL16,MRPL20,MRPL21,MRPL22,MRPL27,MRPL3,MRPL36,MRPL39,MRPL42,MRPL50,MRPL52,MRPL55,MRPL57,MRPL9,MRPS14,MRPS16,MRPS21,MRPS23,MRPS35,MRPS7	R-HSA-5368286
Mitochondrial translation termination	2.271621148937941e-15	MRPL13,MRPL14,MRPL16,MRPL20,MRPL21,MRPL22,MRPL27,MRPL3,MRPL36,MRPL39,MRPL42,MRPL50,MRPL52,MRPL55,MRPL57,MRPL9,MRPS14,MRPS16,MRPS21,MRPS23,MRPS35,MRPS7	R-HSA-5419276
Metabolism of RNA	2.7172788111010794e-11	BUD23,EBNA1BP2,EIF4E,EXOSC2,FBL,HNRNPK,IMP4,LSM5,LSM7,MNAT1,NHP2,NOP58,POLR2K,POLR2L,PPIE,PSMA5,PSMB1,PSMB2,PSMB6,PSMD8,PSME2,PSMF1,RAE1,RPL26L1,RPL36AL,RPS23,RPS26,SF3A3,SF3B5,SF3B6,SNRPB2,SNRPC,SNRPD1,SNRPD2,SNRPE,SNRPF,SNRPG,SNU13,SRSF7,TPRKB,TRA2B,TRMT112,U2SURP,UTP11,UTP4,YWHAB,ZBTB8OS,ZCRB1	R-HSA-8953854
Complex I biogenesis	9.932630850211087e-11	NDUFA12,NDUFA5,NDUFAB1,NDUFB1,NDUFB10,NDUFB2,NDUFB3,NDUFB4,NDUFB6,NDUFB8,NDUFB9,NDUFS3,NDUFS5,NDUFS7,NDUFV3	R-HSA-6799198
Mitochondrial protein import	1.460203024194205e-8	ATP5MC1,CHCHD2,CHCHD3,CMC2,COA4,COA6,GRPEL1,HSPD1,NDUFB8,TIMM10,TIMM22,TIMM23,TOMM5,TOMM7	R-HSA-1268020
U12 Dependent Splicing	1.6469518047044832e-7	POLR2K,POLR2L,SF3B5,SF3B6,SNRPD1,SNRPD2,SNRPE,SNRPF,SNRPG,SNU13,SRSF7,ZCRB1	R-HSA-72165
mRNA Splicing	1.7869874804920805e-7	HNRNPK,LSM5,LSM7,POLR2K,POLR2L,PPIE,SF3A3,SF3B5,SF3B6,SNRPB2,SNRPC,SNRPD1,SNRPD2,SNRPE,SNRPF,SNRPG,SNU13,SRSF7,TRA2B,U2SURP,ZCRB1	R-HSA-72172
Protein localization	2.127623535069716e-7	ATP5MC1,CHCHD2,CHCHD3,CMC2,COA4,COA6,DHRS4,ECH1,GRPEL1,HSPD1,NDUFB8,PEX19,SEC61G,TIMM10,TIMM22,TIMM23,TOMM5,TOMM7,UBE2D3	R-HSA-9609507
Processing of Capped Intron-Containing Pre-mRNA	3.9358072898970215e-7	EIF4E,HNRNPK,LSM5,LSM7,POLR2K,POLR2L,PPIE,RAE1,SF3A3,SF3B5,SF3B6,SNRPB2,SNRPC,SNRPD1,SNRPD2,SNRPE,SNRPF,SNRPG,SNU13,SRSF7,TRA2B,U2SURP,ZCRB1	R-HSA-72203
pre-mRNA splicing	4.1228017602388134e-7	HNRNPK,LSM5,LSM7,POLR2K,POLR2L,PPIE,SF3A3,SF3B5,SF3B6,SNRPB2,SNRPC,SNRPD1,SNRPD2,SNRPE,SNRPF,SNRPG,SNU13,SRSF7,TRA2B,U2SURP	R-HSA-72163
HIV Infection	0.00007658354026246458	AP2S1,BANF1,ELOB,MNAT1,POLR2K,POLR2L,PSMA5,PSMB1,PSMB2,PSMB6,PSMD8,PSME2,PSMF1,RAE1,RBX1,TAF15,TAF9,VTA1,XRCC6	R-HSA-162906
Metabolism of proteins	0.00008386232061348673	AIMP1,ARF4,ARL2,CCT4,CCT5,COMMD5,COPS5,COPZ1,DNAJC3,DPAGT1,EEF1AKMT1,EIF1AX,EIF3D,EIF3I,EIF3K,EIF4E,EIF5B,ELOB,EXOSC2,HNRNPK,LEO1,MRPL13,MRPL14,MRPL16,MRPL20,MRPL21,MRPL22,MRPL27,MRPL3,MRPL36,MRPL39,MRPL42,MRPL50,MRPL52,MRPL55,MRPL57,MRPL9,MRPS14,MRPS16,MRPS21,MRPS23,MRPS35,MRPS7,NOP58,PARP1,PPA2,PRKDC,PSMA5,PSMB1,PSMB2,PSMB6,PSMD8,PSME2,PSMF1,RAB25,RAE1,RBBP7,RBX1,RFT1,RNF7,RPL26L1,RPL36AL,RPS23,RPS26,RUVBL1,SEC61G,SPCS1,SRP9,STAMBP,TDG,TRMT112,TSFM,TXN,UBE2D3,UBE2N	R-HSA-392499
Oxygen-dependent proline hydroxylation of Hypoxia-inducible Factor Alpha	0.00018170054096967574	ELOB,PSMA5,PSMB1,PSMB2,PSMB6,PSMD8,PSME2,PSMF1,RBX1,UBE2D3	R-HSA-1234176
TP53 Regulates Metabolic Genes	0.00021703893432615178	COX4I1,COX5B,COX6B1,COX6C,COX7B,COX7C,COX8A,LAMTOR5,NDUFA4,TXN,YWHAB	R-HSA-5628897
Vif-mediated degradation of APOBEC3G	0.00021860424398655883	ELOB,PSMA5,PSMB1,PSMB2,PSMB6,PSMD8,PSME2,PSMF1,RBX1	R-HSA-180585
Cdc20:Phospho-APC/C mediated degradation of Cyclin A	0.0003868397614701474	ANAPC11,BUB3,CDC26,PSMA5,PSMB1,PSMB2,PSMB6,PSMD8,PSME2,PSMF1	R-HSA-174184
Cristae formation	0.0003906164677519327	ATP5F1C,ATP5F1E,ATP5MC1,ATP5PB,ATP5PF,CHCHD3,IMMT	R-HSA-8949613
Switching of origins to a post-replicative state	0.0004062795650034066	ANAPC11,CDC26,ORC3,PSMA5,PSMB1,PSMB2,PSMB6,PSMD8,PSME2,PSMF1,RBX1	R-HSA-69052
APC:Cdc20 mediated degradation of cell cycle proteins prior to satisfation of the cell cycle checkpoint	0.0004205597913897058	ANAPC11,BUB3,CDC26,PSMA5,PSMB1,PSMB2,PSMB6,PSMD8,PSME2,PSMF1	R-HSA-179419
Cellular response to hypoxia	0.0004394836996869653	ELOB,PSMA5,PSMB1,PSMB2,PSMB6,PSMD8,PSME2,PSMF1,RBX1,UBE2D3	R-HSA-1234174
APC/C:Cdc20 mediated degradation of mitotic proteins	0.00046106047599333915	ANAPC11,BUB3,CDC26,PSMA5,PSMB1,PSMB2,PSMB6,PSMD8,PSME2,PSMF1	R-HSA-176409
rRNA modification in the nucleus and cytosol	0.00047310809912347817	BUD23,FBL,IMP4,NHP2,NOP58,SNU13,TRMT112,UTP11,UTP4	R-HSA-6790901
Activation of APC/C and APC/C:Cdc20 mediated degradation of mitotic proteins	0.0005019551689510968	ANAPC11,BUB3,CDC26,PSMA5,PSMB1,PSMB2,PSMB6,PSMD8,PSME2,PSMF1	R-HSA-176814
Autodegradation of Cdh1 by Cdh1:APC/C	0.0007354254906776554	ANAPC11,CDC26,PSMA5,PSMB1,PSMB2,PSMB6,PSMD8,PSME2,PSMF1	R-HSA-174084
Regulation of APC/C activators between G1/S and early anaphase	0.0007451046696504218	ANAPC11,BUB3,CDC26,PSMA5,PSMB1,PSMB2,PSMB6,PSMD8,PSME2,PSMF1	R-HSA-176408
Transcriptional Regulation by TP53	0.0009938213143232076	BID,CCNG1,COX4I1,COX5B,COX6B1,COX6C,COX7B,COX7C,COX8A,ELOB,LAMTOR5,MEAF6,MNAT1,NDUFA4,POLR2K,POLR2L,RBBP7,TAF15,TAF9,TRIAP1,TXN,YWHAB	R-HSA-3700989
APC/C:Cdc20 mediated degradation of Securin	0.001109157055236193	ANAPC11,CDC26,PSMA5,PSMB1,PSMB2,PSMB6,PSMD8,PSME2,PSMF1	R-HSA-174154
Host Interactions of HIV factors	0.001124169892697427	AP2S1,BANF1,ELOB,PSMA5,PSMB1,PSMB2,PSMB6,PSMD8,PSME2,PSMF1,RAE1,RBX1	R-HSA-162909
Negative regulation of NOTCH4 signaling	0.0011406888068190124	PSMA5,PSMB1,PSMB2,PSMB6,PSMD8,PSME2,PSMF1,RBX1	R-HSA-9604323
Metabolism	0.0011509673193483558	AIMP1,AKR1A1,ATP5F1C,ATP5F1E,ATP5MC1,ATP5PB,ATP5PF,CIAO2B,CIAPIN1,COX4I1,COX5B,COX6B1,COX6C,COX7B,COX7C,COX8A,DECR1,DGUOK,ELOVL6,ESD,ETHE1,FDFT1,GSTO1,HPRT1,ITPA,LIAS,MDH2,MED10,NDUFA12,NDUFA4,NDUFA5,NDUFAB1,NDUFB1,NDUFB10,NDUFB2,NDUFB3,NDUFB4,NDUFB6,NDUFB8,NDUFB9,NDUFS3,NDUFS5,NDUFS7,NDUFV3,NQO2,PDHA1,PEMT,PPA2,PSMA5,PSMB1,PSMB2,PSMB6,PSMD8,PSME2,PSMF1,PTGES2,PTS,RAE1,RDH11,RPE,RPL26L1,RPL36AL,RPS23,RPS26,SLC3A2,SPTSSA,SQLE,TRMT112,TXN,TXN2,UQCR10,UQCRH	R-HSA-1430728
rRNA processing in the nucleus and cytosol	0.001219120273976836	BUD23,EBNA1BP2,EXOSC2,FBL,IMP4,NHP2,NOP58,RPL26L1,RPL36AL,RPS23,RPS26,SNU13,TRMT112,UTP11,UTP4	R-HSA-8868773
Orc1 removal from chromatin	0.001274766373067372	ORC3,PSMA5,PSMB1,PSMB2,PSMB6,PSMD8,PSME2,PSMF1,RBX1	R-HSA-68949
APC/C-mediated degradation of cell cycle proteins	0.0012785266715651322	ANAPC11,BUB3,CDC26,PSMA5,PSMB1,PSMB2,PSMB6,PSMD8,PSME2,PSMF1	R-HSA-174143
Regulation of mitotic cell cycle	0.0012785266715651322	ANAPC11,BUB3,CDC26,PSMA5,PSMB1,PSMB2,PSMB6,PSMD8,PSME2,PSMF1	R-HSA-453276
FBXL7 down-regulates AURKA during mitotic entry and in early mitosis	0.0012786807868160784	PSMA5,PSMB1,PSMB2,PSMB6,PSMD8,PSME2,PSMF1,RBX1	R-HSA-8854050
CDK-mediated phosphorylation and removal of Cdc6	0.001562030445004336	ANAPC11,CDC26,PSMA5,PSMB1,PSMB2,PSMB6,PSMD8,PSME2,PSMF1	R-HSA-69017
Degradation of DVL	0.0016518485551156128	PSMA5,PSMB1,PSMB2,PSMB6,PSMD8,PSME2,PSMF1,RBX1	R-HSA-4641258
APC/C:Cdh1 mediated degradation of Cdc20 and other APC/C:Cdh1 targeted proteins in late mitosis/early G1	0.0016657166811654938	ANAPC11,CDC26,PSMA5,PSMB1,PSMB2,PSMB6,PSMD8,PSME2,PSMF1	R-HSA-174178
Formation of ATP by chemiosmotic coupling	0.0017015563546917412	ATP5F1C,ATP5F1E,ATP5MC1,ATP5PB,ATP5PF	R-HSA-163210
rRNA processing	0.0019181422246629248	BUD23,EBNA1BP2,EXOSC2,FBL,IMP4,NHP2,NOP58,RPL26L1,RPL36AL,RPS23,RPS26,SNU13,TRMT112,UTP11,UTP4	R-HSA-72312
CDT1 association with the CDC6:ORC:origin complex	0.001953492409403838	ORC3,PSMA5,PSMB1,PSMB2,PSMB6,PSMD8,PSME2,PSMF1	R-HSA-68827
Degradation of GLI1 by the proteasome	0.0021661287039696133	PSMA5,PSMB1,PSMB2,PSMB6,PSMD8,PSME2,PSMF1,RBX1	R-HSA-5610780
Degradation of GLI2 by the proteasome	0.0021661287039696133	PSMA5,PSMB1,PSMB2,PSMB6,PSMD8,PSME2,PSMF1,RBX1	R-HSA-5610783
GLI3 is processed to GLI3R by the proteasome	0.0021661287039696133	PSMA5,PSMB1,PSMB2,PSMB6,PSMD8,PSME2,PSMF1,RBX1	R-HSA-5610785
Cellular responses to external stimuli	0.002555808276567848	ANAPC11,ASF1A,ATP6V0E1,CDC26,DNAJB6,ELOB,HSBP1,LAMTOR5,MT1X,NPRL2,PRDX3,PSMA5,PSMB1,PSMB2,PSMB6,PSMD8,PSME2,PSMF1,RAE1,RBBP7,RBX1,RPL26L1,RPL36AL,RPS23,RPS26,TXN,TXN2,UBE2D3	R-HSA-8953897
Synthesis of DNA	0.00275267412194424	ANAPC11,CDC26,ORC3,PSMA5,PSMB1,PSMB2,PSMB6,PSMD8,PSME2,PSMF1,RBX1	R-HSA-69239
Signaling by NOTCH4	0.0028601421635023406	HEY2,PSMA5,PSMB1,PSMB2,PSMB6,PSMD8,PSME2,PSMF1,RBX1	R-HSA-9013694
Cross-presentation of soluble exogenous antigens (endosomes)	0.0037237952016258035	PSMA5,PSMB1,PSMB2,PSMB6,PSMD8,PSME2,PSMF1	R-HSA-1236978
Regulation of expression of SLITs and ROBOs	0.0037560569458095217	ELOB,PSMA5,PSMB1,PSMB2,PSMB6,PSMD8,PSME2,PSMF1,RBX1,RPL26L1,RPL36AL,RPS23,RPS26	R-HSA-9010553
Cellular responses to stress	0.003892382100822702	ANAPC11,ASF1A,ATP6V0E1,CDC26,DNAJB6,ELOB,HSBP1,LAMTOR5,NPRL2,PRDX3,PSMA5,PSMB1,PSMB2,PSMB6,PSMD8,PSME2,PSMF1,RAE1,RBBP7,RBX1,RPL26L1,RPL36AL,RPS23,RPS26,TXN,TXN2,UBE2D3	R-HSA-2262752
Regulation of RAS by GAPs	0.004008844342594811	PSMA5,PSMB1,PSMB2,PSMB6,PSMD8,PSME2,PSMF1,RBX1	R-HSA-5658442
Regulation of activated PAK-2p34 by proteasome mediated degradation	0.0040269474745126405	PSMA5,PSMB1,PSMB2,PSMB6,PSMD8,PSME2,PSMF1	R-HSA-211733
Regulation of ornithine decarboxylase (ODC)	0.004281642258831642	PSMA5,PSMB1,PSMB2,PSMB6,PSMD8,PSME2,PSMF1	R-HSA-350562
Regulation of mRNA stability by proteins that bind AU-rich elements	0.0042926745272187095	EXOSC2,PSMA5,PSMB1,PSMB2,PSMB6,PSMD8,PSME2,PSMF1,YWHAB	R-HSA-450531
Assembly of the pre-replicative complex	0.004310573506836547	ORC3,PSMA5,PSMB1,PSMB2,PSMB6,PSMD8,PSME2,PSMF1	R-HSA-68867
RNA Polymerase III Transcription Termination	0.004366395988979169	POLR1C,POLR2K,POLR2L,POLR3K,SSB	R-HSA-73980
DNA Replication	0.004366710927007643	ANAPC11,CDC26,ORC3,PSMA5,PSMB1,PSMB2,PSMB6,PSMD8,PSME2,PSMF1,RBX1	R-HSA-69306
Gene expression (Transcription)	0.004392046873900379	ANAPC11,BID,CCNG1,CDC26,COX4I1,COX5B,COX6B1,COX6C,COX7B,COX7C,COX8A,ELOB,GTF3C6,HENMT1,HEY2,HSPD1,LAMTOR5,LEO1,MEAF6,MED10,MNAT1,NABP2,NDUFA4,PARP1,PBRM1,POLR1C,POLR2K,POLR2L,POLR3K,PSMA5,PSMB1,PSMB2,PSMB6,PSMD8,PSME2,PSMF1,RAE1,RBBP7,RBX1,SAP18,SMARCC2,SNRPE,SNRPF,SNRPG,SRSF7,SSB,TAF15,TAF9,TDG,TRIAP1,TXN,UBE2D3,YWHAB	R-HSA-74160
Vpu mediated degradation of CD4	0.004629404626330904	PSMA5,PSMB1,PSMB2,PSMB6,PSMD8,PSME2,PSMF1	R-HSA-180534
Autodegradation of the E3 ubiquitin ligase COP1	0.004629404626330904	PSMA5,PSMB1,PSMB2,PSMB6,PSMD8,PSME2,PSMF1	R-HSA-349425
Ubiquitin Mediated Degradation of Phosphorylated Cdc25A	0.004629404626330904	PSMA5,PSMB1,PSMB2,PSMB6,PSMD8,PSME2,PSMF1	R-HSA-69601
p53-Independent DNA Damage Response	0.004629404626330904	PSMA5,PSMB1,PSMB2,PSMB6,PSMD8,PSME2,PSMF1	R-HSA-69610
p53-Independent G1/S DNA damage checkpoint	0.004629404626330904	PSMA5,PSMB1,PSMB2,PSMB6,PSMD8,PSME2,PSMF1	R-HSA-69613
Ubiquitin-dependent degradation of Cyclin D	0.004629404626330904	PSMA5,PSMB1,PSMB2,PSMB6,PSMD8,PSME2,PSMF1	R-HSA-75815
Regulation of Apoptosis	0.004719989869319049	PSMA5,PSMB1,PSMB2,PSMB6,PSMD8,PSME2,PSMF1	R-HSA-169911
Regulation of RUNX2 expression and activity	0.0048882333878165745	PSMA5,PSMB1,PSMB2,PSMB6,PSMD8,PSME2,PSMF1,RBX1	R-HSA-8939902
GTP hydrolysis and joining of the 60S ribosomal subunit	0.005290822103275341	EIF1AX,EIF3D,EIF3I,EIF3K,EIF4E,EIF5B,RPL26L1,RPL36AL,RPS23,RPS26	R-HSA-72706
Major pathway of rRNA processing in the nucleolus and cytosol	0.0055660040601050575	BUD23,EBNA1BP2,EXOSC2,FBL,IMP4,NOP58,RPL26L1,RPL36AL,RPS23,RPS26,SNU13,UTP11,UTP4	R-HSA-6791226
SCF-beta-TrCP mediated degradation of Emi1	0.005745716379699917	PSMA5,PSMB1,PSMB2,PSMB6,PSMD8,PSME2,PSMF1	R-HSA-174113
AUF1 (hnRNP D0) binds and destabilizes mRNA	0.005745716379699917	PSMA5,PSMB1,PSMB2,PSMB6,PSMD8,PSME2,PSMF1	R-HSA-450408
Degradation of AXIN	0.005745716379699917	PSMA5,PSMB1,PSMB2,PSMB6,PSMD8,PSME2,PSMF1	R-HSA-4641257
Regulation of RUNX3 expression and activity	0.005745716379699917	PSMA5,PSMB1,PSMB2,PSMB6,PSMD8,PSME2,PSMF1	R-HSA-8941858
Hh mutants that don't undergo autocatalytic processing are degraded by ERAD	0.006038424686774716	PSMA5,PSMB1,PSMB2,PSMB6,PSMD8,PSME2,PSMF1	R-HSA-5362768
S Phase	0.006512084226359209	ANAPC11,CDC26,MNAT1,ORC3,PSMA5,PSMB1,PSMB2,PSMB6,PSMD8,PSME2,PSMF1,RBX1	R-HSA-69242
Stabilization of p53	0.006591066654186843	PSMA5,PSMB1,PSMB2,PSMB6,PSMD8,PSME2,PSMF1	R-HSA-69541
RNA Polymerase III Transcription	0.0069590341310313605	GTF3C6,POLR1C,POLR2K,POLR2L,POLR3K,SSB	R-HSA-74158
RNA Polymerase III Abortive And Retractive Initiation	0.0069590341310313605	GTF3C6,POLR1C,POLR2K,POLR2L,POLR3K,SSB	R-HSA-749476
RNA Polymerase III Transcription Initiation From Type 2 Promoter	0.007065187222540441	GTF3C6,POLR1C,POLR2K,POLR2L,POLR3K	R-HSA-76066
Metabolism of polyamines	0.007095885876665368	PSMA5,PSMB1,PSMB2,PSMB6,PSMD8,PSME2,PSMF1	R-HSA-351202
Translation initiation complex formation	0.007095885876665368	EIF1AX,EIF3D,EIF3I,EIF3K,EIF4E,RPS23,RPS26	R-HSA-72649
Ribosomal scanning and start codon recognition	0.007095885876665368	EIF1AX,EIF3D,EIF3I,EIF3K,EIF4E,RPS23,RPS26	R-HSA-72702
Eukaryotic Translation Initiation	0.007226357917094546	EIF1AX,EIF3D,EIF3I,EIF3K,EIF4E,EIF5B,RPL26L1,RPL36AL,RPS23,RPS26	R-HSA-72613
Cap-dependent Translation Initiation	0.007226357917094546	EIF1AX,EIF3D,EIF3I,EIF3K,EIF4E,EIF5B,RPL26L1,RPL36AL,RPS23,RPS26	R-HSA-72737
Hh mutants abrogate ligand secretion	0.007377032350867453	PSMA5,PSMB1,PSMB2,PSMB6,PSMD8,PSME2,PSMF1	R-HSA-5387390
NIK-->noncanonical NF-kB signaling	0.007377032350867453	PSMA5,PSMB1,PSMB2,PSMB6,PSMD8,PSME2,PSMF1	R-HSA-5676590
Activation of the mRNA upon binding of the cap-binding complex and eIFs, and subsequent binding to 43S	0.007377032350867453	EIF1AX,EIF3D,EIF3I,EIF3K,EIF4E,RPS23,RPS26	R-HSA-72662
FCERI mediated NF-kB activation	0.007663324685956395	PSMA5,PSMB1,PSMB2,PSMB6,PSMD8,PSME2,PSMF1,UBE2N	R-HSA-2871837
SCF(Skp2)-mediated degradation of p27/p21	0.007849890696537637	PSMA5,PSMB1,PSMB2,PSMB6,PSMD8,PSME2,PSMF1	R-HSA-187577
Dectin-1 mediated noncanonical NF-kB signaling	0.007849890696537637	PSMA5,PSMB1,PSMB2,PSMB6,PSMD8,PSME2,PSMF1	R-HSA-5607761
The role of GTSE1 in G2/M progression after G2 checkpoint	0.007849890696537637	PSMA5,PSMB1,PSMB2,PSMB6,PSMD8,PSME2,PSMF1	R-HSA-8852276
CLEC7A (Dectin-1) signaling	0.007885304766389795	PSMA5,PSMB1,PSMB2,PSMB6,PSMD8,PSME2,PSMF1,PYCARD,UBE2N	R-HSA-5607764
RNA Polymerase III Transcription Initiation From Type 1 Promoter	0.007904578366473803	GTF3C6,POLR1C,POLR2K,POLR2L,POLR3K	R-HSA-76061
Defective CFTR causes cystic fibrosis	0.00826583064877678	PSMA5,PSMB1,PSMB2,PSMB6,PSMD8,PSME2,PSMF1	R-HSA-5678895
Interleukin-1 signaling	0.008961163051919298	PSMA5,PSMB1,PSMB2,PSMB6,PSMD8,PSME2,PSMF1,RBX1,UBE2N	R-HSA-9020702
ER-Phagosome pathway	0.010327798797182782	PSMA5,PSMB1,PSMB2,PSMB6,PSMD8,PSME2,PSMF1,SEC61G	R-HSA-1236974
Degradation of beta-catenin by the destruction complex	0.010327798797182782	PSMA5,PSMB1,PSMB2,PSMB6,PSMD8,PSME2,PSMF1,RBX1	R-HSA-195253
Cyclin E associated events during G1/S transition	0.010327798797182782	MNAT1,PSMA5,PSMB1,PSMB2,PSMB6,PSMD8,PSME2,PSMF1	R-HSA-69202
Asymmetric localization of PCP proteins	0.01060159554505992	PSMA5,PSMB1,PSMB2,PSMB6,PSMD8,PSME2,PSMF1	R-HSA-4608870
Hedgehog ligand biogenesis	0.011553245449152854	PSMA5,PSMB1,PSMB2,PSMB6,PSMD8,PSME2,PSMF1	R-HSA-5358346
Hedgehog 'on' state	0.011567486852579351	PSMA5,PSMB1,PSMB2,PSMB6,PSMD8,PSME2,PSMF1,RBX1	R-HSA-5632684
DNA Replication Pre-Initiation	0.011567486852579351	ORC3,PSMA5,PSMB1,PSMB2,PSMB6,PSMD8,PSME2,PSMF1	R-HSA-69002
Cyclin A:Cdk2-associated events at S phase entry	0.011567486852579351	MNAT1,PSMA5,PSMB1,PSMB2,PSMB6,PSMD8,PSME2,PSMF1	R-HSA-69656
RNA Polymerase III Chain Elongation	0.011610312234957103	POLR1C,POLR2K,POLR2L,POLR3K	R-HSA-73780
p53-Dependent G1 DNA Damage Response	0.012111508309218996	PSMA5,PSMB1,PSMB2,PSMB6,PSMD8,PSME2,PSMF1	R-HSA-69563
p53-Dependent G1/S DNA damage checkpoint	0.012111508309218996	PSMA5,PSMB1,PSMB2,PSMB6,PSMD8,PSME2,PSMF1	R-HSA-69580
Neddylation	0.01234851022171614	COMMD5,COPS5,ELOB,PSMA5,PSMB1,PSMB2,PSMB6,PSMD8,PSME2,PSMF1,RBBP7,RBX1,RNF7,UBE2D3	R-HSA-8951664
Infectious disease	0.012830163319934685	ACTR2,AP2S1,ARPC3,BANF1,DNAJC3,ELOB,HNRNPK,MNAT1,PARP1,POLR2K,POLR2L,PSMA5,PSMB1,PSMB2,PSMB6,PSMD8,PSME2,PSMF1,PYCARD,RAE1,RBBP7,RBX1,RPL26L1,RPL36AL,RPS23,RPS26,SAP18,TAF15,TAF9,TXN,VTA1,XRCC6,ZCRB1	R-HSA-5663205
Activation of NF-kappaB in B cells	0.012925401981688867	PSMA5,PSMB1,PSMB2,PSMB6,PSMD8,PSME2,PSMF1	R-HSA-1169091
G1/S DNA Damage Checkpoints	0.013899978325648725	PSMA5,PSMB1,PSMB2,PSMB6,PSMD8,PSME2,PSMF1	R-HSA-69615
L13a-mediated translational silencing of Ceruloplasmin expression	0.014392276115973174	EIF1AX,EIF3D,EIF3I,EIF3K,EIF4E,RPL26L1,RPL36AL,RPS23,RPS26	R-HSA-156827
Nucleotide Excision Repair	0.014392276115973174	COPS5,MNAT1,PARP1,POLR2K,POLR2L,PPIE,RBX1,RUVBL1,UBE2N	R-HSA-5696398
snRNP Assembly	0.014517074383807088	RAE1,SNRPD1,SNRPD2,SNRPE,SNRPF,SNRPG	R-HSA-191859
Non-coding RNA Metabolism	0.014517074383807088	RAE1,SNRPD1,SNRPD2,SNRPE,SNRPF,SNRPG	R-HSA-194441
Regulation of PTEN stability and activity	0.014554619753343866	PSMA5,PSMB1,PSMB2,PSMB6,PSMD8,PSME2,PSMF1	R-HSA-8948751
Formation of the ternary complex, and subsequently, the 43S complex	0.015756964660242144	EIF1AX,EIF3D,EIF3I,EIF3K,RPS23,RPS26	R-HSA-72695
PCP/CE pathway	0.01706534031020723	AP2S1,PSMA5,PSMB1,PSMB2,PSMB6,PSMD8,PSME2,PSMF1	R-HSA-4086400
Signaling by ROBO receptors	0.01808251397388707	ELOB,PSMA5,PSMB1,PSMB2,PSMB6,PSMD8,PSME2,PSMF1,RBX1,RPL26L1,RPL36AL,RPS23,RPS26	R-HSA-376176
Mitochondrial biogenesis	0.019346505677644836	ATP5F1C,ATP5F1E,ATP5MC1,ATP5PB,ATP5PF,CHCHD3,IMMT,SSBP1	R-HSA-1592230
RNA Polymerase III Transcription Initiation	0.019577861787616113	GTF3C6,POLR1C,POLR2K,POLR2L,POLR3K	R-HSA-76046
Formation of TC-NER Pre-Incision Complex	0.02055412791700776	COPS5,MNAT1,POLR2K,POLR2L,PPIE,RBX1	R-HSA-6781823
SLBP independent Processing of Histone Pre-mRNAs	0.02062779255513828	SNRPE,SNRPF,SNRPG	R-HSA-111367
Transcriptional regulation by RUNX2	0.021488411351083033	HEY2,PSMA5,PSMB1,PSMB2,PSMB6,PSMD8,PSME2,PSMF1,RBX1	R-HSA-8878166
Amino acid and derivative metabolism	0.022657946804013875	AIMP1,ETHE1,LIAS,NDUFAB1,PDHA1,PSMA5,PSMB1,PSMB2,PSMB6,PSMD8,PSME2,PSMF1,RPL26L1,RPL36AL,RPS23,RPS26,SLC3A2,TXN2	R-HSA-71291
Downstream TCR signaling	0.022659700301176346	PSMA5,PSMB1,PSMB2,PSMB6,PSMD8,PSME2,PSMF1,UBE2N	R-HSA-202424
Antigen processing-Cross presentation	0.02403513735820315	PSMA5,PSMB1,PSMB2,PSMB6,PSMD8,PSME2,PSMF1,SEC61G	R-HSA-1236975
ABC transporter disorders	0.025462255613832183	PSMA5,PSMB1,PSMB2,PSMB6,PSMD8,PSME2,PSMF1	R-HSA-5619084
SLBP Dependent Processing of Replication-Dependent Histone Pre-mRNAs	0.026649705771649213	SNRPE,SNRPF,SNRPG	R-HSA-77588
Hedgehog 'off' state	0.026773102101208677	PSMA5,PSMB1,PSMB2,PSMB6,PSMD8,PSME2,PSMF1,RBX1	R-HSA-5610787
HIV Life Cycle	0.027417677969214797	BANF1,ELOB,MNAT1,POLR2K,POLR2L,RAE1,TAF15,TAF9,VTA1,XRCC6	R-HSA-162587
Formation of a pool of free 40S subunits	0.028121974998315657	EIF1AX,EIF3D,EIF3I,EIF3K,RPL26L1,RPL36AL,RPS23,RPS26	R-HSA-72689
UCH proteinases	0.029735914484787945	PSMA5,PSMB1,PSMB2,PSMB6,PSMD8,PSME2,PSMF1,RUVBL1	R-HSA-5689603
ABC-family proteins mediated transport	0.03141834066041633	PEX19,PSMA5,PSMB1,PSMB2,PSMB6,PSMD8,PSME2,PSMF1	R-HSA-382556
RNA Polymerase II Transcription	0.034109379693784046	ANAPC11,BID,CCNG1,CDC26,COX4I1,COX5B,COX6B1,COX6C,COX7B,COX7C,COX8A,ELOB,HEY2,HSPD1,LAMTOR5,LEO1,MEAF6,MED10,MNAT1,NABP2,NDUFA4,PARP1,PBRM1,POLR2K,POLR2L,PSMA5,PSMB1,PSMB2,PSMB6,PSMD8,PSME2,PSMF1,RBBP7,RBX1,SMARCC2,SNRPE,SNRPF,SNRPG,SRSF7,TAF15,TAF9,TRIAP1,TXN,UBE2D3,YWHAB	R-HSA-73857
Downstream signaling events of B Cell Receptor (BCR)	0.03462932215669173	PSMA5,PSMB1,PSMB2,PSMB6,PSMD8,PSME2,PSMF1	R-HSA-1168372
G1/S Transition	0.03808824587907523	MNAT1,ORC3,PSMA5,PSMB1,PSMB2,PSMB6,PSMD8,PSME2,PSMF1	R-HSA-69206
RNA Polymerase II Pre-transcription Events	0.03921328662615118	ELOB,LEO1,MNAT1,POLR2K,POLR2L,TAF15,TAF9	R-HSA-674695
Influenza Viral RNA Transcription and Replication	0.03955722994142412	DNAJC3,PARP1,POLR2K,POLR2L,RAE1,RPL26L1,RPL36AL,RPS23,RPS26	R-HSA-168273
Cytosolic sensors of pathogen-associated DNA	0.04022209166088155	POLR1C,POLR2K,POLR2L,POLR3K,PRKDC,XRCC6	R-HSA-1834949
RNA Polymerase III Transcription Initiation From Type 3 Promoter	0.04923343328355451	POLR1C,POLR2K,POLR2L,POLR3K	R-HSA-76071
MAPK6/MAPK4 signaling	0.052948474010190344	PSMA5,PSMB1,PSMB2,PSMB6,PSMD8,PSME2,PSMF1	R-HSA-5687128
C-type lectin receptors (CLRs)	0.053903258938122776	PSMA5,PSMB1,PSMB2,PSMB6,PSMD8,PSME2,PSMF1,PYCARD,UBE2N	R-HSA-5621481
Interleukin-1 family signaling	0.05453415739189313	PSMA5,PSMB1,PSMB2,PSMB6,PSMD8,PSME2,PSMF1,RBX1,UBE2N	R-HSA-446652
PTEN Regulation	0.05453415739189313	LAMTOR5,PSMA5,PSMB1,PSMB2,PSMB6,PSMD8,PSME2,PSMF1,RBBP7	R-HSA-6807070
HIV Transcription Initiation	0.05504818972458559	MNAT1,POLR2K,POLR2L,TAF15,TAF9	R-HSA-167161
RNA Polymerase II HIV Promoter Escape	0.05504818972458559	MNAT1,POLR2K,POLR2L,TAF15,TAF9	R-HSA-167162
RNA Polymerase I Transcription Initiation	0.05504818972458559	MNAT1,POLR1C,POLR2K,POLR2L,RBBP7	R-HSA-73762
RNA Polymerase II Promoter Escape	0.05504818972458559	MNAT1,POLR2K,POLR2L,TAF15,TAF9	R-HSA-73776
RNA Polymerase II Transcription Pre-Initiation And Promoter Opening	0.05504818972458559	MNAT1,POLR2K,POLR2L,TAF15,TAF9	R-HSA-73779
RNA Polymerase II Transcription Initiation	0.05504818972458559	MNAT1,POLR2K,POLR2L,TAF15,TAF9	R-HSA-75953
RNA Polymerase II Transcription Initiation And Promoter Clearance	0.05504818972458559	MNAT1,POLR2K,POLR2L,TAF15,TAF9	R-HSA-76042
G2/M Checkpoints	0.05673741610795207	ORC3,PSMA5,PSMB1,PSMB2,PSMB6,PSMD8,PSME2,PSMF1,UBE2N,YWHAB	R-HSA-69481
Separation of Sister Chromatids	0.06391913166307223	ANAPC11,BUB3,CDC26,PSMA5,PSMB1,PSMB2,PSMB6,PSMD8,PSME2,PSMF1	R-HSA-2467813
Transcriptional regulation by RUNX3	0.06551275284586913	PSMA5,PSMB1,PSMB2,PSMB6,PSMD8,PSME2,PSMF1	R-HSA-8878159
RNA Polymerase I Transcription Termination	0.06556868485935881	MNAT1,POLR1C,POLR2K,POLR2L	R-HSA-73863
TCR signaling	0.06606598560075329	PSMA5,PSMB1,PSMB2,PSMB6,PSMD8,PSME2,PSMF1,UBE2N	R-HSA-202403
Transcription of the HIV genome	0.07437999273316238	ELOB,MNAT1,POLR2K,POLR2L,TAF15,TAF9	R-HSA-167172
Mitotic G1 phase and G1/S transition	0.07480889946063221	MNAT1,ORC3,PSMA5,PSMB1,PSMB2,PSMB6,PSMD8,PSME2,PSMF1	R-HSA-453279
Influenza Infection	0.09155136240167774	DNAJC3,PARP1,POLR2K,POLR2L,RAE1,RPL26L1,RPL36AL,RPS23,RPS26	R-HSA-168255
TNFR2 non-canonical NF-kB pathway	0.09396355086762641	PSMA5,PSMB1,PSMB2,PSMB6,PSMD8,PSME2,PSMF1	R-HSA-5668541
Transcription-Coupled Nucleotide Excision Repair (TC-NER)	0.10710455444049603	COPS5,MNAT1,POLR2K,POLR2L,PPIE,RBX1	R-HSA-6781827
Fc epsilon receptor (FCERI) signaling	0.1076965805712982	PSMA5,PSMB1,PSMB2,PSMB6,PSMD8,PSME2,PSMF1,UBE2N	R-HSA-2454202
RUNX1 regulates transcription of genes involved in differentiation of HSCs	0.1076965805712982	MNAT1,PSMA5,PSMB1,PSMB2,PSMB6,PSMD8,PSME2,PSMF1	R-HSA-8939236
Antigen processing: Ubiquitination & Proteasome degradation	0.10984704056701844	ANAPC11,CDC26,ELOB,PSMA5,PSMB1,PSMB2,PSMB6,PSMD8,PSME2,PSMF1,RBX1,RNF7,UBE2D3,UBE2N	R-HSA-983168
Generic Transcription Pathway	0.1257866571659487	ANAPC11,BID,CCNG1,CDC26,COX4I1,COX5B,COX6B1,COX6C,COX7B,COX7C,COX8A,ELOB,HEY2,HSPD1,LAMTOR5,MEAF6,MED10,MNAT1,NDUFA4,PARP1,PBRM1,POLR2K,POLR2L,PSMA5,PSMB1,PSMB2,PSMB6,PSMD8,PSME2,PSMF1,RBBP7,RBX1,SMARCC2,TAF15,TAF9,TRIAP1,TXN,UBE2D3,YWHAB	R-HSA-212436
DNA Damage Recognition in GG-NER	0.12704347524694368	COPS5,PARP1,RBX1,RUVBL1	R-HSA-5696394
Displacement of DNA glycosylase by APEX1	0.12852359354712567	SMUG1,TDG	R-HSA-110357
2-LTR circle formation	0.12852359354712567	BANF1,XRCC6	R-HSA-164843
Late Phase of HIV Life Cycle	0.1341226329418428	ELOB,MNAT1,POLR2K,POLR2L,RAE1,TAF15,TAF9,VTA1	R-HSA-162599
Signaling by Hedgehog	0.1341226329418428	PSMA5,PSMB1,PSMB2,PSMB6,PSMD8,PSME2,PSMF1,RBX1	R-HSA-5358351
Global Genome Nucleotide Excision Repair (GG-NER)	0.1350996319259873	COPS5,MNAT1,PARP1,RBX1,RUVBL1,UBE2N	R-HSA-5696399
B Cell Activation	0.1360725915165701	PSMA5,PSMB1,PSMB2,PSMB6,PSMD8,PSME2,PSMF1	R-HSA-983705
Inhibition of the proteolytic activity of APC/C required for the onset of anaphase by mitotic spindle checkpoint components	0.1374685890188064	ANAPC11,BUB3,CDC26	R-HSA-141405
Inactivation of APC/C via direct inhibition of the APC/C complex	0.1374685890188064	ANAPC11,BUB3,CDC26	R-HSA-141430
Formation of RNA Pol II elongation complex	0.13830574402850748	ELOB,LEO1,MNAT1,POLR2K,POLR2L	R-HSA-112382
RNA Polymerase II Transcription Elongation	0.13830574402850748	ELOB,LEO1,MNAT1,POLR2K,POLR2L	R-HSA-75955
SRP-dependent cotranslational protein targeting to membrane	0.14693264681867238	RPL26L1,RPL36AL,RPS23,RPS26,SEC61G,SPCS1,SRP9	R-HSA-1799339
Mitotic Anaphase	0.15065777272779493	ANAPC11,BANF1,BUB3,CDC26,PSMA5,PSMB1,PSMB2,PSMB6,PSMD8,PSME2,PSMF1	R-HSA-68882
Cell Cycle Checkpoints	0.15106074926620233	ANAPC11,BUB3,CDC26,ORC3,PSMA5,PSMB1,PSMB2,PSMB6,PSMD8,PSME2,PSMF1,UBE2N,YWHAB	R-HSA-69620
PINK1-PRKN Mediated Mitophagy	0.1515177550072604	ATG5,TOMM5,TOMM7	R-HSA-5205685
Mitotic Metaphase and Anaphase	0.15444501793707446	ANAPC11,BANF1,BUB3,CDC26,PSMA5,PSMB1,PSMB2,PSMB6,PSMD8,PSME2,PSMF1	R-HSA-2555396
Disorders of transmembrane transporters	0.16625029691754878	PSMA5,PSMB1,PSMB2,PSMB6,PSMD8,PSME2,PSMF1,RAE1,SLC3A2	R-HSA-5619115
BBSome-mediated cargo-targeting to cilium	0.16692877935381534	CCT4,CCT5,MKKS	R-HSA-5620922
Gap-filling DNA repair synthesis and ligation in TC-NER	0.17057235725128914	MNAT1,POLR2K,POLR2L,PPIE,RBX1	R-HSA-6782210
Beta-catenin independent WNT signaling	0.1752613643542225	AP2S1,PSMA5,PSMB1,PSMB2,PSMB6,PSMD8,PSME2,PSMF1	R-HSA-3858494
Formation of Incision Complex in GG-NER	0.17571629991284465	MNAT1,PARP1,RBX1,UBE2N	R-HSA-5696395
Dual incision in TC-NER	0.17853733752043424	MNAT1,POLR2K,POLR2L,PPIE,RBX1	R-HSA-6782135
Apoptosis	0.17870269652721055	BID,PSMA5,PSMB1,PSMB2,PSMB6,PSMD8,PSME2,PSMF1,YWHAB	R-HSA-109581
mTORC1-mediated signalling	0.18195489334672493	EIF4E,LAMTOR5,YWHAB	R-HSA-166208
Class I MHC mediated antigen processing & presentation	0.18583568180234236	ANAPC11,CDC26,ELOB,PSMA5,PSMB1,PSMB2,PSMB6,PSMD8,PSME2,PSMF1,RBX1,RNF7,SEC61G,UBE2D3,UBE2N	R-HSA-983169
Integration of provirus	0.1878695713071533	BANF1,XRCC6	R-HSA-162592
G2/M Transition	0.2105294647017715	MNAT1,PSMA5,PSMB1,PSMB2,PSMB6,PSMD8,PSME2,PSMF1,RBX1	R-HSA-69275
HIV Transcription Elongation	0.2130814496407238	ELOB,MNAT1,POLR2K,POLR2L	R-HSA-167169
Formation of HIV-1 elongation complex containing HIV-1 Tat	0.2130814496407238	ELOB,MNAT1,POLR2K,POLR2L	R-HSA-167200
Tat-mediated elongation of the HIV-1 transcript	0.2130814496407238	ELOB,MNAT1,POLR2K,POLR2L	R-HSA-167246
APC-Cdc20 mediated degradation of Nek2A	0.21853692338387454	ANAPC11,BUB3,CDC26	R-HSA-179409
Mitotic G2-G2/M phases	0.22226912938382967	MNAT1,PSMA5,PSMB1,PSMB2,PSMB6,PSMD8,PSME2,PSMF1,RBX1	R-HSA-453274
Folding of actin by CCT/TriC	0.22351286973707804	CCT4,CCT5	R-HSA-390450
RNA Pol II CTD phosphorylation and interaction with CE during HIV infection	0.2361099902969163	MNAT1,POLR2K,POLR2L	R-HSA-167160
Mitophagy	0.2361099902969163	ATG5,TOMM5,TOMM7	R-HSA-5205647
RNA Pol II CTD phosphorylation and interaction with CE	0.2361099902969163	MNAT1,POLR2K,POLR2L	R-HSA-77075
Formation of HIV elongation complex in the absence of HIV Tat	0.2361109957864532	ELOB,MNAT1,POLR2K,POLR2L	R-HSA-167152
Organelle biogenesis and maintenance	0.2366651512112902	ARF4,ATP5F1C,ATP5F1E,ATP5MC1,ATP5PB,ATP5PF,CCT4,CCT5,CHCHD3,IMMT,MKKS,SSBP1	R-HSA-1852241
Programmed Cell Death	0.24346212685918403	BID,PSMA5,PSMB1,PSMB2,PSMB6,PSMD8,PSME2,PSMF1,YWHAB	R-HSA-5357801
vRNA Synthesis	0.24827325910549145	PARP1	R-HSA-192814
Defective DPAGT1 causes DPAGT1-CDG (CDG-1j) and CMSTA2	0.24827325910549145	DPAGT1	R-HSA-4549356
Defective RFT1 causes RFT1-CDG (CDG-1n)	0.24827325910549145	RFT1	R-HSA-4570571
Processing of Capped Intronless Pre-mRNA	0.2517306817942287	SNRPE,SNRPF,SNRPG	R-HSA-75067
Cargo trafficking to the periciliary membrane	0.2737091157226172	ARF4,CCT4,CCT5,MKKS	R-HSA-5620920
PIWI-interacting RNA (piRNA) biogenesis	0.2750747849825739	HENMT1,POLR2K,POLR2L	R-HSA-5601884
mRNA Capping	0.2750747849825739	MNAT1,POLR2K,POLR2L	R-HSA-72086
Glyoxylate metabolism and glycine degradation	0.3233243415205363	LIAS,NDUFAB1,PDHA1	R-HSA-389661
DNA Repair	0.3281523994518123	COPS5,MNAT1,PARP1,POLR2K,POLR2L,PPIE,PRKDC,RBX1,RUVBL1,SMUG1,TDG,UBE2N,XRCC6	R-HSA-73894
RAF/MAP kinase cascade	0.33423075468285257	ARL2,PHB,PSMA5,PSMB1,PSMB2,PSMB6,PSMD8,PSME2,PSMF1,RBX1,YWHAB	R-HSA-5673001
Deadenylation-dependent mRNA decay	0.33695906146292887	EIF4E,EXOSC2,LSM5,LSM7	R-HSA-429914
Cytosolic iron-sulfur cluster assembly	0.3409456211479198	CIAO2B,CIAPIN1	R-HSA-2564830
IRF3-mediated induction of type I IFN	0.3409456211479198	PRKDC,XRCC6	R-HSA-3270619
Purine salvage	0.3409456211479198	DGUOK,HPRT1	R-HSA-74217
TCF dependent signaling in response to WNT	0.3424076528608912	LEO1,PSMA5,PSMB1,PSMB2,PSMB6,PSMD8,PSME2,PSMF1,RBX1,RUVBL1	R-HSA-201681
Transcriptional regulation by RUNX1	0.3649608413096706	MNAT1,PBRM1,PSMA5,PSMB1,PSMB2,PSMB6,PSMD8,PSME2,PSMF1,SMARCC2	R-HSA-8878171
Formation of the Early Elongation Complex	0.3651229779361414	MNAT1,POLR2K,POLR2L	R-HSA-113418
Formation of the HIV-1 Early Elongation Complex	0.3651229779361414	MNAT1,POLR2K,POLR2L	R-HSA-167158
ERK1/ERK2 pathway	0.36544942676146464	ARL2,PHB,PSMA5,PSMB1,PSMB2,PSMB6,PSMD8,PSME2,PSMF1,RBX1,YWHAB	R-HSA-5684996
Methylation	0.3784518142883273	GSTO1,TRMT112	R-HSA-156581
Degradation of cysteine and homocysteine	0.3784518142883273	ETHE1,TXN2	R-HSA-1614558
Early Phase of HIV Life Cycle	0.3784518142883273	BANF1,XRCC6	R-HSA-162594
E3 ubiquitin ligases ubiquitinate target proteins	0.3817325204873825	LEO1,PRKDC,UBE2D3,UBE2N	R-HSA-8866654
Pausing and recovery of Tat-mediated HIV elongation	0.38400905213904124	ELOB,POLR2K,POLR2L	R-HSA-167238
Tat-mediated HIV elongation arrest and recovery	0.38400905213904124	ELOB,POLR2K,POLR2L	R-HSA-167243
Detoxification of Reactive Oxygen Species	0.40645111226766384	PRDX3,TXN,TXN2	R-HSA-3299685
Cell Cycle	0.40808590087620444	ANAPC11,BANF1,BUB3,CDC26,MNAT1,NHP2,ORC3,POLR2K,POLR2L,PSMA5,PSMB1,PSMB2,PSMB6,PSMD8,PSME2,PSMF1,RAE1,RBBP7,RBX1,RUVBL1,UBE2N,YWHAB	R-HSA-1640170
Activation of BAD and translocation to mitochondria	0.4159863483897109	BID,YWHAB	R-HSA-111447
mRNA decay by 5' to 3' exoribonuclease	0.4159863483897109	LSM5,LSM7	R-HSA-430039
The NLRP3 inflammasome	0.4159863483897109	PYCARD,TXN	R-HSA-844456
FLT3 Signaling	0.416672270597835	ARL2,PHB,PSMA5,PSMB1,PSMB2,PSMB6,PSMD8,PSME2,PSMF1,RBX1,YWHAB	R-HSA-9607240
Epigenetic regulation of gene expression	0.41691082968083976	MNAT1,POLR1C,POLR2K,POLR2L,RBBP7,SAP18,TDG	R-HSA-212165
Selective autophagy	0.419827350490488	ATG5,TOMM5,TOMM7,UBE2N	R-HSA-9663891
Activation and oligomerization of BAK protein	0.42099251302019647	BID	R-HSA-111452
Activation, translocation and oligomerization of BAX	0.42099251302019647	BID	R-HSA-114294
Defective SLC7A7 causes lysinuric protein intolerance (LPI)	0.42099251302019647	SLC3A2	R-HSA-5660862
Pyrophosphate hydrolysis	0.42099251302019647	PPA2	R-HSA-71737
Glutathione conjugation	0.4256714651431629	AKR1A1,ESD,GSTO1	R-HSA-156590
HIV elongation arrest and recovery	0.4256714651431629	ELOB,POLR2K,POLR2L	R-HSA-167287
Pausing and recovery of HIV elongation	0.4256714651431629	ELOB,POLR2K,POLR2L	R-HSA-167290
Viral mRNA Translation	0.4281184370162008	DNAJC3,RPL26L1,RPL36AL,RPS23,RPS26	R-HSA-192823
Resolution of Abasic Sites (AP sites)	0.4396714465276857	PARP1,SMUG1,TDG	R-HSA-73933
STING mediated induction of host immune responses	0.44082260769232234	PRKDC,XRCC6	R-HSA-1834941
Eukaryotic Translation Termination	0.4888392862880534	RPL26L1,RPL36AL,RPS23,RPS26,TRMT112	R-HSA-72764
Diseases associated with N-glycosylation of proteins	0.4906346197538101	DPAGT1,RFT1	R-HSA-3781860
Butyrate Response Factor 1 (BRF1) binds and destabilizes mRNA	0.4906346197538101	EXOSC2,YWHAB	R-HSA-450385
Tristetraprolin (TTP, ZFP36) binds and destabilizes mRNA	0.4906346197538101	EXOSC2,YWHAB	R-HSA-450513
TP53 Regulates Transcription of DNA Repair Genes	0.49393798483891715	ELOB,MNAT1,POLR2K,POLR2L	R-HSA-6796648
Viral Messenger RNA Synthesis	0.5189623120586188	POLR2K,POLR2L,RAE1	R-HSA-168325
Activation of gene expression by SREBF (SREBP)	0.5189623120586188	ELOVL6,FDFT1,SQLE	R-HSA-2426168
RNA Polymerase II Transcription Termination	0.5348009842471748	SNRPE,SNRPF,SNRPG,SRSF7	R-HSA-73856
Signaling by WNT	0.5364512739290933	AP2S1,LEO1,PSMA5,PSMB1,PSMB2,PSMB6,PSMD8,PSME2,PSMF1,RBX1,RUVBL1,VPS26A	R-HSA-195721
MTOR signalling	0.5428465332703494	EIF4E,LAMTOR5,YWHAB	R-HSA-165159
Diseases of signal transduction by growth factor receptors and second messengers	0.5732189913329205	HEY2,PHB,POLR2K,POLR2L,PSMA5,PSMB1,PSMB2,PSMB6,PSMD8,PSME2,PSMF1,RBX1,YWHAB	R-HSA-5663202
ISG15 antiviral mechanism	0.5748114231360929	EIF4E,EIF4E2,RAE1,UBE2N	R-HSA-1169408
Integration of viral DNA into host genomic DNA	0.5753451126316336	BANF1	R-HSA-175567
Autointegration results in viral DNA circles	0.5753451126316336	BANF1	R-HSA-177539
The AIM2 inflammasome	0.5753451126316336	PYCARD	R-HSA-844615
Signaling by FGFR2 IIIa TM	0.5769370834980349	POLR2K,POLR2L	R-HSA-8851708
SUMOylation of RNA binding proteins	0.5933208539804621	HNRNPK,NOP58,RAE1	R-HSA-4570464
Signaling by Retinoic Acid	0.5933208539804621	DHRS4,PDHA1,RDH11	R-HSA-5362517
Signaling by NOTCH	0.6085464626274696	HEY2,PSMA5,PSMB1,PSMB2,PSMB6,PSMD8,PSME2,PSMF1,RBX1	R-HSA-157118
TICAM1, RIP1-mediated IKK complex recruitment	0.6111734788578095	UBE2D3,UBE2N	R-HSA-168927
Conversion from APC/C:Cdc20 to APC/C:Cdh1 in late anaphase	0.6111734788578095	ANAPC11,CDC26	R-HSA-176407
Phosphorylation of the APC/C	0.6111734788578095	ANAPC11,CDC26	R-HSA-176412
Inflammasomes	0.6111734788578095	PYCARD,TXN	R-HSA-622312
TP53 Regulates Transcription of Genes Involved in Cytochrome C Release	0.6111734788578095	BID,TRIAP1	R-HSA-6803204
Aberrant regulation of mitotic exit in cancer due to RB1 defects	0.6111734788578095	ANAPC11,CDC26	R-HSA-9687136
MAPK family signaling cascades	0.6497253260255631	ARL2,PHB,PSMA5,PSMB1,PSMB2,PSMB6,PSMD8,PSME2,PSMF1,RBX1,YWHAB	R-HSA-5683057
RNA polymerase II transcribes snRNA genes	0.6668910127979074	NABP2,POLR2K,POLR2L,TAF9	R-HSA-6807505
NoRC negatively regulates rRNA expression	0.6985537485924731	MNAT1,POLR1C,POLR2K,POLR2L,SAP18	R-HSA-427413
RA biosynthesis pathway	0.699365463641026	DHRS4,RDH11	R-HSA-5365859
APOBEC3G mediated resistance to HIV-1 infection	0.7158057342669963	BANF1	R-HSA-180689
FBXW7 Mutants and NOTCH1 in Cancer	0.7158057342669963	RBX1	R-HSA-2644605
Loss of Function of FBXW7 in Cancer and NOTCH1 Signaling	0.7158057342669963	RBX1	R-HSA-2644607
Oxidative demethylation of DNA	0.7158057342669963	TDG	R-HSA-5221030
Activation of BID and translocation to mitochondria	0.7158057342669963	BID	R-HSA-75108
Antiviral mechanism by IFN-stimulated genes	0.725979570373666	EIF4E,EIF4E2,RAE1,UBE2N	R-HSA-1169410
Negative epigenetic regulation of rRNA expression	0.7290035999416129	MNAT1,POLR1C,POLR2K,POLR2L,SAP18	R-HSA-5250941
Protein ubiquitination	0.7299434042847847	LEO1,PRKDC,UBE2D3,UBE2N	R-HSA-8852135
HATs acetylate histones	0.7311466131061557	ENY2,MEAF6,RBBP7,RUVBL1,SUPT20H,TAF9	R-HSA-3214847
Abortive elongation of HIV-1 transcript in the absence of Tat	0.7369764832134461	POLR2K,POLR2L	R-HSA-167242
Telomere Extension By Telomerase	0.7369764832134461	NHP2,RUVBL1	R-HSA-171319
Downregulation of SMAD2/3:SMAD4 transcriptional activity	0.7369764832134461	PARP1,UBE2D3	R-HSA-2173795
Nucleotide salvage	0.7369764832134461	DGUOK,HPRT1	R-HSA-8956321
Purinergic signaling in leishmaniasis infection	0.7369764832134461	PYCARD,TXN	R-HSA-9660826
Cell recruitment (pro-inflammatory response)	0.7369764832134461	PYCARD,TXN	R-HSA-9664424
RNA Polymerase I Promoter Clearance	0.7433384563597488	MNAT1,POLR1C,POLR2K,POLR2L,RBBP7	R-HSA-73854
APC/C:Cdc20 mediated degradation of Cyclin B	0.7585899959759603	ANAPC11,CDC26	R-HSA-174048
Cholesterol biosynthesis	0.7585899959759603	FDFT1,SQLE	R-HSA-191273
MicroRNA (miRNA) biogenesis	0.7585899959759603	POLR2K,POLR2L	R-HSA-203927
IKK complex recruitment mediated by RIP1	0.7585899959759603	UBE2D3,UBE2N	R-HSA-937041
RNA Polymerase I Transcription	0.760251048742806	MNAT1,POLR1C,POLR2K,POLR2L,RBBP7	R-HSA-73864
Disease	0.7604109441246748	ACTR2,ANAPC11,AP2S1,ARPC3,BANF1,CDC26,DNAJC3,DPAGT1,ELOB,HEY2,HNRNPK,MNAT1,PARP1,PHB,POLR2K,POLR2L,PSMA5,PSMB1,PSMB2,PSMB6,PSMD8,PSME2,PSMF1,PYCARD,RAE1,RBBP7,RBX1,RFT1,RPL26L1,RPL36AL,RPS23,RPS26,SAP18,SLC3A2,TAF15,TAF9,TXN,VTA1,XRCC6,YWHAB,ZCRB1	R-HSA-1643685
PI3K/AKT Signaling	0.7604217023184506	LAMTOR5,PSMA5,PSMB1,PSMB2,PSMB6,PSMD8,PSME2,PSMF1,RBBP7	R-HSA-1257604
Formation of tubulin folding intermediates by CCT/TriC	0.8024846879418713	CCT4,CCT5	R-HSA-389960
Nucleotide-binding domain, leucine rich repeat containing receptor (NLR) signaling pathways	0.8126463295176974	PYCARD,TXN,UBE2N	R-HSA-168643
Formation of xylulose-5-phosphate	0.813071113458882	AKR1A1	R-HSA-5661270
TFAP2A acts as a transcriptional repressor during retinoic acid induced cell differentiation	0.813071113458882	HSPD1	R-HSA-8869496
Regulation of cholesterol biosynthesis by SREBP (SREBF)	0.8373221642979073	ELOVL6,FDFT1,SQLE	R-HSA-1655829
FGFR2 alternative splicing	0.8381212249170292	POLR2K,POLR2L	R-HSA-6803529
Ub-specific processing proteases	0.838515880596981	PSMA5,PSMB1,PSMB2,PSMB6,PSMD8,PSME2,PSMF1,RUVBL1	R-HSA-5689880
Macroautophagy	0.8408085719874693	ATG5,LAMTOR5,TOMM5,TOMM7,UBE2N	R-HSA-1632852
Axon guidance	0.8414716675443418	ACTR2,AP2S1,ARPC3,ELOB,PSMA5,PSMB1,PSMB2,PSMB6,PSMD8,PSME2,PSMF1,RBX1,RPL26L1,RPL36AL,RPS23,RPS26	R-HSA-422475
Selenoamino acid metabolism	0.8554537730709384	AIMP1,RPL26L1,RPL36AL,RPS23,RPS26	R-HSA-2408522
Amino acids regulate mTORC1	0.894960378255005	ATP6V0E1,LAMTOR5,NPRL2	R-HSA-9639288
Sulfide oxidation to sulfate	0.9318602362429651	ETHE1	R-HSA-1614517
CLEC7A/inflammasome pathway	0.9318602362429651	PYCARD	R-HSA-5660668
Protein repair	0.9318602362429651	TXN	R-HSA-5676934
Assembly of the ORC complex at the origin of replication	0.9318602362429651	ORC3	R-HSA-68616
mitochondrial fatty acid beta-oxidation of unsaturated fatty acids	0.9318602362429651	DECR1	R-HSA-77288
SARS-CoV-1 Genome Replication and Transcription	0.9318602362429651	ZCRB1	R-HSA-9679514
Replication of the SARS-CoV-1 genome	0.9318602362429651	ZCRB1	R-HSA-9682706
SARS-CoV-2 Genome Replication and Transcription	0.9318602362429651	ZCRB1	R-HSA-9694682
Replication of the SARS-CoV-2 genome	0.9318602362429651	ZCRB1	R-HSA-9694686
Sulfur amino acid metabolism	0.9361471906253936	ETHE1,TXN2	R-HSA-1614635
Prefoldin mediated transfer of substrate to CCT/TriC	0.9361471906253936	CCT4,CCT5	R-HSA-389957
Peptide chain elongation	0.9461031419112417	RPL26L1,RPL36AL,RPS23,RPS26	R-HSA-156902
RNA Polymerase I Promoter Escape	0.9997066489471694	MNAT1,POLR1C,POLR2K,POLR2L	R-HSA-73772
Hemostasis	1	ANXA5,CD99,SLC3A2	R-HSA-109582
Intrinsic Pathway for Apoptosis	1	BID,YWHAB	R-HSA-109606
Recognition of DNA damage by PCNA-containing replication complex	1	RBX1	R-HSA-110314
Recognition and association of DNA glycosylase with site containing an affected pyrimidine	1	SMUG1,TDG	R-HSA-110328
Cleavage of the damaged pyrimidine	1	SMUG1,TDG	R-HSA-110329
POLB-Dependent Long Patch Base Excision Repair	1	PARP1	R-HSA-110362
Resolution of AP sites via the multiple-nucleotide patch replacement pathway	1	PARP1	R-HSA-110373
BH3-only proteins associate with and inactivate anti-apoptotic BCL-2 members	1	BID	R-HSA-111453
E2F-enabled inhibition of pre-replication complex formation	1	ORC3	R-HSA-113507
E2F mediated regulation of DNA replication	1	ORC3	R-HSA-113510
Activation of BH3-only proteins	1	BID,YWHAB	R-HSA-114452
Platelet degranulation	1	ANXA5	R-HSA-114608
Prolactin receptor signaling	1	RBX1	R-HSA-1170546
ROS and RNS production in phagocytes	1	ATP6V0E1	R-HSA-1222556
Signaling by FGFR in disease	1	POLR2K,POLR2L	R-HSA-1226099
Developmental Biology	1	ACTR2,AP2S1,ARPC3,ELOB,MED10,POLR2K,POLR2L,PSMA5,PSMB1,PSMB2,PSMB6,PSMD8,PSME2,PSMF1,RBBP7,RBX1,RPL26L1,RPL36AL,RPS23,RPS26	R-HSA-1266738
Cytokine Signaling in Immune system	1	ARL2,EIF4E,EIF4E2,GSTO1,PHB,PSMA5,PSMB1,PSMB2,PSMB6,PSMD8,PSME2,PSMF1,RAE1,RBX1,UBE2N,YWHAB	R-HSA-1280215
Adaptive Immune System	1	ANAPC11,AP2S1,CD99,CDC26,ELOB,PSMA5,PSMB1,PSMB2,PSMB6,PSMD8,PSME2,PSMF1,RBX1,RNF7,SEC61G,UBE2D3,UBE2N,YWHAB	R-HSA-1280218
ABC transporters in lipid homeostasis	1	PEX19	R-HSA-1369062
Amplification of signal from the kinetochores	1	BUB3	R-HSA-141424
Amplification of signal from unattached kinetochores via a MAD2 inhibitory signal	1	BUB3	R-HSA-141444
Translocation of SLC2A4 (GLUT4) to the plasma membrane	1	YWHAB	R-HSA-1445148
Tetrahydrobiopterin (BH4) synthesis, recycling, salvage and regulation	1	PTS	R-HSA-1474151
Synthesis of PC	1	PEMT	R-HSA-1483191
Glycerophospholipid biosynthesis	1	PEMT	R-HSA-1483206
Phospholipid metabolism	1	PEMT	R-HSA-1483257
Cell-Cell communication	1	CD2AP	R-HSA-1500931
Phase II - Conjugation of compounds	1	AKR1A1,ESD,GSTO1,TRMT112	R-HSA-156580
Eukaryotic Translation Elongation	1	RPL26L1,RPL36AL,RPS23,RPS26	R-HSA-156842
Telomere Maintenance	1	NHP2,POLR2K,POLR2L,RUVBL1	R-HSA-157579
Nucleotide metabolism	1	DGUOK,HPRT1,ITPA,TXN	R-HSA-15869
Transport of the SLBP independent Mature mRNA	1	EIF4E,RAE1	R-HSA-159227
Transport of the SLBP Dependant Mature mRNA	1	EIF4E,RAE1	R-HSA-159230
Transport of Mature mRNA Derived from an Intronless Transcript	1	EIF4E,RAE1	R-HSA-159231
Transport of Mature mRNAs Derived from Intronless Transcripts	1	EIF4E,RAE1	R-HSA-159234
Transport of Mature mRNA derived from an Intron-Containing Transcript	1	RAE1,SRSF7	R-HSA-159236
Signaling Pathways	1	ACTR2,AP2S1,ARL2,ARPC3,ATP6V0E1,BUB3,DHRS4,EIF4E,GDI2,HEY2,LAMTOR5,LEO1,PARP1,PDHA1,PHB,POLR2K,POLR2L,PSMA5,PSMB1,PSMB2,PSMB6,PSMD8,PSME2,PSMF1,RBBP7,RBX1,RDH11,RUVBL1,UBE2D3,VPS26A,YWHAB	R-HSA-162582
Budding and maturation of HIV virion	1	VTA1	R-HSA-162588
Nef-mediates down modulation of cell surface receptors by recruiting them to clathrin adapters	1	AP2S1	R-HSA-164938
The role of Nef in HIV-1 replication and disease pathogenesis	1	AP2S1	R-HSA-164952
Rev-mediated nuclear export of HIV RNA	1	RAE1	R-HSA-165054
Toll Like Receptor 4 (TLR4) Cascade	1	UBE2D3,UBE2N	R-HSA-166016
MyD88:MAL(TIRAP) cascade initiated on plasma membrane	1	UBE2N	R-HSA-166058
Sphingolipid de novo biosynthesis	1	SPTSSA	R-HSA-1660661
MyD88-independent TLR4 cascade	1	UBE2D3,UBE2N	R-HSA-166166
Signaling by NTRKs	1	AP2S1,YWHAB	R-HSA-166520
Nef Mediated CD4 Down-regulation	1	AP2S1	R-HSA-167590
Toll Like Receptor 9 (TLR9) Cascade	1	UBE2N	R-HSA-168138
Toll Like Receptor 10 (TLR10) Cascade	1	UBE2N	R-HSA-168142
Toll Like Receptor 3 (TLR3) Cascade	1	UBE2D3,UBE2N	R-HSA-168164
Toll Like Receptor 5 (TLR5) Cascade	1	UBE2N	R-HSA-168176
Toll Like Receptor TLR1:TLR2 Cascade	1	UBE2N	R-HSA-168179
Toll Like Receptor 7/8 (TLR7/8) Cascade	1	UBE2N	R-HSA-168181
Toll Like Receptor TLR6:TLR2 Cascade	1	UBE2N	R-HSA-168188
Innate Immune System	1	ACTR2,ARPC3,ATG5,ATP6V0E1,CSTB,DNAJC3,DYNLT1,GDI2,NIT2,POLR1C,POLR2K,POLR2L,POLR3K,PPIE,PRKDC,PSMA5,PSMB1,PSMB2,PSMB6,PSMD8,PSME2,PSMF1,PTGES2,PYCARD,TXN,UBE2D3,UBE2N,XRCC6	R-HSA-168249
Immune System	1	ACTR2,ANAPC11,AP2S1,ARL2,ARPC3,ATG5,ATP6V0E1,CD99,CDC26,CSTB,DNAJC3,DYNLT1,EIF4E,EIF4E2,ELOB,GDI2,GSTO1,NIT2,PHB,POLR1C,POLR2K,POLR2L,POLR3K,PPIE,PRKDC,PSMA5,PSMB1,PSMB2,PSMB6,PSMD8,PSME2,PSMF1,PTGES2,PYCARD,RAE1,RBX1,RNF7,SEC61G,TXN,UBE2D3,UBE2N,XRCC6,YWHAB	R-HSA-168256
Transport of Ribonucleoproteins into the Host Nucleus	1	RAE1	R-HSA-168271
Export of Viral Ribonucleoproteins from Nucleus	1	RAE1	R-HSA-168274
NS1 Mediated Effects on Host Pathways	1	RAE1	R-HSA-168276
NEP/NS2 Interacts with the Cellular Export Machinery	1	RAE1	R-HSA-168333
NOD1/2 Signaling Pathway	1	UBE2N	R-HSA-168638
Toll-like Receptor Cascades	1	UBE2D3,UBE2N	R-HSA-168898
DDX58/IFIH1-mediated induction of interferon-alpha/beta	1	ATG5,UBE2D3	R-HSA-168928
Prolonged ERK activation events	1	YWHAB	R-HSA-169893
Regulation of Glucokinase by Glucokinase Regulatory Protein	1	RAE1	R-HSA-170822
Signaling by TGF-beta Receptor Complex	1	PARP1,UBE2D3	R-HSA-170834
Frs2-mediated activation	1	YWHAB	R-HSA-170968
ARMS-mediated activation	1	YWHAB	R-HSA-170984
Lipoprotein metabolism	1	AP2S1	R-HSA-174824
Interactions of Vpr with host cellular proteins	1	BANF1,RAE1	R-HSA-176033
Activation of ATR in response to replication stress	1	ORC3	R-HSA-176187
Interactions of Rev with host cellular proteins	1	RAE1	R-HSA-177243
Retrograde neurotrophin signalling	1	AP2S1	R-HSA-177504
Nuclear import of Rev protein	1	RAE1	R-HSA-180746
Extension of Telomeres	1	NHP2,RUVBL1	R-HSA-180786
Vpr-mediated nuclear import of PICs	1	BANF1,RAE1	R-HSA-180910
Toll Like Receptor 2 (TLR2) Cascade	1	UBE2N	R-HSA-181438
Nef Mediated CD8 Down-regulation	1	AP2S1	R-HSA-182218
FGFR2 mutant receptor activation	1	POLR2K,POLR2L	R-HSA-1839126
Signaling by NTRK1 (TRKA)	1	AP2S1,YWHAB	R-HSA-187037
Signalling to ERKs	1	YWHAB	R-HSA-187687
Signaling by FGFR	1	POLR2K,POLR2L	R-HSA-190236
Signaling by Rho GTPases	1	ACTR2,ARPC3,BUB3,GDI2,YWHAB	R-HSA-194315
Rho GTPase cycle	1	GDI2	R-HSA-194840
RHO GTPase Effectors	1	ACTR2,ARPC3,BUB3,YWHAB	R-HSA-195258
Vitamin C (ascorbate) metabolism	1	GSTO1	R-HSA-196836
Metabolism of water-soluble vitamins and cofactors	1	GSTO1	R-HSA-196849
Metabolism of vitamins and cofactors	1	GSTO1,PTS,RDH11	R-HSA-196854
Signaling by NOTCH1	1	HEY2,RBX1	R-HSA-1980143
Immunoregulatory interactions between a Lymphoid and a non-Lymphoid cell	1	CD99	R-HSA-198933
PPARA activates gene expression	1	FDFT1,MED10	R-HSA-1989781
ER to Golgi Anterograde Transport	1	ARF4,COPZ1	R-HSA-199977
Membrane Trafficking	1	ACTR2,AP2S1,ARF4,ARPC3,COPS5,COPZ1,GDI2,TBC1D7,VTA1,YIPF6,YWHAB	R-HSA-199991
trans-Golgi Network Vesicle Budding	1	YIPF6	R-HSA-199992
Signaling by BMP	1	UBE2D3	R-HSA-201451
Formation of the beta-catenin:TCF transactivating complex	1	LEO1,RUVBL1	R-HSA-201722
Cell surface interactions at the vascular wall	1	CD99,SLC3A2	R-HSA-202733
Signaling by Hippo	1	YWHAB	R-HSA-2028269
Fcgamma receptor (FCGR) dependent phagocytosis	1	ACTR2,ARPC3	R-HSA-2029480
Regulation of actin dynamics for phagocytic cup formation	1	ACTR2,ARPC3	R-HSA-2029482
Regulation of pyruvate dehydrogenase (PDH) complex	1	PDHA1	R-HSA-204174
Basigin interactions	1	SLC3A2	R-HSA-210991
Gene Silencing by RNA	1	HENMT1,POLR2K,POLR2L,RAE1	R-HSA-211000
Biological oxidations	1	AKR1A1,ESD,GSTO1,NQO2,TRMT112	R-HSA-211859
Phase I - Functionalization of compounds	1	NQO2	R-HSA-211945
NOTCH1 Intracellular Domain Regulates Transcription	1	HEY2,RBX1	R-HSA-2122947
PRC2 methylates histones and DNA	1	RBBP7	R-HSA-212300
MHC class II antigen presentation	1	AP2S1	R-HSA-2132295
Arachidonic acid metabolism	1	PTGES2	R-HSA-2142753
Transcriptional activation of mitochondrial biogenesis	1	SSBP1	R-HSA-2151201
Synthesis of Prostaglandins (PG) and Thromboxanes (TX)	1	PTGES2	R-HSA-2162123
Transcriptional activity of SMAD2/SMAD3:SMAD4 heterotrimer	1	PARP1,UBE2D3	R-HSA-2173793
Visual phototransduction	1	RDH11	R-HSA-2187338
Selenocysteine synthesis	1	RPL26L1,RPL36AL,RPS23,RPS26	R-HSA-2408557
The canonical retinoid cycle in rods (twilight vision)	1	RDH11	R-HSA-2453902
Resolution of Sister Chromatid Cohesion	1	BUB3	R-HSA-2500257
Oxidative Stress Induced Senescence	1	RBBP7,TXN	R-HSA-2559580
Senescence-Associated Secretory Phenotype (SASP)	1	ANAPC11,CDC26	R-HSA-2559582
Cellular Senescence	1	ANAPC11,ASF1A,CDC26,RBBP7,TXN	R-HSA-2559583
Formation of Senescence-Associated Heterochromatin Foci (SAHF)	1	ASF1A	R-HSA-2559584
DNA Damage/Telomere Stress Induced Senescence	1	ASF1A	R-HSA-2559586
Signaling by NOTCH1 PEST Domain Mutants in Cancer	1	HEY2,RBX1	R-HSA-2644602
Signaling by NOTCH1 in Cancer	1	HEY2,RBX1	R-HSA-2644603
Constitutive Signaling by NOTCH1 PEST Domain Mutants	1	HEY2,RBX1	R-HSA-2644606
EPH-Ephrin signaling	1	ACTR2,AP2S1,ARPC3	R-HSA-2682334
Signaling by NOTCH1 HD+PEST Domain Mutants in Cancer	1	HEY2,RBX1	R-HSA-2894858
Constitutive Signaling by NOTCH1 HD+PEST Domain Mutants	1	HEY2,RBX1	R-HSA-2894862
Peptide hormone metabolism	1	SPCS1	R-HSA-2980736
Nuclear Envelope Breakdown	1	BANF1,RAE1	R-HSA-2980766
SUMOylation	1	HNRNPK,NOP58,PARP1,RAE1,TDG	R-HSA-2990846
Initiation of Nuclear Envelope (NE) Reformation	1	BANF1	R-HSA-2995383
Nuclear Envelope (NE) Reassembly	1	BANF1	R-HSA-2995410
SUMOylation of DNA damage response and repair proteins	1	PARP1,RAE1,TDG	R-HSA-3108214
SUMO E3 ligases SUMOylate target proteins	1	HNRNPK,NOP58,PARP1,RAE1,TDG	R-HSA-3108232
HDACs deacetylate histones	1	RBBP7,SAP18	R-HSA-3214815
PKMTs methylate histone lysines	1	RBBP7	R-HSA-3214841
RMTs methylate histone arginines	1	PBRM1,RBBP7,SMARCC2	R-HSA-3214858
SUMOylation of ubiquitinylation proteins	1	RAE1	R-HSA-3232142
WNT ligand biogenesis and trafficking	1	VPS26A	R-HSA-3238698
Chromatin modifying enzymes	1	ENY2,MEAF6,PBRM1,RBBP7,RUVBL1,SAP18,SMARCC2,SUPT20H,TAF9	R-HSA-3247509
Nuclear Pore Complex (NPC) Disassembly	1	RAE1	R-HSA-3301854
Regulation of HSF1-mediated heat shock response	1	DNAJB6,RAE1	R-HSA-3371453
HSF1 activation	1	HSBP1	R-HSA-3371511
Cellular response to heat stress	1	DNAJB6,HSBP1,RAE1	R-HSA-3371556
Attenuation phase	1	HSBP1	R-HSA-3371568
HSF1-dependent transactivation	1	HSBP1	R-HSA-3371571
Amino acid transport across the plasma membrane	1	SLC3A2	R-HSA-352230
Signaling by GPCR	1	RDH11	R-HSA-372790
Nephrin family interactions	1	CD2AP	R-HSA-373753
L1CAM interactions	1	AP2S1	R-HSA-373760
Diseases of glycosylation	1	DPAGT1,RFT1	R-HSA-3781865
Cytosolic tRNA aminoacylation	1	AIMP1	R-HSA-379716
tRNA Aminoacylation	1	AIMP1,PPA2	R-HSA-379724
Mitochondrial tRNA aminoacylation	1	PPA2	R-HSA-379726
Energy dependent regulation of mTOR by LKB1-AMPK	1	LAMTOR5	R-HSA-380972
ATF4 activates genes in response to endoplasmic reticulum stress	1	EXOSC2	R-HSA-380994
XBP1(S) activates chaperone genes	1	DNAJC3	R-HSA-381038
PERK regulates gene expression	1	EXOSC2	R-HSA-381042
IRE1alpha activates chaperones	1	DNAJC3	R-HSA-381070
Unfolded Protein Response (UPR)	1	DNAJC3,EXOSC2	R-HSA-381119
Transcriptional regulation of white adipocyte differentiation	1	MED10	R-HSA-381340
Regulation of IGF Activity by IGFBP	1	DNAJC3	R-HSA-381426
Synthesis, secretion, and inactivation of Glucagon-like Peptide-1 (GLP-1)	1	SPCS1	R-HSA-381771
Transport of small molecules	1	AP2S1,ARL2,ATP6V0E1,PEX19,PHB,PSMA5,PSMB1,PSMB2,PSMB6,PSMD8,PSME2,PSMF1,SLC3A2	R-HSA-382551
GPCR downstream signalling	1	RDH11	R-HSA-388396
Cooperation of Prefoldin and TriC/CCT in actin and tubulin folding	1	CCT4,CCT5	R-HSA-389958
Post-chaperonin tubulin folding pathway	1	ARL2	R-HSA-389977
Chaperonin-mediated protein folding	1	CCT4,CCT5	R-HSA-390466
Association of TriC/CCT with target proteins during biosynthesis	1	CCT4,CCT5	R-HSA-390471
Protein folding	1	ARL2,CCT4,CCT5	R-HSA-391251
Rap1 signalling	1	YWHAB	R-HSA-392517
EPHB-mediated forward signaling	1	ACTR2,ARPC3	R-HSA-3928662
EPH-ephrin mediated repulsion of cells	1	AP2S1	R-HSA-3928665
Regulation of lipid metabolism by PPARalpha	1	FDFT1,MED10	R-HSA-400206
Incretin synthesis, secretion, and inactivation	1	SPCS1	R-HSA-400508
Synthesis, secretion, and inactivation of Glucose-dependent Insulinotropic Polypeptide (GIP)	1	SPCS1	R-HSA-400511
SUMOylation of SUMOylation proteins	1	RAE1	R-HSA-4085377
G alpha (i) signalling events	1	RDH11	R-HSA-418594
Synthesis, secretion, and deacylation of Ghrelin	1	SPCS1	R-HSA-422085
Transport of inorganic cations/anions and amino acids/oligopeptides	1	SLC3A2	R-HSA-425393
Transport of vitamins, nucleosides, and related molecules	1	ARL2	R-HSA-425397
SLC-mediated transmembrane transport	1	ARL2,SLC3A2	R-HSA-425407
Activation of rRNA Expression by ERCC6 (CSB) and EHMT2 (G9a)	1	RBBP7	R-HSA-427389
Sphingolipid metabolism	1	SPTSSA	R-HSA-428157
Deadenylation of mRNA	1	EIF4E	R-HSA-429947
mRNA decay by 3' to 5' exoribonuclease	1	EXOSC2	R-HSA-429958
Golgi Associated Vesicle Biogenesis	1	YIPF6	R-HSA-432722
Recycling pathway of L1	1	AP2S1	R-HSA-437239
TAK1 activates NFkB by phosphorylation and activation of IKKs complex	1	UBE2N	R-HSA-445989
Biosynthesis of the N-glycan precursor (dolichol lipid-linked oligosaccharide, LLO) and transfer to a nascent protein	1	DPAGT1,RFT1	R-HSA-446193
Asparagine N-linked glycosylation	1	ARF4,COPZ1,DPAGT1,RFT1	R-HSA-446203
Interleukin-12 family signaling	1	GSTO1,PSME2	R-HSA-447115
Interleukin-17 signaling	1	UBE2N	R-HSA-448424
Signaling by Interleukins	1	GSTO1,PSMA5,PSMB1,PSMB2,PSMB6,PSMD8,PSME2,PSMF1,RBX1,UBE2N	R-HSA-449147
MAP kinase activation	1	UBE2N	R-HSA-450294
activated TAK1 mediates p38 MAPK activation	1	UBE2N	R-HSA-450302
JNK (c-Jun kinases) phosphorylation and activation mediated by activated human TAK1	1	UBE2N	R-HSA-450321
KSRP (KHSRP) binds and destabilizes mRNA	1	EXOSC2	R-HSA-450604
SUMOylation of chromatin organization proteins	1	RAE1	R-HSA-4551638
SUMOylation of DNA replication proteins	1	RAE1	R-HSA-4615885
Chromatin organization	1	ENY2,MEAF6,PBRM1,RBBP7,RUVBL1,SAP18,SMARCC2,SUPT20H,TAF9	R-HSA-4839726
Interconversion of nucleotide di- and triphosphates	1	TXN	R-HSA-499943
WNT5A-dependent internalization of FZD4	1	AP2S1	R-HSA-5099900
WNT5A-dependent internalization of FZD2, FZD5 and ROR2	1	AP2S1	R-HSA-5140745
Positive epigenetic regulation of rRNA expression	1	POLR1C,POLR2K,POLR2L,RBBP7	R-HSA-5250913
B-WICH complex positively regulates rRNA expression	1	POLR1C,POLR2K,POLR2L	R-HSA-5250924
Metabolism of lipids	1	DECR1,ELOVL6,FDFT1,MED10,NDUFAB1,PEMT,PTGES2,SPTSSA,SQLE	R-HSA-556833
Transcriptional regulation by small RNAs	1	POLR2K,POLR2L,RAE1	R-HSA-5578749
Activation of anterior HOX genes in hindbrain development during early embryogenesis	1	POLR2K,POLR2L,RBBP7	R-HSA-5617472
Cilium Assembly	1	ARF4,CCT4,CCT5,MKKS	R-HSA-5617833
SLC transporter disorders	1	RAE1,SLC3A2	R-HSA-5619102
Defective TPR may confer susceptibility towards thyroid papillary carcinoma (TPC)	1	RAE1	R-HSA-5619107
Activation of HOX genes during differentiation	1	POLR2K,POLR2L,RBBP7	R-HSA-5619507
VxPx cargo-targeting to cilium	1	ARF4	R-HSA-5620916
RHO GTPases activate PKNs	1	YWHAB	R-HSA-5625740
Regulation of TP53 Activity	1	CCNG1,MEAF6,RBBP7,TAF15,TAF9	R-HSA-5633007
TP53 Regulates Transcription of Cell Death Genes	1	BID,TRIAP1	R-HSA-5633008
Vesicle-mediated transport	1	ACTR2,AP2S1,ARF4,ARPC3,COPS5,COPZ1,GDI2,TBC1D7,VTA1,YIPF6,YWHAB	R-HSA-5653656
Signaling by FGFR2	1	POLR2K,POLR2L	R-HSA-5654738
Signaling by FGFR2 in disease	1	POLR2K,POLR2L	R-HSA-5655253
Response to metal ions	1	MT1X	R-HSA-5660526
Metallothioneins bind metals	1	MT1X	R-HSA-5661231
RHO GTPases Activate WASPs and WAVEs	1	ACTR2,ARPC3	R-HSA-5663213
RHO GTPases Activate Formins	1	BUB3	R-HSA-5663220
Diseases of metabolism	1	DPAGT1,RFT1	R-HSA-5668914
RAF activation	1	PHB,YWHAB	R-HSA-5673000
MAP2K and MAPK activation	1	YWHAB	R-HSA-5674135
Negative regulation of MAPK pathway	1	YWHAB	R-HSA-5675221
HDR through MMEJ (alt-NHEJ)	1	PARP1	R-HSA-5685939
Deubiquitination	1	PSMA5,PSMB1,PSMB2,PSMB6,PSMD8,PSME2,PSMF1,RUVBL1,STAMBP	R-HSA-5688426
Metalloprotease DUBs	1	STAMBP	R-HSA-5689901
DNA Double-Strand Break Repair	1	PARP1,PRKDC,UBE2N,XRCC6	R-HSA-5693532
Homology Directed Repair	1	PARP1,UBE2N	R-HSA-5693538
Recruitment and ATM-mediated phosphorylation of repair and signaling proteins at DNA double strand breaks	1	UBE2N	R-HSA-5693565
HDR through Homologous Recombination (HRR) or Single Strand Annealing (SSA)	1	UBE2N	R-HSA-5693567
Nonhomologous End-Joining (NHEJ)	1	PRKDC,UBE2N,XRCC6	R-HSA-5693571
DNA Double Strand Break Response	1	UBE2N	R-HSA-5693606
Processing of DNA double-strand break ends	1	UBE2N	R-HSA-5693607
Dual Incision in GG-NER	1	PARP1,RBX1	R-HSA-5696400
Post-translational protein modification	1	ARF4,COMMD5,COPS5,COPZ1,DNAJC3,DPAGT1,EEF1AKMT1,ELOB,HNRNPK,LEO1,NOP58,PARP1,PRKDC,PSMA5,PSMB1,PSMB2,PSMB6,PSMD8,PSME2,PSMF1,RAB25,RAE1,RBBP7,RBX1,RFT1,RNF7,RUVBL1,STAMBP,TDG,UBE2D3,UBE2N	R-HSA-597592
Deposition of new CENPA-containing nucleosomes at the centromere	1	RBBP7,RUVBL1	R-HSA-606279
tRNA modification in the nucleus and cytosol	1	TPRKB,TRMT112	R-HSA-6782315
tRNA processing in the nucleus	1	RAE1,ZBTB8OS	R-HSA-6784531
Neutrophil degranulation	1	ACTR2,CSTB,DNAJC3,DYNLT1,GDI2,NIT2,PPIE,PSMA5,PSMB1,PTGES2,PYCARD,XRCC6	R-HSA-6798695
Signaling by moderate kinase activity BRAF mutants	1	PHB,YWHAB	R-HSA-6802946
Signaling by high-kinase activity BRAF mutants	1	YWHAB	R-HSA-6802948
Signaling by RAS mutants	1	PHB,YWHAB	R-HSA-6802949
Signaling by BRAF and RAF fusions	1	YWHAB	R-HSA-6802952
Paradoxical activation of RAF signaling by kinase inactive BRAF	1	PHB,YWHAB	R-HSA-6802955
Oncogenic MAPK signaling	1	PHB,YWHAB	R-HSA-6802957
Regulation of TP53 Activity through Phosphorylation	1	TAF15,TAF9	R-HSA-6804756
Regulation of TP53 Degradation	1	CCNG1	R-HSA-6804757
Regulation of TP53 Activity through Acetylation	1	MEAF6,RBBP7	R-HSA-6804758
Regulation of TP53 Expression and Degradation	1	CCNG1	R-HSA-6806003
Metabolism of fat-soluble vitamins	1	RDH11	R-HSA-6806667
COPI-mediated anterograde transport	1	ARF4,COPZ1	R-HSA-6807878
COPI-dependent Golgi-to-ER retrograde traffic	1	ARF4,COPZ1	R-HSA-6811434
Intra-Golgi and retrograde Golgi-to-ER traffic	1	ARF4,COPZ1	R-HSA-6811442
Cooperation of PDCL (PhLP1) and TRiC/CCT in G-protein beta folding	1	CCT4,CCT5	R-HSA-6814122
CDC6 association with the ORC:origin complex	1	ORC3	R-HSA-68689
Mitotic Prophase	1	BANF1,RAE1	R-HSA-68875
Mitotic Prometaphase	1	BUB3	R-HSA-68877
M Phase	1	ANAPC11,BANF1,BUB3,CDC26,PSMA5,PSMB1,PSMB2,PSMB6,PSMD8,PSME2,PSMF1,RAE1	R-HSA-68886
Activation of the pre-replicative complex	1	ORC3	R-HSA-68962
Cyclin D associated events in G1	1	MNAT1	R-HSA-69231
G1 Phase	1	MNAT1	R-HSA-69236
Cyclin A/B1/B2 associated events during G2/M transition	1	MNAT1	R-HSA-69273
Cell Cycle, Mitotic	1	ANAPC11,BANF1,BUB3,CDC26,MNAT1,ORC3,PSMA5,PSMB1,PSMB2,PSMB6,PSMD8,PSME2,PSMF1,RAE1,RBX1	R-HSA-69278
G2/M DNA damage checkpoint	1	UBE2N,YWHAB	R-HSA-69473
Mitotic Spindle Checkpoint	1	ANAPC11,BUB3,CDC26	R-HSA-69618
Glycolysis	1	RAE1	R-HSA-70171
Gluconeogenesis	1	MDH2	R-HSA-70263
Pyruvate metabolism	1	PDHA1	R-HSA-70268
Glucose metabolism	1	MDH2,RAE1	R-HSA-70326
Tryptophan catabolism	1	SLC3A2	R-HSA-71240
Pentose phosphate pathway	1	RPE	R-HSA-71336
Carbohydrate metabolism	1	AKR1A1,MDH2,RAE1,RPE	R-HSA-71387
Citric acid cycle (TCA cycle)	1	MDH2	R-HSA-71403
Pyruvate metabolism and Citric Acid (TCA) cycle	1	MDH2,PDHA1	R-HSA-71406
mRNA 3'-end processing	1	SRSF7	R-HSA-72187
Transport of Mature Transcript to Cytoplasm	1	EIF4E,RAE1,SRSF7	R-HSA-72202
tRNA processing	1	RAE1,TPRKB,TRMT112,ZBTB8OS	R-HSA-72306
Base Excision Repair	1	PARP1,SMUG1,TDG	R-HSA-73884
Chromosome Maintenance	1	NHP2,POLR2K,POLR2L,RBBP7,RUVBL1	R-HSA-73886
DNA Damage Bypass	1	RBX1	R-HSA-73893
Depyrimidination	1	SMUG1,TDG	R-HSA-73928
Base-Excision Repair, AP Site Formation	1	SMUG1,TDG	R-HSA-73929
Purine catabolism	1	ITPA	R-HSA-74259
Signaling by Insulin receptor	1	ATP6V0E1	R-HSA-74752
Chk1/Chk2(Cds1) mediated inactivation of Cyclin B:Cdk1 complex	1	YWHAB	R-HSA-75035
Fatty acyl-CoA biosynthesis	1	ELOVL6	R-HSA-75105
Synthesis of very long-chain fatty acyl-CoAs	1	ELOVL6	R-HSA-75876
Platelet activation, signaling and aggregation	1	ANXA5	R-HSA-76002
Response to elevated platelet cytosolic Ca2+	1	ANXA5	R-HSA-76005
Mitochondrial Fatty Acid Beta-Oxidation	1	DECR1,NDUFAB1	R-HSA-77289
Insulin receptor recycling	1	ATP6V0E1	R-HSA-77387
Nucleosome assembly	1	RBBP7,RUVBL1	R-HSA-774815
Transport of nucleosides and free purine and pyrimidine bases across the plasma membrane	1	ARL2	R-HSA-83936
Transcriptional Regulation by VENTX	1	ANAPC11,CDC26	R-HSA-8853884
TBC/RABGAPs	1	TBC1D7	R-HSA-8854214
Golgi-to-ER retrograde transport	1	ARF4,COPZ1	R-HSA-8856688
Cargo recognition for clathrin-mediated endocytosis	1	AP2S1,COPS5	R-HSA-8856825
Clathrin-mediated endocytosis	1	ACTR2,AP2S1,ARPC3,COPS5	R-HSA-8856828
Transcriptional regulation by the AP-2 (TFAP2) family of transcription factors	1	HSPD1	R-HSA-8864260
VLDLR internalisation and degradation	1	AP2S1	R-HSA-8866427
RAB geranylgeranylation	1	RAB25	R-HSA-8873719
RAB GEFs exchange GTP for GDP on RABs	1	GDI2	R-HSA-8876198
Protein methylation	1	EEF1AKMT1	R-HSA-8876725
Receptor Mediated Mitophagy	1	ATG5	R-HSA-8934903
ESR-mediated signaling	1	POLR2K,POLR2L	R-HSA-8939211
RUNX1 interacts with co-factors whose precise effect on RUNX1 targets is not known	1	PBRM1,SMARCC2	R-HSA-8939243
RUNX2 regulates osteoblast differentiation	1	HEY2	R-HSA-8940973
RUNX2 regulates bone development	1	HEY2	R-HSA-8941326
Regulation of PTEN gene transcription	1	LAMTOR5,RBBP7	R-HSA-8943724
Mitochondrial calcium ion transport	1	PHB	R-HSA-8949215
Processing of SMDT1	1	PHB	R-HSA-8949664
Gene and protein expression by JAK-STAT signaling after Interleukin-12 stimulation	1	GSTO1,PSME2	R-HSA-8950505
Transcriptional Regulation by E2F6	1	RBBP7	R-HSA-8953750
Nucleobase catabolism	1	ITPA	R-HSA-8956319
Post-translational protein phosphorylation	1	DNAJC3	R-HSA-8957275
Metabolism of steroids	1	ELOVL6,FDFT1,SQLE	R-HSA-8957322
LDL clearance	1	AP2S1	R-HSA-8964038
Plasma lipoprotein clearance	1	AP2S1	R-HSA-8964043
Fatty acid metabolism	1	DECR1,ELOVL6,NDUFAB1,PTGES2	R-HSA-8978868
Metabolism of cofactors	1	PTS	R-HSA-8978934
Intracellular signaling by second messengers	1	LAMTOR5,PSMA5,PSMB1,PSMB2,PSMB6,PSMD8,PSME2,PSMF1,RBBP7	R-HSA-9006925
Signaling by Nuclear Receptors	1	DHRS4,PDHA1,POLR2K,POLR2L,RDH11	R-HSA-9006931
Signaling by Receptor Tyrosine Kinases	1	AP2S1,ATP6V0E1,POLR2K,POLR2L,YWHAB	R-HSA-9006934
Signaling by TGFB family members	1	PARP1,UBE2D3	R-HSA-9006936
Rab regulation of trafficking	1	GDI2,TBC1D7	R-HSA-9007101
Signaling by NOTCH3	1	HEY2	R-HSA-9012852
NOTCH3 Intracellular Domain Regulates Transcription	1	HEY2	R-HSA-9013508
NOTCH4 Intracellular Domain Regulates Transcription	1	HEY2	R-HSA-9013695
Estrogen-dependent gene expression	1	POLR2K,POLR2L	R-HSA-9018519
Interleukin-12 signaling	1	GSTO1,PSME2	R-HSA-9020591
Peroxisomal protein import	1	DHRS4,ECH1,UBE2D3	R-HSA-9033241
Interferon Signaling	1	EIF4E,EIF4E2,RAE1,UBE2N	R-HSA-913531
Endosomal Sorting Complex Required For Transport (ESCRT)	1	VTA1	R-HSA-917729
Iron uptake and transport	1	ATP6V0E1	R-HSA-917937
Transferrin endocytosis and recycling	1	ATP6V0E1	R-HSA-917977
Nonsense-Mediated Decay (NMD)	1	RPL26L1,RPL36AL,RPS23,RPS26	R-HSA-927802
Negative regulators of RIG-I/MDA5 signaling	1	ATG5,UBE2D3	R-HSA-936440
IRAK1 recruits IKK complex	1	UBE2N	R-HSA-937039
TRIF(TICAM1)-mediated TLR4 signaling	1	UBE2D3,UBE2N	R-HSA-937061
Transport to the Golgi and subsequent modification	1	ARF4,COPZ1	R-HSA-948021
Class I peroxisomal membrane protein import	1	PEX19	R-HSA-9603798
Insertion of tail-anchored proteins into the endoplasmic reticulum membrane	1	SEC61G	R-HSA-9609523
HCMV Infection	1	HNRNPK,RAE1,RBBP7	R-HSA-9609646
HCMV Early Events	1	RAE1,RBBP7	R-HSA-9609690
HCMV Late Events	1	HNRNPK,RAE1	R-HSA-9610379
Autophagy	1	ATG5,LAMTOR5,TOMM5,TOMM7,UBE2N	R-HSA-9612973
FOXO-mediated transcription	1	TXN,YWHAB	R-HSA-9614085
Regulation of localization of FOXO transcription factors	1	YWHAB	R-HSA-9614399
Regulation of FOXO transcriptional activity by acetylation	1	TXN	R-HSA-9617629
Response of EIF2AK4 (GCN2) to amino acid deficiency	1	RPL26L1,RPL36AL,RPS23,RPS26	R-HSA-9633012
Aggrephagy	1	UBE2N	R-HSA-9646399
RAS processing	1	ARL2	R-HSA-9648002
EML4 and NUDC in mitotic spindle formation	1	BUB3	R-HSA-9648025
Signaling downstream of RAS mutants	1	PHB,YWHAB	R-HSA-9649948
Signaling by RAF1 mutants	1	YWHAB	R-HSA-9656223
Leishmania infection	1	ACTR2,ARPC3,PYCARD,TXN	R-HSA-9658195
Signaling by MRAS-complex mutants	1	YWHAB	R-HSA-9660537
Parasite infection	1	ACTR2,ARPC3	R-HSA-9664407
Leishmania phagocytosis	1	ACTR2,ARPC3	R-HSA-9664417
FCGR3A-mediated phagocytosis	1	ACTR2,ARPC3	R-HSA-9664422
Inhibition of DNA recombination at telomere	1	POLR2K,POLR2L	R-HSA-9670095
Nervous system development	1	ACTR2,AP2S1,ARPC3,ELOB,PSMA5,PSMB1,PSMB2,PSMB6,PSMD8,PSME2,PSMF1,RBX1,RPL26L1,RPL36AL,RPS23,RPS26	R-HSA-9675108
Diseases of mitotic cell cycle	1	ANAPC11,CDC26	R-HSA-9675126
SARS-CoV-1 Infection	1	ZCRB1	R-HSA-9678108
Potential therapeutics for SARS	1	AP2S1,RBBP7,SAP18	R-HSA-9679191
SARS-CoV Infections	1	AP2S1,RBBP7,SAP18,ZCRB1	R-HSA-9679506
Aberrant regulation of mitotic cell cycle due to RB1 defects	1	ANAPC11,CDC26	R-HSA-9687139
SARS-CoV-2 Infection	1	ZCRB1	R-HSA-9694516
TRAF6 mediated IRF7 activation in TLR7/8 or 9 signaling	1	UBE2N	R-HSA-975110
TRAF6 mediated induction of NFkB and MAP kinases upon TLR7/8 or 9 activation	1	UBE2N	R-HSA-975138
IRAK1 recruits IKK complex upon TLR7/8 or 9 stimulation	1	UBE2N	R-HSA-975144
MyD88 dependent cascade initiated on endosome	1	UBE2N	R-HSA-975155
Retinoid metabolism and transport	1	RDH11	R-HSA-975634
MyD88 cascade initiated on plasma membrane	1	UBE2N	R-HSA-975871
Nonsense Mediated Decay (NMD) independent of the Exon Junction Complex (EJC)	1	RPL26L1,RPL36AL,RPS23,RPS26	R-HSA-975956
Nonsense Mediated Decay (NMD) enhanced by the Exon Junction Complex (EJC)	1	RPL26L1,RPL36AL,RPS23,RPS26	R-HSA-975957
Ion channel transport	1	ATP6V0E1	R-HSA-983712