Innate Immune System	0.00006155099175393252	AAMP,ACTB,ACTG1,ALDOA,APEH,APRT,ARPC1A,ARPC1B,ATP6V0B,ATP6V0D1,CAPN1,CFD,CFL1,CNPY3,CTSA,CTSD,DBNL,DDOST,DPP7,FUCA2,GPI,GRN,GSN,HSPA8,IMPDH2,JUP,LAMP2,MAVS,OSTF1,PFKL,PIN1,PKM,POLR2E,PRDX4,PSMA7,PSMB5,PSMB7,PSMC4,PSMC5,PSMD4,PTK2,RAB7A,SIGIRR,TKFC,UBB,VCP,XRCC5	R-HSA-168249
Asparagine N-linked glycosylation	0.0018392019474766793	ALG3,ARF1,ARF3,CAPZB,CTSA,DCTN2,DDOST,DOLK,GFUS,LMAN2,MVD,NANS,RPN2,TMED2,TMED3,TMED9,TRAPPC6A,UBB,VCP	R-HSA-446203
Gluconeogenesis	0.0020996734951393317	ALDOA,ENO1,FBP1,GAPDH,GPI,SLC25A11,TPI1	R-HSA-70263
Neutrophil degranulation	0.002312021021478668	ALDOA,APEH,APRT,CAPN1,CFD,CTSA,CTSD,DBNL,DDOST,DPP7,FUCA2,GPI,GRN,GSN,HSPA8,IMPDH2,JUP,LAMP2,OSTF1,PFKL,PKM,PRDX4,PSMB7,RAB7A,VCP,XRCC5	R-HSA-6798695
Metabolism of proteins	0.0030096465204465577	ACTB,ADRM1,ALG3,APEH,ARF1,ARF3,ATP6V0D1,AURKAIP1,CAPZB,CCT7,COPS6,CTSA,CTSD,DCTN2,DDOST,DOLK,ETFB,FARSA,FUCA2,GFUS,GOLM1,GPAA1,GPS1,GSN,HSPA8,KLHDC3,LMAN2,LYPD3,MAVS,MCRS1,MRPL28,MRPS12,MSRB1,MVD,MYDGF,NANS,NR1H2,NUCB1,OTUB1,PDIA5,PIGT,PSMA7,PSMB5,PSMB7,PSMC4,PSMC5,PSMD4,RAB7A,RAD23A,RPN2,SAE1,SEC61A1,TBCB,TMED2,TMED3,TMED9,TRAPPC6A,TUFM,UBB,UBE2A,UBE2I,UFD1,VCP,WDR61,YIF1A	R-HSA-392499
Hh mutants that don't undergo autocatalytic processing are degraded by ERAD	0.003014826639562408	PSMA7,PSMB5,PSMB7,PSMC4,PSMC5,PSMD4,UBB,VCP	R-HSA-5362768
Ubiquitin-dependent degradation of Cyclin D	0.003072898744449821	CDK4,PSMA7,PSMB5,PSMB7,PSMC4,PSMC5,PSMD4,UBB	R-HSA-75815
AUF1 (hnRNP D0) binds and destabilizes mRNA	0.0033782311177885252	HSPA8,PSMA7,PSMB5,PSMB7,PSMC4,PSMC5,PSMD4,UBB	R-HSA-450408
HIV Infection	0.0036654248000430336	AP2M1,ARF1,CHMP2A,NELFCD,POLR2E,PSMA7,PSMB5,PSMB7,PSMC4,PSMC5,PSMD4,SLC25A5,SLC25A6,TSG101,UBB,XRCC5	R-HSA-162906
Defective CFTR causes cystic fibrosis	0.0036971604205807366	PSMA7,PSMB5,PSMB7,PSMC4,PSMC5,PSMD4,UBB,VCP	R-HSA-5678895
Hh mutants abrogate ligand secretion	0.004029419643408368	PSMA7,PSMB5,PSMB7,PSMC4,PSMC5,PSMD4,UBB,VCP	R-HSA-5387390
SCF(Skp2)-mediated degradation of p27/p21	0.004156933757344684	CDK4,PSMA7,PSMB5,PSMB7,PSMC4,PSMC5,PSMD4,UBB	R-HSA-187577
Degradation of GLI2 by the proteasome	0.004156933757344684	CSNK1A1,PSMA7,PSMB5,PSMB7,PSMC4,PSMC5,PSMD4,UBB	R-HSA-5610783
GLI3 is processed to GLI3R by the proteasome	0.004156933757344684	CSNK1A1,PSMA7,PSMB5,PSMB7,PSMC4,PSMC5,PSMD4,UBB	R-HSA-5610785
Host Interactions of HIV factors	0.00425272839431578	AP2M1,ARF1,PSMA7,PSMB5,PSMB7,PSMC4,PSMC5,PSMD4,SLC25A5,SLC25A6,UBB	R-HSA-162909
Cyclin E associated events during G1/S transition	0.004433240019904604	CDK4,PSMA7,PSMB5,PSMB7,PSMC4,PSMC5,PSMD4,RBBP4,UBB	R-HSA-69202
UCH proteinases	0.004436206866635899	ACTB,ADRM1,MCRS1,PSMA7,PSMB5,PSMB7,PSMC4,PSMC5,PSMD4,UBB	R-HSA-5689603
EPHB-mediated forward signaling	0.004511159176582225	ACTB,ACTG1,ARPC1A,ARPC1B,CFL1,PTK2	R-HSA-3928662
Cyclin A:Cdk2-associated events at S phase entry	0.004564718743219248	CDK4,PSMA7,PSMB5,PSMB7,PSMC4,PSMC5,PSMD4,RBBP4,UBB	R-HSA-69656
Hedgehog ligand biogenesis	0.004611565863145719	PSMA7,PSMB5,PSMB7,PSMC4,PSMC5,PSMD4,UBB,VCP	R-HSA-5358346
Branched-chain amino acid catabolism	0.004753833093521379	BCKDK,DLD,ECHS1,IVD,MCCC1	R-HSA-70895
Regulation of activated PAK-2p34 by proteasome mediated degradation	0.0050599427637288445	PSMA7,PSMB5,PSMB7,PSMC4,PSMC5,PSMD4,UBB	R-HSA-211733
Post-translational protein modification	0.005180105469857703	ACTB,ADRM1,ALG3,ARF1,ARF3,CAPZB,COPS6,CTSA,DCTN2,DDOST,DOLK,ETFB,FUCA2,GFUS,GOLM1,GPAA1,GPS1,HSPA8,LMAN2,LYPD3,MAVS,MCRS1,MVD,NANS,NR1H2,NUCB1,OTUB1,PIGT,PSMA7,PSMB5,PSMB7,PSMC4,PSMC5,PSMD4,RAB7A,RAD23A,RPN2,SAE1,TMED2,TMED3,TMED9,TRAPPC6A,UBB,UBE2A,UBE2I,UFD1,VCP,WDR61	R-HSA-597592
Regulation of Apoptosis	0.005638853567340443	PSMA7,PSMB5,PSMB7,PSMC4,PSMC5,PSMD4,UBB	R-HSA-169911
Vif-mediated degradation of APOBEC3G	0.005638853567340443	PSMA7,PSMB5,PSMB7,PSMC4,PSMC5,PSMD4,UBB	R-HSA-180585
Negative regulation of NOTCH4 signaling	0.005638853567340443	PSMA7,PSMB5,PSMB7,PSMC4,PSMC5,PSMD4,UBB	R-HSA-9604323
FBXL7 down-regulates AURKA during mitotic entry and in early mitosis	0.00577567430063161	PSMA7,PSMB5,PSMB7,PSMC4,PSMC5,PSMD4,UBB	R-HSA-8854050
DNA Damage Recognition in GG-NER	0.005970748807037392	ACTB,COPS6,GPS1,MCRS1,RAD23A,UBB	R-HSA-5696394
SCF-beta-TrCP mediated degradation of Emi1	0.006127238630110292	PSMA7,PSMB5,PSMB7,PSMC4,PSMC5,PSMD4,UBB	R-HSA-174113
Degradation of AXIN	0.006127238630110292	PSMA7,PSMB5,PSMB7,PSMC4,PSMC5,PSMD4,UBB	R-HSA-4641257
Regulation of RUNX3 expression and activity	0.006127238630110292	PSMA7,PSMB5,PSMB7,PSMC4,PSMC5,PSMD4,UBB	R-HSA-8941858
Vpu mediated degradation of CD4	0.006273019057838015	PSMA7,PSMB5,PSMB7,PSMC4,PSMC5,PSMD4,UBB	R-HSA-180534
Autodegradation of the E3 ubiquitin ligase COP1	0.006273019057838015	PSMA7,PSMB5,PSMB7,PSMC4,PSMC5,PSMD4,UBB	R-HSA-349425
Ubiquitin Mediated Degradation of Phosphorylated Cdc25A	0.006273019057838015	PSMA7,PSMB5,PSMB7,PSMC4,PSMC5,PSMD4,UBB	R-HSA-69601
p53-Independent DNA Damage Response	0.006273019057838015	PSMA7,PSMB5,PSMB7,PSMC4,PSMC5,PSMD4,UBB	R-HSA-69610
p53-Independent G1/S DNA damage checkpoint	0.006273019057838015	PSMA7,PSMB5,PSMB7,PSMC4,PSMC5,PSMD4,UBB	R-HSA-69613
Cellular response to hypoxia	0.006351517409606828	ARNT,PSMA7,PSMB5,PSMB7,PSMC4,PSMC5,PSMD4,UBB	R-HSA-1234174
Degradation of DVL	0.0069119566497316464	PSMA7,PSMB5,PSMB7,PSMC4,PSMC5,PSMD4,UBB	R-HSA-4641258
Stabilization of p53	0.0069119566497316464	PSMA7,PSMB5,PSMB7,PSMC4,PSMC5,PSMD4,UBB	R-HSA-69541
ABC transporter disorders	0.007088545961502364	PSMA7,PSMB5,PSMB7,PSMC4,PSMC5,PSMD4,UBB,VCP	R-HSA-5619084
Metabolism of polyamines	0.007166928694372173	PSMA7,PSMB5,PSMB7,PSMC4,PSMC5,PSMD4,SMS	R-HSA-351202
NIK-->noncanonical NF-kB signaling	0.007808947406889976	PSMA7,PSMB5,PSMB7,PSMC4,PSMC5,PSMD4,UBB	R-HSA-5676590
CDT1 association with the CDC6:ORC:origin complex	0.007808947406889976	PSMA7,PSMB5,PSMB7,PSMC4,PSMC5,PSMD4,UBB	R-HSA-68827
Dectin-1 mediated noncanonical NF-kB signaling	0.008301227944274119	PSMA7,PSMB5,PSMB7,PSMC4,PSMC5,PSMD4,UBB	R-HSA-5607761
Degradation of GLI1 by the proteasome	0.008301227944274119	PSMA7,PSMB5,PSMB7,PSMC4,PSMC5,PSMD4,UBB	R-HSA-5610780
The role of GTSE1 in G2/M progression after G2 checkpoint	0.008301227944274119	PSMA7,PSMB5,PSMB7,PSMC4,PSMC5,PSMD4,UBB	R-HSA-8852276
ER-Phagosome pathway	0.010237862089233498	PSMA7,PSMB5,PSMB7,PSMC4,PSMC5,PSMD4,SEC61A1,UBB	R-HSA-1236974
Degradation of beta-catenin by the destruction complex	0.010237862089233498	CSNK1A1,PSMA7,PSMB5,PSMB7,PSMC4,PSMC5,PSMD4,UBB	R-HSA-195253
Global Genome Nucleotide Excision Repair (GG-NER)	0.010675356125497706	ACTB,COPS6,GPS1,MCRS1,POLD2,RAD23A,UBB,UBE2I	R-HSA-5696399
Hedgehog 'on' state	0.010922203612333379	CSNK1A1,PSMA7,PSMB5,PSMB7,PSMC4,PSMC5,PSMD4,UBB	R-HSA-5632684
Glucose metabolism	0.010922203612333379	ALDOA,ENO1,FBP1,GAPDH,GPI,PFKL,SLC25A11,TPI1	R-HSA-70326
Autodegradation of Cdh1 by Cdh1:APC/C	0.011004642334705585	PSMA7,PSMB5,PSMB7,PSMC4,PSMC5,PSMD4,UBB	R-HSA-174084
Asymmetric localization of PCP proteins	0.011004642334705585	PSMA7,PSMB5,PSMB7,PSMC4,PSMC5,PSMD4,UBB	R-HSA-4608870
Oxygen-dependent proline hydroxylation of Hypoxia-inducible Factor Alpha	0.012137656187422397	PSMA7,PSMB5,PSMB7,PSMC4,PSMC5,PSMD4,UBB	R-HSA-1234176
p53-Dependent G1 DNA Damage Response	0.012137656187422397	PSMA7,PSMB5,PSMB7,PSMC4,PSMC5,PSMD4,UBB	R-HSA-69563
p53-Dependent G1/S DNA damage checkpoint	0.012137656187422397	PSMA7,PSMB5,PSMB7,PSMC4,PSMC5,PSMD4,UBB	R-HSA-69580
Regulation of mRNA stability by proteins that bind AU-rich elements	0.012354745668565184	HSPA8,PSMA7,PSMB5,PSMB7,PSMC4,PSMC5,PSMD4,UBB	R-HSA-450531
Activation of NF-kappaB in B cells	0.012429646736508796	PSMA7,PSMB5,PSMB7,PSMC4,PSMC5,PSMD4,UBB	R-HSA-1169091
Regulation of RAS by GAPs	0.012429646736508796	PSMA7,PSMB5,PSMB7,PSMC4,PSMC5,PSMD4,UBB	R-HSA-5658442
Nucleotide Excision Repair	0.012507520905014629	ACTB,COPS6,GPS1,MCRS1,POLD2,POLR2E,RAD23A,UBB,UBE2I	R-HSA-5696398
Cross-presentation of soluble exogenous antigens (endosomes)	0.013056989449440788	PSMA7,PSMB5,PSMB7,PSMC4,PSMC5,PSMD4	R-HSA-1236978
APC/C:Cdc20 mediated degradation of Securin	0.013184130438287856	PSMA7,PSMB5,PSMB7,PSMC4,PSMC5,PSMD4,UBB	R-HSA-174154
Assembly of the pre-replicative complex	0.013184130438287856	PSMA7,PSMB5,PSMB7,PSMC4,PSMC5,PSMD4,UBB	R-HSA-68867
G1/S DNA Damage Checkpoints	0.013184130438287856	PSMA7,PSMB5,PSMB7,PSMC4,PSMC5,PSMD4,UBB	R-HSA-69615
Infectious disease	0.013196769277250098	ACTB,ACTG1,AP2M1,ARF1,ARPC1A,ARPC1B,ATP1A1,CHMP2A,DDOST,ENO1,IMPDH2,NELFCD,POLR2E,PSMA7,PSMB5,PSMB7,PSMC4,PSMC5,PSMD4,PTK2,RAB7A,RBBP4,RPN2,SLC25A5,SLC25A6,SNF8,TSG101,UBB,UBE2I,VCP,XRCC5	R-HSA-5663205
Regulation of PTEN stability and activity	0.013340987506534277	PSMA7,PSMB5,PSMB7,PSMC4,PSMC5,PSMD4,UBB	R-HSA-8948751
PCP/CE pathway	0.014602243694647032	AP2M1,PSMA7,PSMB5,PSMB7,PSMC4,PSMC5,PSMD4,UBB	R-HSA-4086400
Immune System	0.015103923075350991	AAMP,ACTB,ACTG1,ALDOA,AP2M1,APEH,APRT,ARF1,ARIH2,ARPC1A,ARPC1B,ATP6V0B,ATP6V0D1,CAPN1,CAPZB,CFD,CFL1,CNPY3,CTSA,CTSD,DBNL,DCTN2,DDOST,DPP7,EIF4G2,FLNA,FUCA2,GPI,GRN,GSN,HNRNPF,HSPA8,IMPDH2,JUP,LAMP2,MAPKAP1,MAVS,OSTF1,PFKL,PIN1,PKM,POLR2E,PRDX4,PSMA7,PSMB5,PSMB7,PSMC4,PSMC5,PSMD4,PTK2,RAB7A,RNF114,SEC61A1,SIGIRR,TALDO1,TKFC,TRIM26,UBB,UBE2A,VCP,XRCC5	R-HSA-168256
Orc1 removal from chromatin	0.015223352135201517	PSMA7,PSMB5,PSMB7,PSMC4,PSMC5,PSMD4,UBB	R-HSA-68949
Regulation of RUNX2 expression and activity	0.015223352135201517	PSMA7,PSMB5,PSMB7,PSMC4,PSMC5,PSMD4,UBB	R-HSA-8939902
Regulation of ornithine decarboxylase (ODC)	0.015324783203689902	PSMA7,PSMB5,PSMB7,PSMC4,PSMC5,PSMD4	R-HSA-350562
SARS-CoV Infections	0.01688742704073994	AP2M1,ATP1A1,CHMP2A,DDOST,IMPDH2,RBBP4,RPN2,UBB,UBE2I,VCP	R-HSA-9679506
RHO GTPases Activate WASPs and WAVEs	0.017022130974203725	ACTB,ACTG1,ARPC1A,ARPC1B,PTK2	R-HSA-5663213
Cdc20:Phospho-APC/C mediated degradation of Cyclin A	0.017299103144185587	PSMA7,PSMB5,PSMB7,PSMC4,PSMC5,PSMD4,UBB	R-HSA-174184
CDK-mediated phosphorylation and removal of Cdc6	0.017299103144185587	PSMA7,PSMB5,PSMB7,PSMC4,PSMC5,PSMD4,UBB	R-HSA-69017
APC/C:Cdh1 mediated degradation of Cdc20 and other APC/C:Cdh1 targeted proteins in late mitosis/early G1	0.01780743562982136	PSMA7,PSMB5,PSMB7,PSMC4,PSMC5,PSMD4,UBB	R-HSA-174178
APC:Cdc20 mediated degradation of cell cycle proteins prior to satisfation of the cell cycle checkpoint	0.01780743562982136	PSMA7,PSMB5,PSMB7,PSMC4,PSMC5,PSMD4,UBB	R-HSA-179419
Apoptosis	0.018679916809319543	BCAP31,DBNL,GSN,PSMA7,PSMB5,PSMB7,PSMC4,PSMC5,PSMD4,PTK2,UBB	R-HSA-109581
Antigen processing-Cross presentation	0.018960381272847243	PSMA7,PSMB5,PSMB7,PSMC4,PSMC5,PSMD4,SEC61A1,UBB	R-HSA-1236975
Chaperone Mediated Autophagy	0.01913705423679663	GFAP,HSPA8,LAMP2,UBB	R-HSA-9613829
APC/C:Cdc20 mediated degradation of mitotic proteins	0.019645184268113146	PSMA7,PSMB5,PSMB7,PSMC4,PSMC5,PSMD4,UBB	R-HSA-176409
Deubiquitination	0.0199269459174202	ACTB,ADRM1,MAVS,MCRS1,OTUB1,PSMA7,PSMB5,PSMB7,PSMC4,PSMC5,PSMD4,RAD23A,UBB,UFD1,VCP	R-HSA-5688426
Activation of APC/C and APC/C:Cdc20 mediated degradation of mitotic proteins	0.020500377790986513	PSMA7,PSMB5,PSMB7,PSMC4,PSMC5,PSMD4,UBB	R-HSA-176814
Hedgehog 'off' state	0.02064695726591167	CSNK1A1,PSMA7,PSMB5,PSMB7,PSMC4,PSMC5,PSMD4,UBB	R-HSA-5610787
FCERI mediated NF-kB activation	0.023635956064362373	PSMA7,PSMB5,PSMB7,PSMC4,PSMC5,PSMD4,UBB	R-HSA-2871837
Regulation of actin dynamics for phagocytic cup formation	0.02377937996533611	ACTB,ACTG1,ARPC1A,ARPC1B,CFL1,PTK2	R-HSA-2029482
ABC-family proteins mediated transport	0.02395140902598421	PSMA7,PSMB5,PSMB7,PSMC4,PSMC5,PSMD4,UBB,VCP	R-HSA-382556
Platelet degranulation	0.02397109309209043	ALDOA,CFD,CFL1,FLNA,LAMP2,LGALS3BP,MAGED2,TAGLN2,TEX264	R-HSA-114608
Regulation of APC/C activators between G1/S and early anaphase	0.026208966739045263	PSMA7,PSMB5,PSMB7,PSMC4,PSMC5,PSMD4,UBB	R-HSA-176408
Signaling by NOTCH4	0.026208966739045263	PSMA7,PSMB5,PSMB7,PSMC4,PSMC5,PSMD4,UBB	R-HSA-9013694
G1/S Transition	0.026726578440271112	CDK4,PSMA7,PSMB5,PSMB7,PSMC4,PSMC5,PSMD4,RBBP4,UBB	R-HSA-69206
Programmed Cell Death	0.02711299591612381	BCAP31,DBNL,GSN,PSMA7,PSMB5,PSMB7,PSMC4,PSMC5,PSMD4,PTK2,UBB	R-HSA-5357801
Downstream signaling events of B Cell Receptor (BCR)	0.0272722587168815	PSMA7,PSMB5,PSMB7,PSMC4,PSMC5,PSMD4,UBB	R-HSA-1168372
Vpr-mediated induction of apoptosis by mitochondrial outer membrane permeabilization	0.02833730491241428	SLC25A5,SLC25A6	R-HSA-180897
Response to elevated platelet cytosolic Ca2+	0.028504464749558426	ALDOA,CFD,CFL1,FLNA,LAMP2,LGALS3BP,MAGED2,TAGLN2,TEX264	R-HSA-76005
COPI-mediated anterograde transport	0.030139023935975437	ARF1,ARF3,CAPZB,DCTN2,TMED2,TMED3,TMED9	R-HSA-6807878
S Phase	0.030377598466805565	CDK4,POLD2,PSMA7,PSMB5,PSMB7,PSMC4,PSMC5,PSMD4,RBBP4,UBB	R-HSA-69242
DNA Replication Pre-Initiation	0.03165342140275637	PSMA7,PSMB5,PSMB7,PSMC4,PSMC5,PSMD4,UBB	R-HSA-69002
Signaling by Hedgehog	0.03200611376615581	CSNK1A1,PSMA7,PSMB5,PSMB7,PSMC4,PSMC5,PSMD4,UBB,VCP	R-HSA-5358351
Josephin domain DUBs	0.033128096487518306	RAD23A,UBB,VCP	R-HSA-5689877
ER to Golgi Anterograde Transport	0.03335497670151454	ARF1,ARF3,CAPZB,DCTN2,LMAN2,TMED2,TMED3,TMED9,TRAPPC6A	R-HSA-199977
Mitochondrial protein import	0.03451221331377265	ATP5F1B,IDH3G,PMPCA,SLC25A6,TIMM17B,TIMM50	R-HSA-1268020
APC/C-mediated degradation of cell cycle proteins	0.036887992124072386	PSMA7,PSMB5,PSMB7,PSMC4,PSMC5,PSMD4,UBB	R-HSA-174143
Regulation of mitotic cell cycle	0.036887992124072386	PSMA7,PSMB5,PSMB7,PSMC4,PSMC5,PSMD4,UBB	R-HSA-453276
MAPK6/MAPK4 signaling	0.038640132970719665	PSMA7,PSMB5,PSMB7,PSMC4,PSMC5,PSMD4,UBB	R-HSA-5687128
Glycolysis	0.03897588779439039	ALDOA,ENO1,GAPDH,GPI,PFKL,TPI1	R-HSA-70171
Golgi-to-ER retrograde transport	0.04200047359123646	ARF1,ARF3,CAPZB,DCTN2,PAFAH1B3,TMED2,TMED3,TMED9	R-HSA-8856688
EPH-Ephrin signaling	0.042716476263592096	ACTB,ACTG1,AP2M1,ARPC1A,ARPC1B,CFL1,PTK2	R-HSA-2682334
Switching of origins to a post-replicative state	0.042716476263592096	PSMA7,PSMB5,PSMB7,PSMC4,PSMC5,PSMD4,UBB	R-HSA-69052
SARS-CoV-2 Infection	0.043818335646039264	CHMP2A,DDOST,RPN2,UBB,UBE2I,VCP	R-HSA-9694516
DNA Repair	0.04482547212027218	ACTB,COPS6,GPS1,MCRS1,MPG,NTHL1,POLD2,POLR2E,PPP4C,RAD23A,UBB,UBE2I,UFD1,VCP,XRCC5	R-HSA-73894
Transcriptional regulation by RUNX2	0.04714724044144419	CDK4,PSMA7,PSMB5,PSMB7,PSMC4,PSMC5,PSMD4,UBB	R-HSA-8878166
Synthesis of DNA	0.04881916433957115	POLD2,PSMA7,PSMB5,PSMB7,PSMC4,PSMC5,PSMD4,UBB	R-HSA-69239
Transcriptional regulation by RUNX3	0.049171588503943	PSMA7,PSMB5,PSMB7,PSMC4,PSMC5,PSMD4,UBB	R-HSA-8878159
Mitotic G1 phase and G1/S transition	0.04941416972054007	CDK4,PSMA7,PSMB5,PSMB7,PSMC4,PSMC5,PSMD4,RBBP4,UBB	R-HSA-453279
XBP1(S) activates chaperone genes	0.051891910289380595	ATP6V0D1,KLHDC3,MYDGF,PDIA5,YIF1A	R-HSA-381038
Disease	0.05514257762611387	ACTB,ACTG1,ALG3,AP2M1,ARF1,ARPC1A,ARPC1B,ATP1A1,CAPN1,CD320,CDK4,CHMP2A,CSNK1A1,CTSA,DDOST,DOLK,ENO1,HEXA,IMPDH2,MAPKAP1,MCCC1,NELFCD,NTHL1,PCCB,POLR2E,PRDX2,PSMA7,PSMB5,PSMB7,PSMC4,PSMC5,PSMD4,PTK2,RAB7A,RBBP4,RPN2,SLC25A5,SLC25A6,SNF8,TALDO1,TSG101,UBB,UBE2I,VCP,XRCC5	R-HSA-1643685
Downstream TCR signaling	0.05628478842054454	PSMA7,PSMB5,PSMB7,PSMC4,PSMC5,PSMD4,UBB	R-HSA-202424
IRE1alpha activates chaperones	0.06039410925369008	ATP6V0D1,KLHDC3,MYDGF,PDIA5,YIF1A	R-HSA-381070
Metabolism	0.06104981716348238	ACAD9,ALDOA,APRT,ARF1,ARF3,ARNT,ATP5F1B,BCKDK,CD320,CTSA,DCTPP1,DDAH2,DEGS2,DLD,ECHS1,ELOVL1,ENO1,ETFB,FBP1,GAPDH,GLUL,GPI,GPX4,HEXA,IDH3G,IMPDH2,IVD,MBOAT7,MCCC1,MED29,MVD,NAXE,NDUFA13,NDUFA6,NDUFAF3,NOSIP,NR1H2,NUBP2,PCCB,PFKL,PPP1CA,PSMA7,PSMB5,PSMB7,PSMC4,PSMC5,PSMD4,SLC25A11,SLC35B2,SMS,TALDO1,TECR,TKFC,TPI1,UBB,UBE2I,UQCRC1	R-HSA-1430728
Endosomal Sorting Complex Required For Transport (ESCRT)	0.06433798422432153	CHMP2A,SNF8,TSG101,UBB	R-HSA-917729
CLEC7A (Dectin-1) signaling	0.06461137625311085	PSMA7,PSMB5,PSMB7,PSMC4,PSMC5,PSMD4,UBB	R-HSA-5607764
TNFR2 non-canonical NF-kB pathway	0.06720375205642996	PSMA7,PSMB5,PSMB7,PSMC4,PSMC5,PSMD4,UBB	R-HSA-5668541
DNA Replication	0.06750555021981333	POLD2,PSMA7,PSMB5,PSMB7,PSMC4,PSMC5,PSMD4,UBB	R-HSA-69306
Interleukin-1 signaling	0.07042658382671878	PSMA7,PSMB5,PSMB7,PSMC4,PSMC5,PSMD4,UBB	R-HSA-9020702
Carbohydrate metabolism	0.07134643350957266	ALDOA,ENO1,FBP1,GAPDH,GPI,HEXA,PFKL,SLC25A11,SLC35B2,TALDO1,TKFC,TPI1,UBB	R-HSA-71387
Autophagy	0.07530362585614757	CHMP2A,GFAP,HSPA8,LAMP2,TSG101,UBB,VCP,WDR45	R-HSA-9612973
Biosynthesis of the N-glycan precursor (dolichol lipid-linked oligosaccharide, LLO) and transfer to a nascent protein	0.07531153030184101	ALG3,CTSA,DOLK,GFUS,MVD,NANS	R-HSA-446193
Late endosomal microautophagy	0.07551191174838721	CHMP2A,HSPA8,TSG101,UBB	R-HSA-9615710
Parasite infection	0.07691219516540115	ACTB,ACTG1,ARPC1A,ARPC1B,PTK2	R-HSA-9664407
Leishmania phagocytosis	0.07691219516540115	ACTB,ACTG1,ARPC1A,ARPC1B,PTK2	R-HSA-9664417
FCGR3A-mediated phagocytosis	0.07691219516540115	ACTB,ACTG1,ARPC1A,ARPC1B,PTK2	R-HSA-9664422
MHC class II antigen presentation	0.08186459275568968	AP2M1,ARF1,CAPZB,CTSA,CTSD,DCTN2,RAB7A	R-HSA-2132295
Fcgamma receptor (FCGR) dependent phagocytosis	0.09201343612223264	ACTB,ACTG1,ARPC1A,ARPC1B,CFL1,PTK2	R-HSA-2029480
Synthesis of Dolichyl-phosphate	0.09491713536238683	DOLK,MVD	R-HSA-446199
Translesion Synthesis by POLH	0.09591555786381259	UBB,UFD1,VCP	R-HSA-110320
Protein methylation	0.09591555786381259	ETFB,HSPA8,VCP	R-HSA-8876725
B Cell Activation	0.09656258968706687	PSMA7,PSMB5,PSMB7,PSMC4,PSMC5,PSMD4,UBB	R-HSA-983705
Transport to the Golgi and subsequent modification	0.09675571257700542	ARF1,ARF3,CAPZB,DCTN2,LMAN2,TMED2,TMED3,TMED9,TRAPPC6A	R-HSA-948021
Apoptotic cleavage of cellular proteins	0.09677911196070993	BCAP31,DBNL,GSN,PTK2	R-HSA-111465
Interleukin-1 family signaling	0.0968188273892744	PSMA7,PSMB5,PSMB7,PSMC4,PSMC5,PSMD4,SIGIRR,UBB	R-HSA-446652
PTEN Regulation	0.0968188273892744	PSMA7,PSMB5,PSMB7,PSMC4,PSMC5,PSMD4,RBBP4,UBB	R-HSA-6807070
HSP90 chaperone cycle for SHRs	0.10207740705974779	CAPZB,DCTN2,HSPA8,STIP1	R-HSA-3371497
Ovarian tumor domain proteases	0.10207740705974779	MAVS,OTUB1,UBB,VCP	R-HSA-5689896
Gene and protein expression by JAK-STAT signaling after Interleukin-12 stimulation	0.10207740705974779	ARF1,CFL1,HNRNPF,TALDO1	R-HSA-8950505
Translesion synthesis by Y family DNA polymerases bypasses lesions on DNA template	0.10974191209985734	POLD2,UBB,UFD1,VCP	R-HSA-110313
The citric acid (TCA) cycle and respiratory electron transport	0.11617265610944601	ACAD9,ATP5F1B,DLD,ETFB,IDH3G,NDUFA13,NDUFA6,NDUFAF3,UQCRC1	R-HSA-1428517
Synthesis of substrates in N-glycan biosythesis	0.11657255351319884	CTSA,DOLK,GFUS,MVD,NANS	R-HSA-446219
Beta-catenin independent WNT signaling	0.11826696821649858	AP2M1,PSMA7,PSMB5,PSMB7,PSMC4,PSMC5,PSMD4,UBB	R-HSA-3858494
Displacement of DNA glycosylase by APEX1	0.11886258496539197	MPG,NTHL1	R-HSA-110357
Attachment of GPI anchor to uPAR	0.11886258496539197	GPAA1,PIGT	R-HSA-162791
SUMO is transferred from E1 to E2 (UBE2I, UBC9)	0.11886258496539197	SAE1,UBE2I	R-HSA-3065678
Defective HLCS causes multiple carboxylase deficiency	0.11886258496539197	MCCC1,PCCB	R-HSA-3371599
Membrane Trafficking	0.12397567883766537	AP2M1,ARF1,ARF3,ARPC1A,CAPZB,CHMP2A,COPS6,DCTN2,GPS1,HSPA8,LMAN2,PAFAH1B3,RAB7A,SNF8,TMED2,TMED3,TMED9,TRAPPC6A,TSG101,UBB,UBQLN1	R-HSA-199991
Defects in vitamin and cofactor metabolism	0.13014172885290423	CD320,MCCC1,PCCB	R-HSA-3296482
TCR signaling	0.13085491588187761	PSMA7,PSMB5,PSMB7,PSMC4,PSMC5,PSMD4,UBB	R-HSA-202403
G2/M Transition	0.13439107377419873	DCTN2,PSMA7,PSMB5,PSMB7,PSMC4,PSMC5,PSMD4,RBBP4,UBB	R-HSA-69275
Mitotic G2-G2/M phases	0.1429640409398567	DCTN2,PSMA7,PSMB5,PSMB7,PSMC4,PSMC5,PSMD4,RBBP4,UBB	R-HSA-453274
Response of Mtb to phagocytosis	0.14476629647423048	ENO1,RAB7A,UBB	R-HSA-9637690
Defects in biotin (Btn) metabolism	0.1457082326504471	MCCC1,PCCB	R-HSA-3323169
Translation of structural proteins	0.15236426285549692	DDOST,RPN2,UBB,UBE2I	R-HSA-9694635
Ub-specific processing proteases	0.15924761376605984	ADRM1,OTUB1,PSMA7,PSMB5,PSMB7,PSMC4,PSMC5,PSMD4,UBB,UFD1	R-HSA-5689880
Respiratory electron transport, ATP synthesis by chemiosmotic coupling, and heat production by uncoupling proteins.	0.16079666031323078	ACAD9,ATP5F1B,ETFB,NDUFA13,NDUFA6,NDUFAF3,UQCRC1	R-HSA-163200
Protein localization	0.1683026927993499	ATP5F1B,GET1,IDH3G,PMPCA,SLC25A6,TIMM17B,TIMM50,UBB	R-HSA-9609507
Nef Mediated CD4 Down-regulation	0.17827205161016477	AP2M1,ARF1	R-HSA-167590
Prevention of phagosomal-lysosomal fusion	0.17827205161016477	RAB7A,UBB	R-HSA-9636383
Platelet activation, signaling and aggregation	0.17905520291918336	AAMP,ALDOA,CFD,CFL1,FLNA,LAMP2,LGALS3BP,MAGED2,PTK2,TAGLN2,TEX264	R-HSA-76002
Interleukin-12 signaling	0.18342089164503889	ARF1,CFL1,HNRNPF,TALDO1	R-HSA-9020591
DNA Damage Bypass	0.18923948914415786	POLD2,UBB,UFD1,VCP	R-HSA-73893
FGFR2 alternative splicing	0.18938111670184152	HNRNPF,HNRNPM,POLR2E	R-HSA-6803529
Insulin receptor recycling	0.18938111670184152	ATP6AP1,ATP6V0B,ATP6V0D1	R-HSA-77387
Fc epsilon receptor (FCERI) signaling	0.18956852757294268	PSMA7,PSMB5,PSMB7,PSMC4,PSMC5,PSMD4,UBB	R-HSA-2454202
RUNX1 regulates transcription of genes involved in differentiation of HSCs	0.18956852757294268	PSMA7,PSMB5,PSMB7,PSMC4,PSMC5,PSMD4,UBB	R-HSA-8939236
Respiratory electron transport	0.18967956818752804	ACAD9,ETFB,NDUFA13,NDUFA6,NDUFAF3,UQCRC1	R-HSA-611105
Axon guidance	0.19060086549377805	ACTB,ACTG1,AP2M1,ARPC1A,ARPC1B,CFL1,EZR,HSPA8,PSMA7,PSMB5,PSMB7,PSMC4,PSMC5,PSMD4,PTK2,RHOC,TRIO,UBB	R-HSA-422475
Vesicle-mediated transport	0.20361976606194068	AP2M1,ARF1,ARF3,ARPC1A,CAPZB,CHMP2A,COPS6,DCTN2,GPS1,HSPA8,LMAN2,PAFAH1B3,RAB7A,SNF8,TMED2,TMED3,TMED9,TRAPPC6A,TSG101,UBB,UBQLN1	R-HSA-5653656
Infection with Mycobacterium tuberculosis	0.2040904764155042	ENO1,RAB7A,UBB	R-HSA-9635486
Processing and activation of SUMO	0.20517909299889037	SAE1,UBE2I	R-HSA-3215018
Folding of actin by CCT/TriC	0.20517909299889037	ACTB,CCT7	R-HSA-390450
Apoptotic execution phase	0.2259342942093106	BCAP31,DBNL,GSN,PTK2	R-HSA-75153
SARS-CoV-1 Infection	0.2259342942093106	CHMP2A,UBB,UBE2I,VCP	R-HSA-9678108
Budding and maturation of HIV virion	0.2396765117136091	CHMP2A,TSG101,UBB	R-HSA-162588
Biotin transport and metabolism	0.24083128365804532	MCCC1,PCCB	R-HSA-196780
Metabolism of RNA	0.24202976960241795	CD2BP2,CTNNBL1,HNRNPF,HNRNPM,HSPA8,IMP3,POLR2E,PRPF31,PSMA7,PSMB5,PSMB7,PSMC4,PSMC5,PSMD4,PUF60,QTRT1,RRP9,THOC3,THOC6,UBB,WDR61	R-HSA-8953854
Transcription-Coupled Nucleotide Excision Repair (TC-NER)	0.24261725860320418	COPS6,GPS1,POLD2,POLR2E,UBB	R-HSA-6781827
Disorders of transmembrane transporters	0.2464856380969896	PSMA7,PSMB5,PSMB7,PSMC4,PSMC5,PSMD4,UBB,VCP	R-HSA-5619115
Defective HEXA causes GM2G1	0.24731282096581844	HEXA	R-HSA-3656234
Defective ALG3 causes ALG3-CDG (CDG-1d)	0.24731282096581844	ALG3	R-HSA-4720475
Defective DOLK causes DOLK-CDG (CDG-1m)	0.24731282096581844	DOLK	R-HSA-4755583
TALDO1 deficiency: failed conversion of SH7P, GA3P to Fru(6)P, E4P	0.24731282096581844	TALDO1	R-HSA-6791055
TALDO1 deficiency: failed conversion of Fru(6)P, E4P to SH7P, GA3P	0.24731282096581844	TALDO1	R-HSA-6791462
Defective Base Excision Repair Associated with NTHL1	0.24731282096581844	NTHL1	R-HSA-9616333
Defective NTHL1 substrate processing	0.24731282096581844	NTHL1	R-HSA-9630221
Defective NTHL1 substrate binding	0.24731282096581844	NTHL1	R-HSA-9630222
C-type lectin receptors (CLRs)	0.2480570927799475	PSMA7,PSMB5,PSMB7,PSMC4,PSMC5,PSMD4,UBB	R-HSA-5621481
Processing of Capped Intron-Containing Pre-mRNA	0.24832094749703618	CD2BP2,CTNNBL1,HNRNPF,HNRNPM,HSPA8,POLR2E,PRPF31,PUF60,THOC3,THOC6	R-HSA-72203
Formation of TC-NER Pre-Incision Complex	0.24982284418024048	COPS6,GPS1,POLR2E,UBB	R-HSA-6781823
Complex I biogenesis	0.25261306954692564	ACAD9,NDUFA13,NDUFA6,NDUFAF3	R-HSA-6799198
Transport of small molecules	0.2527504260425318	AP2M1,AQP3,ATP1A1,ATP6AP1,ATP6V0B,ATP6V0D1,EMB,NR1H2,PMPCA,PSMA7,PSMB5,PSMB7,PSMC4,PSMC5,PSMD4,SLC25A5,SLC25A6,SLC35B2,SLC39A1,STOML2,UBB,VCP	R-HSA-382551
Nervous system development	0.2535195848474147	ACTB,ACTG1,AP2M1,ARPC1A,ARPC1B,CFL1,EZR,HSPA8,PSMA7,PSMB5,PSMB7,PSMC4,PSMC5,PSMD4,PTK2,RHOC,TRIO,UBB	R-HSA-9675108
COPI-dependent Golgi-to-ER retrograde traffic	0.25674227130284194	ARF1,ARF3,TMED2,TMED3,TMED9	R-HSA-6811434
Caspase-mediated cleavage of cytoskeletal proteins	0.2572283859224576	DBNL,GSN	R-HSA-264870
DCC mediated attractive signaling	0.2572283859224576	PTK2,TRIO	R-HSA-418885
Transport of nucleosides and free purine and pyrimidine bases across the plasma membrane	0.2572283859224576	SLC25A5,SLC25A6	R-HSA-83936
VLDLR internalisation and degradation	0.2572283859224576	AP2M1,NR1H2	R-HSA-8866427
Clathrin-mediated endocytosis	0.25725003326862017	AP2M1,ARPC1A,COPS6,GPS1,HSPA8,UBB,UBQLN1	R-HSA-8856828
Transferrin endocytosis and recycling	0.2582559594025137	ATP6AP1,ATP6V0B,ATP6V0D1	R-HSA-917977
Interleukin-12 family signaling	0.2826383102237553	ARF1,CFL1,HNRNPF,TALDO1	R-HSA-447115
Iron uptake and transport	0.2826383102237553	ATP6AP1,ATP6V0B,ATP6V0D1,UBB	R-HSA-917937
Cellular responses to stress	0.2892740534176138	ARNT,ATP6V0B,ATP6V0D1,CAPZB,CDK4,DCTN2,HSPA8,PRDX2,PSMA7,PSMB5,PSMB7,PSMC4,PSMC5,PSMD4,RBBP4,STIP1,UBB,VCP	R-HSA-2262752
Suppression of phagosomal maturation	0.2901516270218525	RAB7A,UBB	R-HSA-9637687
E3 ubiquitin ligases ubiquitinate target proteins	0.29345534843345816	UBB,UBE2A,VCP,WDR61	R-HSA-8866654
pre-mRNA splicing	0.29710149113299245	CD2BP2,CTNNBL1,HNRNPF,HNRNPM,HSPA8,POLR2E,PRPF31,PUF60	R-HSA-72163
Intra-Golgi and retrograde Golgi-to-ER traffic	0.3099429005502027	ARF1,ARF3,CAPZB,DCTN2,PAFAH1B3,TMED2,TMED3,TMED9	R-HSA-6811442
COPI-independent Golgi-to-ER retrograde traffic	0.3111089529565564	CAPZB,DCTN2,PAFAH1B3	R-HSA-6811436
Negative regulators of RIG-I/MDA5 signaling	0.3111089529565564	MAVS,PIN1,UBB	R-HSA-936440
Amino acid and derivative metabolism	0.31458875607428244	BCKDK,DLD,ECHS1,GLUL,IVD,MCCC1,PSMA7,PSMB5,PSMB7,PSMC4,PSMC5,PSMD4,SMS	R-HSA-71291
Membrane binding and targetting of GAG proteins	0.3219751443766803	TSG101,UBB	R-HSA-174490
Synthesis And Processing Of GAG, GAGPOL Polyproteins	0.3219751443766803	TSG101,UBB	R-HSA-174495
Lysosome Vesicle Biogenesis	0.32637875210881434	ARF1,CHMP2A,HSPA8	R-HSA-432720
Cellular responses to external stimuli	0.34132274868011947	ARNT,ATP6V0B,ATP6V0D1,CAPZB,CDK4,DCTN2,HSPA8,PRDX2,PSMA7,PSMB5,PSMB7,PSMC4,PSMC5,PSMD4,RBBP4,STIP1,UBB,VCP	R-HSA-8953897
mRNA Splicing	0.3550494508303811	CD2BP2,CTNNBL1,HNRNPF,HNRNPM,HSPA8,POLR2E,PRPF31,PUF60	R-HSA-72172
Mitotic Anaphase	0.37014199144250504	CHMP2A,PSMA7,PSMB5,PSMB7,PSMC4,PSMC5,PSMD4,UBB,UBE2I	R-HSA-68882
Unfolded Protein Response (UPR)	0.37065762399408525	ATP6V0D1,KLHDC3,MYDGF,PDIA5,YIF1A	R-HSA-381119
Resolution of Abasic Sites (AP sites)	0.371681199288607	MPG,NTHL1,POLD2	R-HSA-73933
Mitotic Metaphase and Anaphase	0.3773111250978338	CHMP2A,PSMA7,PSMB5,PSMB7,PSMC4,PSMC5,PSMD4,UBB,UBE2I	R-HSA-2555396
Signaling by FGFR2	0.3942774290860371	HNRNPF,HNRNPM,POLR2E,UBB	R-HSA-5654738
Assembly Of The HIV Virion	0.39580980993539944	TSG101,UBB	R-HSA-175474
Cell-extracellular matrix interactions	0.39580980993539944	FLNA,RSU1	R-HSA-446353
Processing of SMDT1	0.39580980993539944	PMPCA,STOML2	R-HSA-8949664
Neddylation	0.3958419935056592	COPS6,GPS1,PSMA7,PSMB5,PSMB7,PSMC4,PSMC5,PSMD4,UBB	R-HSA-8951664
Insulin effects increased synthesis of Xylulose-5-Phosphate	0.3969404053275055	TALDO1	R-HSA-163754
Nef mediated downregulation of CD28 cell surface expression	0.3969404053275055	AP2M1	R-HSA-164939
Influenza Virus Induced Apoptosis	0.3969404053275055	SLC25A6	R-HSA-168277
NOSIP mediated eNOS trafficking	0.3969404053275055	NOSIP	R-HSA-203754
Defective CD320 causes methylmalonic aciduria	0.3969404053275055	CD320	R-HSA-3359485
Pentose phosphate pathway disease	0.3969404053275055	TALDO1	R-HSA-6791465
Evasion of Oncogene Induced Senescence Due to Defective p16INK4A binding to CDK4	0.3969404053275055	CDK4	R-HSA-9630791
Evasion of Oxidative Stress Induced Senescence Due to Defective p16INK4A binding to CDK4	0.3969404053275055	CDK4	R-HSA-9632697
Suppression of autophagy	0.3969404053275055	RAB7A	R-HSA-9636569
Manipulation of host energy metabolism	0.3969404053275055	ENO1	R-HSA-9636667
Transcriptional regulation by RUNX1	0.41374968863700734	KMT2E,PRMT6,PSMA7,PSMB5,PSMB7,PSMC4,PSMC5,PSMD4,UBB	R-HSA-8878171
Metabolism of nitric oxide: NOS3 activation and regulation	0.4156117340184394	DDAH2,NOSIP	R-HSA-202131
Signaling by Receptor Tyrosine Kinases	0.44366596765878724	AAMP,AP2M1,ATP6AP1,ATP6V0B,ATP6V0D1,GFAP,HNRNPF,HNRNPM,ID3,JUP,MAPKAP1,POLR2E,PTK2,SPINT2,UBB	R-HSA-9006934
G2/M Checkpoints	0.4453538878356084	PSMA7,PSMB5,PSMB7,PSMC4,PSMC5,PSMD4,UBB	R-HSA-69481
Synthesis of PIPs at the Golgi membrane	0.45607434038091726	ARF1,ARF3	R-HSA-1660514
Diseases associated with glycosylation precursor biosynthesis	0.45607434038091726	CTSA,DOLK	R-HSA-5609975
Regulation of expression of SLITs and ROBOs	0.46373936248176323	PSMA7,PSMB5,PSMB7,PSMC4,PSMC5,PSMD4,UBB	R-HSA-9010553
Separation of Sister Chromatids	0.47401617676589125	PSMA7,PSMB5,PSMB7,PSMC4,PSMC5,PSMD4,UBB	R-HSA-2467813
Diseases of metabolism	0.476565421668321	ALG3,CD320,CTSA,DOLK,HEXA,MCCC1,PCCB,TALDO1,UBB	R-HSA-5668914
Transport of vitamins, nucleosides, and related molecules	0.4823298427465826	SLC25A5,SLC25A6,SLC35B2	R-HSA-425397
Formation of Incision Complex in GG-NER	0.4823298427465826	RAD23A,UBB,UBE2I	R-HSA-5696395
Regulation of TP53 Activity through Methylation	0.4894273289593734	TTC5,UBB	R-HSA-6804760
Cargo recognition for clathrin-mediated endocytosis	0.5057940806482426	AP2M1,COPS6,GPS1,UBB,UBQLN1	R-HSA-8856825
PI3K/AKT Signaling	0.5077955442699271	MAPKAP1,PSMA7,PSMB5,PSMB7,PSMC4,PSMC5,PSMD4,RBBP4,UBB	R-HSA-1257604
Defective NEU1 causes sialidosis	0.5302457663685599	CTSA	R-HSA-4341670
Diseases of Cellular Senescence	0.5302457663685599	CDK4	R-HSA-9630747
Evasion of Oncogene Induced Senescence Due to p16INK4A Defects	0.5302457663685599	CDK4	R-HSA-9630750
Evasion of Oncogene Induced Senescence Due to Defective p16INK4A binding to CDK4 and CDK6	0.5302457663685599	CDK4	R-HSA-9630794
Evasion of Oxidative Stress Induced Senescence Due to p16INK4A Defects	0.5302457663685599	CDK4	R-HSA-9632693
Evasion of Oxidative Stress Induced Senescence Due to Defective p16INK4A binding to CDK4 and CDK6	0.5302457663685599	CDK4	R-HSA-9632700
Diseases of cellular response to stress	0.5302457663685599	CDK4	R-HSA-9675132
Nef-mediates down modulation of cell surface receptors by recruiting them to clathrin adapters	0.5307240418180682	AP2M1,ARF1	R-HSA-164938
RHO GTPases Activate ROCKs	0.5307240418180682	CFL1,RHOC	R-HSA-5627117
Signaling by FGFR	0.5443991696004987	HNRNPF,HNRNPM,POLR2E,UBB	R-HSA-190236
Deregulated CDK5 triggers multiple neurodegenerative pathways in Alzheimer's disease models	0.5574995159841745	CAPN1,PRDX2	R-HSA-8862803
Neurodegenerative Diseases	0.5574995159841745	CAPN1,PRDX2	R-HSA-8863678
Antiviral mechanism by IFN-stimulated genes	0.5595490752858124	EIF4G2,FLNA,PIN1,UBB	R-HSA-1169410
DDX58/IFIH1-mediated induction of interferon-alpha/beta	0.5790691236208884	MAVS,PIN1,TKFC,UBB	R-HSA-168928
Protein ubiquitination	0.5790691236208884	UBB,UBE2A,VCP,WDR61	R-HSA-8852135
Netrin-1 signaling	0.5841186331368591	EZR,PTK2,TRIO	R-HSA-373752
Citric acid cycle (TCA cycle)	0.5922578948781771	DLD,IDH3G	R-HSA-71403
Potential therapeutics for SARS	0.5922945857746302	AP2M1,ATP1A1,IMPDH2,RBBP4	R-HSA-9679191
HIV Life Cycle	0.6153362570228517	CHMP2A,NELFCD,POLR2E,TSG101,UBB,XRCC5	R-HSA-162587
Macroautophagy	0.6272768481918664	CHMP2A,HSPA8,UBB,VCP,WDR45	R-HSA-1632852
Signaling by PTK6	0.6299270100995307	CDK4,STAP2,UBB	R-HSA-8848021
Signaling by Non-Receptor Tyrosine Kinases	0.6299270100995307	CDK4,STAP2,UBB	R-HSA-9006927
Abortive elongation of HIV-1 transcript in the absence of Tat	0.6336155338665058	NELFCD,POLR2E	R-HSA-167242
Mitochondrial calcium ion transport	0.6336155338665058	PMPCA,STOML2	R-HSA-8949215
Neurotransmitter uptake and metabolism In glial cells	0.6474964023522175	GLUL	R-HSA-112313
Alternative complement activation	0.6474964023522175	CFD	R-HSA-173736
Astrocytic Glutamate-Glutamine Uptake And Metabolism	0.6474964023522175	GLUL	R-HSA-210455
Glycine degradation	0.6474964023522175	DLD	R-HSA-6783984
PTK6 Activates STAT3	0.6474964023522175	STAP2	R-HSA-8849474
Diseases of Base Excision Repair	0.6474964023522175	NTHL1	R-HSA-9605308
Attachment and Entry	0.6474964023522175	VCP	R-HSA-9678110
Maturation of protein E	0.6474964023522175	UBB	R-HSA-9683683
Maturation of protein E	0.6474964023522175	UBB	R-HSA-9694493
Antigen processing: Ubiquitination & Proteasome degradation	0.6494331495141589	ARIH2,PSMA7,PSMB5,PSMB7,PSMC4,PSMC5,PSMD4,RNF114,UBB,UBE2A	R-HSA-983168
MicroRNA (miRNA) biogenesis	0.6495741254464608	POLR2E,PRKRA	R-HSA-203927
SUMOylation of intracellular receptors	0.6495741254464608	NR1H2,UBE2I	R-HSA-4090294
Synthesis of very long-chain fatty acyl-CoAs	0.6495741254464608	ELOVL1,TECR	R-HSA-75876
Cell-Cell communication	0.6526150871796027	CLDN4,FLNA,JUP,PTK2,RSU1	R-HSA-1500931
Signaling by NOTCH	0.6818548835257593	PSMA7,PSMB5,PSMB7,PSMC4,PSMC5,PSMD4,TMED2,UBB	R-HSA-157118
TCF dependent signaling in response to WNT	0.6818548835257593	CSNK1A1,PSMA7,PSMB5,PSMB7,PSMC4,PSMC5,PSMD4,UBB	R-HSA-201681
Downregulation of TGF-beta receptor signaling	0.6854569730550534	PPP1CA,UBB	R-HSA-2173788
Gap-filling DNA repair synthesis and ligation in GG-NER	0.6854569730550534	POLD2,UBB	R-HSA-5696397
Aggrephagy	0.6854569730550534	UBB,VCP	R-HSA-9646399
Cell junction organization	0.6902151891676868	CLDN4,FLNA,JUP,RSU1	R-HSA-446728
Mitochondrial translation elongation	0.710671101731	AURKAIP1,MRPL28,MRPS12,TUFM	R-HSA-5389840
The role of Nef in HIV-1 replication and disease pathogenesis	0.7163434053323362	AP2M1,ARF1	R-HSA-164952
Recycling pathway of L1	0.7348093300239793	AP2M1,EZR	R-HSA-437239
SUMO is conjugated to E1 (UBA2:SAE1)	0.7405665530751879	SAE1	R-HSA-3065676
Fructose catabolism	0.7405665530751879	TKFC	R-HSA-70350
Propionyl-CoA catabolism	0.7405665530751879	PCCB	R-HSA-71032
Beta oxidation of lauroyl-CoA to decanoyl-CoA-CoA	0.7405665530751879	ECHS1	R-HSA-77310
Beta oxidation of octanoyl-CoA to hexanoyl-CoA	0.7405665530751879	ECHS1	R-HSA-77348
Beta oxidation of hexanoyl-CoA to butanoyl-CoA	0.7405665530751879	ECHS1	R-HSA-77350
Beta oxidation of butanoyl-CoA to acetyl-CoA	0.7405665530751879	ECHS1	R-HSA-77352
Signaling by MST1	0.7405665530751879	SPINT2	R-HSA-8852405
LXRs regulate gene expression to limit cholesterol uptake	0.7405665530751879	NR1H2	R-HSA-9031525
LXRs regulate gene expression linked to triglyceride lipolysis in adipose	0.7405665530751879	NR1H2	R-HSA-9031528
Attachment and Entry	0.7405665530751879	VCP	R-HSA-9694614
Prefoldin mediated transfer of substrate to CCT/TriC	0.7790958544480197	ACTB,CCT7	R-HSA-389957
Diseases of programmed cell death	0.7790958544480197	CAPN1,PRDX2	R-HSA-9645723
Translation of structural proteins	0.7790958544480197	UBB,UBE2I	R-HSA-9683701
Developmental Biology	0.7826344839032816	ACTB,ACTG1,AP2M1,ARPC1A,ARPC1B,CAPN1,CDK4,CFL1,EZR,HSPA8,JUP,KRT18,KRT19,KRT8,MED29,POLR2E,PSMA7,PSMB5,PSMB7,PSMC4,PSMC5,PSMD4,PTK2,RBBP4,RHOC,TRIO,UBB	R-HSA-1266738
Class I MHC mediated antigen processing & presentation	0.7917968564032762	ARIH2,PSMA7,PSMB5,PSMB7,PSMC4,PSMC5,PSMD4,RNF114,SEC61A1,UBB,UBE2A	R-HSA-983169
Mitochondrial translation	0.8037234673571789	AURKAIP1,MRPL28,MRPS12,TUFM	R-HSA-5368287
VEGFR2 mediated vascular permeability	0.8110190509652673	JUP,MAPKAP1	R-HSA-5218920
Maturation of spike protein	0.8110190509652673	DDOST,RPN2	R-HSA-9694548
Signaling by Interleukins	0.8140333592794736	ARF1,CFL1,HNRNPF,HSPA8,PSMA7,PSMB5,PSMB7,PSMC4,PSMC5,PSMD4,SIGIRR,TALDO1,UBB	R-HSA-449147
Diseases of signal transduction by growth factor receptors and second messengers	0.8149896002786574	CSNK1A1,MAPKAP1,POLR2E,PSMA7,PSMB5,PSMB7,PSMC4,PSMC5,PSMD4,UBB,VCP	R-HSA-5663202
Formation of RNA Pol II elongation complex	0.8150853323689736	NELFCD,POLR2E,WDR61	R-HSA-112382
RNA Polymerase II Transcription Elongation	0.8150853323689736	NELFCD,POLR2E,WDR61	R-HSA-75955
Selective autophagy	0.8150853323689736	HSPA8,UBB,VCP	R-HSA-9663891
Adaptive Immune System	0.8167308302443463	AP2M1,ARF1,ARIH2,CAPZB,CTSA,CTSD,DCTN2,MAPKAP1,PSMA7,PSMB5,PSMB7,PSMC4,PSMC5,PSMD4,RAB7A,RNF114,SEC61A1,UBB,UBE2A	R-HSA-1280218
Recognition of DNA damage by PCNA-containing replication complex	0.8198513816040093	POLD2,UBB	R-HSA-110314
Regulation of TP53 Activity through Acetylation	0.8198513816040093	PIN1,RBBP4	R-HSA-6804758
Synthesis of active ubiquitin: roles of E1 and E2 enzymes	0.8198513816040093	UBB,UBE2A	R-HSA-8866652
Transport and synthesis of PAPS	0.8204276425298254	SLC35B2	R-HSA-174362
Synthesis of 15-eicosatetraenoic acid derivatives	0.8204276425298254	GPX4	R-HSA-2142770
Proton-coupled monocarboxylate transport	0.8204276425298254	EMB	R-HSA-433692
Protein repair	0.8204276425298254	MSRB1	R-HSA-5676934
GDP-fucose biosynthesis	0.8204276425298254	GFUS	R-HSA-6787639
MET Receptor Activation	0.8204276425298254	SPINT2	R-HSA-6806942
Beta oxidation of decanoyl-CoA to octanoyl-CoA-CoA	0.8204276425298254	ECHS1	R-HSA-77346
PTK6 Regulates Cell Cycle	0.8204276425298254	CDK4	R-HSA-8849470
Translation	0.8210333205397148	APEH,AURKAIP1,DDOST,FARSA,MRPL28,MRPS12,RPN2,SEC61A1,TUFM	R-HSA-72766
Intracellular signaling by second messengers	0.8210333205397148	MAPKAP1,PSMA7,PSMB5,PSMB7,PSMC4,PSMC5,PSMD4,RBBP4,UBB	R-HSA-9006925
TGF-beta receptor signaling activates SMADs	0.8504218010273046	PPP1CA,UBB	R-HSA-2173789
Cytosolic sensors of pathogen-associated DNA	0.864945970292728	POLR2E,UBB,XRCC5	R-HSA-1834949
Late Phase of HIV Life Cycle	0.8757443466598985	CHMP2A,NELFCD,POLR2E,TSG101,UBB	R-HSA-162599
Signaling by ROBO receptors	0.8812688251179029	PSMA7,PSMB5,PSMB7,PSMC4,PSMC5,PSMD4,UBB	R-HSA-376176
Signaling by MET	0.8823265785690299	PTK2,SPINT2,UBB	R-HSA-6806834
2-LTR circle formation	0.882672111157951	XRCC5	R-HSA-164843
Nef Mediated CD8 Down-regulation	0.882672111157951	AP2M1	R-HSA-182218
Synthesis of 12-eicosatetraenoic acid derivatives	0.882672111157951	GPX4	R-HSA-2142712
Fructose metabolism	0.882672111157951	TKFC	R-HSA-5652084
Aryl hydrocarbon receptor signalling	0.882672111157951	ARNT	R-HSA-8937144
Modulation by Mtb of host immune system	0.882672111157951	UBB	R-HSA-9637628
Cooperation of Prefoldin and TriC/CCT in actin and tubulin folding	0.888205875517508	ACTB,CCT7	R-HSA-389958
Termination of translesion DNA synthesis	0.888205875517508	POLD2,UBB	R-HSA-5656169
Plasma lipoprotein clearance	0.888205875517508	AP2M1,NR1H2	R-HSA-8964043
Gap-filling DNA repair synthesis and ligation in TC-NER	0.8919751499507891	POLD2,POLR2E,UBB	R-HSA-6782210
Formation of the Early Elongation Complex	0.9024817323897738	NELFCD,POLR2E	R-HSA-113418
Formation of the HIV-1 Early Elongation Complex	0.9024817323897738	NELFCD,POLR2E	R-HSA-167158
Interactions of Vpr with host cellular proteins	0.9024817323897738	SLC25A5,SLC25A6	R-HSA-176033
Oncogene Induced Senescence	0.9024817323897738	CDK4,UBB	R-HSA-2559585
Sialic acid metabolism	0.9024817323897738	CTSA,NANS	R-HSA-4085001
Cargo concentration in the ER	0.9024817323897738	LMAN2,TMED2	R-HSA-5694530
Dual incision in TC-NER	0.9040314565879095	POLD2,POLR2E,UBB	R-HSA-6782135
Signaling by VEGF	0.9237257352921887	AAMP,JUP,MAPKAP1,PTK2	R-HSA-194138
Pausing and recovery of Tat-mediated HIV elongation	0.9238428302209257	NELFCD,POLR2E	R-HSA-167238
Tat-mediated HIV elongation arrest and recovery	0.9238428302209257	NELFCD,POLR2E	R-HSA-167243
Diseases of carbohydrate metabolism	0.9238428302209257	TALDO1,UBB	R-HSA-5663084
RHO GTPase Effectors	0.9246307718142941	ACTB,ACTG1,ARPC1A,ARPC1B,CFL1,FLNA,PIN1,PTK2,RHOC	R-HSA-195258
COPII-mediated vesicle transport	0.9352119103153737	LMAN2,TMED2,TRAPPC6A	R-HSA-204005
RAF/MAP kinase cascade	0.9422528258855033	PSMA7,PSMB5,PSMB7,PSMC4,PSMC5,PSMD4,PTK2,UBB	R-HSA-5673001
Downregulation of ERBB4 signaling	0.9423328843359133	UBB	R-HSA-1253288
Linoleic acid (LA) metabolism	0.9423328843359133	ELOVL1	R-HSA-2046105
Regulation of cytoskeletal remodeling and cell spreading by IPP complex components	0.9423328843359133	RSU1	R-HSA-446388
LXRs regulate gene expression linked to lipogenesis	0.9423328843359133	NR1H2	R-HSA-9029558
N-glycan trimming in the ER and Calnexin/Calreticulin cycle	0.9446188223257533	UBB,VCP	R-HSA-532668
ISG15 antiviral mechanism	0.9594482061064511	EIF4G2,PIN1,UBB	R-HSA-1169408
Signaling by Insulin receptor	0.9594482061064511	ATP6AP1,ATP6V0B,ATP6V0D1	R-HSA-74752
trans-Golgi Network Vesicle Budding	0.9783896764401837	ARF1,CHMP2A,HSPA8	R-HSA-199992
ERK1/ERK2 pathway	0.9789841095568075	PSMA7,PSMB5,PSMB7,PSMC4,PSMC5,PSMD4,PTK2,UBB	R-HSA-5684996
Chromatin modifying enzymes	0.9792905966325045	ACTB,CDK4,KDM5A,KMT2E,MCRS1,PRMT6,RBBP4,VPS72	R-HSA-3247509
Chromatin organization	0.9792905966325045	ACTB,CDK4,KDM5A,KMT2E,MCRS1,PRMT6,RBBP4,VPS72	R-HSA-4839726
ROS and RNS production in phagocytes	0.9801738757244497	ATP6V0B,ATP6V0D1	R-HSA-1222556
HIV elongation arrest and recovery	0.9801738757244497	NELFCD,POLR2E	R-HSA-167287
Pausing and recovery of HIV elongation	0.9801738757244497	NELFCD,POLR2E	R-HSA-167290
Regulation of TP53 Degradation	0.9801738757244497	MAPKAP1,UBB	R-HSA-6804757
Transcriptional Regulation by TP53	0.9902771509647393	GPI,MAPKAP1,NELFCD,PIN1,POLR2E,PRDX2,RBBP4,TIGAR,TTC5,UBB	R-HSA-3700989
Hemostasis	1	AAMP,ALDOA,CAPZB,CFD,CFL1,FLNA,LAMP2,LGALS3BP,MAGED2,PTK2,TAGLN2,TEX264	R-HSA-109582
Translesion synthesis by REV1	1	UBB	R-HSA-110312
Recognition and association of DNA glycosylase with site containing an affected pyrimidine	1	NTHL1	R-HSA-110328
Cleavage of the damaged pyrimidine	1	NTHL1	R-HSA-110329
Recognition and association of DNA glycosylase with site containing an affected purine	1	MPG	R-HSA-110330
Cleavage of the damaged purine	1	MPG	R-HSA-110331
Resolution of AP sites via the multiple-nucleotide patch replacement pathway	1	POLD2	R-HSA-110373
Opioid Signalling	1	PPP1CA	R-HSA-111885
Neurotransmitter release cycle	1	HSPA8	R-HSA-112310
Transmission across Chemical Synapses	1	GLUL,HSPA8	R-HSA-112315
Neuronal System	1	DBNL,GLUL,HSPA8,RTN3	R-HSA-112316
Meiotic synapsis	1	UBE2I	R-HSA-1221632
Signaling by FGFR in disease	1	POLR2E	R-HSA-1226099
Signaling by ERBB2	1	UBB	R-HSA-1227986
Regulation of gene expression by Hypoxia-inducible Factor	1	ARNT	R-HSA-1234158
Constitutive Signaling by Ligand-Responsive EGFR Cancer Variants	1	UBB	R-HSA-1236382
Signaling by ERBB4	1	GFAP,UBB	R-HSA-1236394
Nuclear signaling by ERBB4	1	GFAP	R-HSA-1251985
Cytokine Signaling in Immune system	1	ARF1,CFL1,EIF4G2,FLNA,HNRNPF,HSPA8,PIN1,PSMA7,PSMB5,PSMB7,PSMC4,PSMC5,PSMD4,PTK2,SIGIRR,TALDO1,TRIM26,UBB	R-HSA-1280215
Spry regulation of FGF signaling	1	UBB	R-HSA-1295596
Downregulation of ERBB2:ERBB3 signaling	1	UBB	R-HSA-1358803
Transcription of E2F targets under negative control by DREAM complex	1	RBBP4	R-HSA-1362277
Transcription of E2F targets under negative control by p107 (RBL1) and p130 (RBL2) in complex with HDAC1	1	RBBP4	R-HSA-1362300
Collagen degradation	1	CTSD	R-HSA-1442490
Reproduction	1	CDK4,UBE2I	R-HSA-1474165
Degradation of the extracellular matrix	1	CAPN1,CTSD	R-HSA-1474228
Extracellular matrix organization	1	CAPN1,CTSD	R-HSA-1474244
Acyl chain remodelling of PI	1	MBOAT7	R-HSA-1482922
Glycerophospholipid biosynthesis	1	MBOAT7	R-HSA-1483206
PI Metabolism	1	ARF1,ARF3	R-HSA-1483255
Phospholipid metabolism	1	ARF1,ARF3,MBOAT7	R-HSA-1483257
Meiosis	1	CDK4,UBE2I	R-HSA-1500620
G0 and Early G1	1	RBBP4	R-HSA-1538133
Phase II - Conjugation of compounds	1	SLC35B2	R-HSA-156580
Cytosolic sulfonation of small molecules	1	SLC35B2	R-HSA-156584
Polo-like kinase mediated events	1	RBBP4	R-HSA-156711
Telomere Maintenance	1	POLD2,POLR2E	R-HSA-157579
Gap junction trafficking and regulation	1	AP2M1	R-HSA-157858
Nucleotide metabolism	1	APRT,DCTPP1,IMPDH2	R-HSA-15869
Mitochondrial biogenesis	1	ATP5F1B	R-HSA-1592230
Transport of Mature mRNA derived from an Intron-Containing Transcript	1	THOC3,THOC6	R-HSA-159236
Signaling Pathways	1	AAMP,ACTB,ACTG1,AP2M1,ARPC1A,ARPC1B,ATP6AP1,ATP6V0B,ATP6V0D1,CDK4,CFL1,CRABP2,CSNK1A1,CTSD,DLD,FLNA,GFAP,HNRNPF,HNRNPM,ID3,JUP,MAPKAP1,NR1H2,PIN1,PLPPR2,POLR2E,PPP1CA,PSMA7,PSMB5,PSMB7,PSMC4,PSMC5,PSMD4,PTK2,RBBP4,RHOC,SPINT2,STAP2,TMED2,TRIO,UBB,USF2,VCP	R-HSA-162582
Integration of provirus	1	XRCC5	R-HSA-162592
Early Phase of HIV Life Cycle	1	XRCC5	R-HSA-162594
Glycosaminoglycan metabolism	1	HEXA,SLC35B2	R-HSA-1630316
Post-translational modification: synthesis of GPI-anchored proteins	1	GPAA1,LYPD3,PIGT	R-HSA-163125
Formation of ATP by chemiosmotic coupling	1	ATP5F1B	R-HSA-163210
Triglyceride catabolism	1	PPP1CA	R-HSA-163560
Integration of energy metabolism	1	TALDO1	R-HSA-163685
Keratan sulfate/keratin metabolism	1	HEXA	R-HSA-1638074
Cell Cycle	1	CDK4,CHMP2A,DCTN2,POLD2,POLR2E,PSMA7,PSMB5,PSMB7,PSMC4,PSMC5,PSMD4,RBBP4,UBB,UBE2I	R-HSA-1640170
Signaling by EGFR in Cancer	1	UBB	R-HSA-1643713
Regulation of cholesterol biosynthesis by SREBP (SREBF)	1	MVD	R-HSA-1655829
Toll Like Receptor 4 (TLR4) Cascade	1	SIGIRR,UBB	R-HSA-166016
Synthesis of PIPs at the plasma membrane	1	ARF1	R-HSA-1660499
MyD88:MAL(TIRAP) cascade initiated on plasma membrane	1	SIGIRR,UBB	R-HSA-166058
Sphingolipid de novo biosynthesis	1	DEGS2	R-HSA-1660661
Glycosphingolipid metabolism	1	CTSA,HEXA	R-HSA-1660662
MyD88-independent TLR4 cascade	1	UBB	R-HSA-166166
Signaling by NTRKs	1	AP2M1,ID3	R-HSA-166520
Complement cascade	1	CFD	R-HSA-166658
Initial triggering of complement	1	CFD	R-HSA-166663
Formation of HIV elongation complex in the absence of HIV Tat	1	NELFCD,POLR2E	R-HSA-167152
RNA Pol II CTD phosphorylation and interaction with CE during HIV infection	1	POLR2E	R-HSA-167160
HIV Transcription Initiation	1	POLR2E	R-HSA-167161
RNA Polymerase II HIV Promoter Escape	1	POLR2E	R-HSA-167162
HIV Transcription Elongation	1	NELFCD,POLR2E	R-HSA-167169
Transcription of the HIV genome	1	NELFCD,POLR2E	R-HSA-167172
Formation of HIV-1 elongation complex containing HIV-1 Tat	1	NELFCD,POLR2E	R-HSA-167200
Tat-mediated elongation of the HIV-1 transcript	1	NELFCD,POLR2E	R-HSA-167246
Trafficking and processing of endosomal TLR	1	CNPY3	R-HSA-1679131
Toll Like Receptor 9 (TLR9) Cascade	1	UBB	R-HSA-168138
Toll Like Receptor 10 (TLR10) Cascade	1	UBB	R-HSA-168142
Toll Like Receptor 3 (TLR3) Cascade	1	UBB	R-HSA-168164
Toll Like Receptor 5 (TLR5) Cascade	1	UBB	R-HSA-168176
Toll Like Receptor TLR1:TLR2 Cascade	1	SIGIRR,UBB	R-HSA-168179
Toll Like Receptor 7/8 (TLR7/8) Cascade	1	UBB	R-HSA-168181
Toll Like Receptor TLR6:TLR2 Cascade	1	SIGIRR,UBB	R-HSA-168188
Influenza Infection	1	POLR2E,SLC25A6	R-HSA-168255
Influenza Viral RNA Transcription and Replication	1	POLR2E	R-HSA-168273
Viral Messenger RNA Synthesis	1	POLR2E	R-HSA-168325
NOD1/2 Signaling Pathway	1	AAMP	R-HSA-168638
Nucleotide-binding domain, leucine rich repeat containing receptor (NLR) signaling pathways	1	AAMP	R-HSA-168643
Toll-like Receptor Cascades	1	CNPY3,SIGIRR,UBB	R-HSA-168898
TICAM1, RIP1-mediated IKK complex recruitment	1	UBB	R-HSA-168927
Signaling by TGF-beta Receptor Complex	1	PPP1CA,UBB	R-HSA-170834
APC/C:Cdc20 mediated degradation of Cyclin B	1	UBB	R-HSA-174048
Polymerase switching on the C-strand of the telomere	1	POLD2	R-HSA-174411
Processive synthesis on the C-strand of the telomere	1	POLD2	R-HSA-174414
Telomere C-strand (Lagging Strand) Synthesis	1	POLD2	R-HSA-174417
Removal of the Flap Intermediate from the C-strand	1	POLD2	R-HSA-174437
Lipoprotein metabolism	1	AP2M1,NR1H2	R-HSA-174824
Retrograde neurotrophin signalling	1	AP2M1	R-HSA-177504
Signaling by EGFR	1	AAMP,UBB	R-HSA-177929
Chondroitin sulfate/dermatan sulfate metabolism	1	HEXA	R-HSA-1793185
APC-Cdc20 mediated degradation of Nek2A	1	UBB	R-HSA-179409
SRP-dependent cotranslational protein targeting to membrane	1	DDOST,RPN2,SEC61A1	R-HSA-1799339
DARPP-32 events	1	PPP1CA	R-HSA-180024
Extension of Telomeres	1	POLD2	R-HSA-180786
Toll Like Receptor 2 (TLR2) Cascade	1	SIGIRR,UBB	R-HSA-181438
EGFR downregulation	1	UBB	R-HSA-182971
STING mediated induction of host immune responses	1	XRCC5	R-HSA-1834941
FGFR2 mutant receptor activation	1	POLR2E	R-HSA-1839126
Organelle biogenesis and maintenance	1	ATP5F1B,DCTN2,DYNC2I2	R-HSA-1852241
Signaling by NTRK1 (TRKA)	1	AP2M1,ID3	R-HSA-187037
Gap junction trafficking	1	AP2M1	R-HSA-190828
Gap junction degradation	1	AP2M1	R-HSA-190873
Pre-NOTCH Processing in Golgi	1	TMED2	R-HSA-1912420
Pre-NOTCH Expression and Processing	1	TMED2	R-HSA-1912422
Cholesterol biosynthesis	1	MVD	R-HSA-191273
p75NTR signals via NF-kB	1	UBB	R-HSA-193639
NRAGE signals death through JNK	1	TRIO	R-HSA-193648
p75 NTR receptor-mediated signalling	1	TRIO,UBB	R-HSA-193704
Signaling by Rho GTPases	1	ACTB,ACTG1,ARPC1A,ARPC1B,CFL1,FLNA,PIN1,PTK2,RHOC,TRIO	R-HSA-194315
Rho GTPase cycle	1	RHOC,TRIO	R-HSA-194840
Signaling by WNT	1	AP2M1,CSNK1A1,PSMA7,PSMB5,PSMB7,PSMC4,PSMC5,PSMD4,UBB	R-HSA-195721
Formation of annular gap junctions	1	AP2M1	R-HSA-196025
Beta-catenin phosphorylation cascade	1	CSNK1A1	R-HSA-196299
Cobalamin (Cbl, vitamin B12) transport and metabolism	1	CD320	R-HSA-196741
Vitamin D (calciferol) metabolism	1	UBE2I	R-HSA-196791
Nicotinate metabolism	1	NAXE	R-HSA-196807
Metabolism of water-soluble vitamins and cofactors	1	CD320,MCCC1,NAXE,PCCB	R-HSA-196849
Metabolism of vitamins and cofactors	1	CD320,MCCC1,NAXE,PCCB	R-HSA-196854
Nicotinamide salvaging	1	NAXE	R-HSA-197264
Signaling by NOTCH1	1	UBB	R-HSA-1980143
Signaling by NOTCH2	1	UBB	R-HSA-1980145
Nuclear Events (kinase and transcription factor activation)	1	ID3	R-HSA-198725
PPARA activates gene expression	1	ARNT,MED29,NR1H2	R-HSA-1989781
Metabolism of Angiotensinogen to Angiotensins	1	CTSD	R-HSA-2022377
Keratan sulfate degradation	1	HEXA	R-HSA-2022857
CS/DS degradation	1	HEXA	R-HSA-2024101
eNOS activation	1	DDAH2	R-HSA-203615
Regulation of pyruvate dehydrogenase (PDH) complex	1	DLD	R-HSA-204174
alpha-linolenic (omega3) and linoleic (omega6) acid metabolism	1	ELOVL1	R-HSA-2046104
alpha-linolenic acid (ALA) metabolism	1	ELOVL1	R-HSA-2046106
Cell death signalling via NRAGE, NRIF and NADE	1	TRIO,UBB	R-HSA-204998
NRIF signals cell death from the nucleus	1	UBB	R-HSA-205043
p75NTR recruits signalling complexes	1	UBB	R-HSA-209543
NF-kB is activated and signals survival	1	UBB	R-HSA-209560
Gene Silencing by RNA	1	POLR2E,PRKRA	R-HSA-211000
Biological oxidations	1	ARNT,SLC35B2	R-HSA-211859
Cytochrome P450 - arranged by substrate type	1	ARNT	R-HSA-211897
Phase I - Functionalization of compounds	1	ARNT	R-HSA-211945
Endogenous sterols	1	ARNT	R-HSA-211976
Xenobiotics	1	ARNT	R-HSA-211981
Epigenetic regulation of gene expression	1	ACTB,POLR2E,RBBP4	R-HSA-212165
NOTCH1 Intracellular Domain Regulates Transcription	1	UBB	R-HSA-2122947
Activated NOTCH1 Transmits Signal to the Nucleus	1	UBB	R-HSA-2122948
PRC2 methylates histones and DNA	1	RBBP4	R-HSA-212300
Generic Transcription Pathway	1	CDK4,GPI,KMT2E,MAPKAP1,NELFCD,NR1H2,PIN1,POLR2E,PRDX2,PRMT6,PSMA7,PSMB5,PSMB7,PSMC4,PSMC5,PSMD4,RBBP4,TIGAR,TTC5,UBB,UBE2I	R-HSA-212436
Synthesis of 5-eicosatetraenoic acids	1	GPX4	R-HSA-2142688
Arachidonic acid metabolism	1	GPX4	R-HSA-2142753
Hyaluronan metabolism	1	HEXA	R-HSA-2142845
Transcriptional activation of mitochondrial biogenesis	1	ATP5F1B	R-HSA-2151201
Hyaluronan uptake and degradation	1	HEXA	R-HSA-2160916
TGF-beta receptor signaling in EMT (epithelial to mesenchymal transition)	1	UBB	R-HSA-2173791
Transcriptional activity of SMAD2/SMAD3:SMAD4 heterotrimer	1	UBB	R-HSA-2173793
Downregulation of SMAD2/3:SMAD4 transcriptional activity	1	UBB	R-HSA-2173795
SMAD2/SMAD3:SMAD4 heterotrimer regulates transcription	1	UBB	R-HSA-2173796
PI3K/AKT Signaling in Cancer	1	MAPKAP1	R-HSA-2219528
Activation of gene expression by SREBF (SREBP)	1	MVD	R-HSA-2426168
Oxidative Stress Induced Senescence	1	CDK4,RBBP4,UBB	R-HSA-2559580
Senescence-Associated Secretory Phenotype (SASP)	1	CDK4,UBB	R-HSA-2559582
Cellular Senescence	1	CDK4,RBBP4,UBB	R-HSA-2559583
Cytosolic iron-sulfur cluster assembly	1	NUBP2	R-HSA-2564830
Regulation of PLK1 Activity at G2/M Transition	1	DCTN2,UBB	R-HSA-2565942
Signaling by NOTCH1 PEST Domain Mutants in Cancer	1	UBB	R-HSA-2644602
Signaling by NOTCH1 in Cancer	1	UBB	R-HSA-2644603
Constitutive Signaling by NOTCH1 PEST Domain Mutants	1	UBB	R-HSA-2644606
Stimuli-sensing channels	1	UBB	R-HSA-2672351
Signaling by NOTCH1 HD Domain Mutants in Cancer	1	UBB	R-HSA-2691230
Constitutive Signaling by NOTCH1 HD Domain Mutants	1	UBB	R-HSA-2691232
Signaling by NOTCH1 HD+PEST Domain Mutants in Cancer	1	UBB	R-HSA-2894858
Constitutive Signaling by NOTCH1 HD+PEST Domain Mutants	1	UBB	R-HSA-2894862
NOTCH2 Activation and Transmission of Signal to the Nucleus	1	UBB	R-HSA-2979096
Peptide hormone metabolism	1	CTSD	R-HSA-2980736
SUMOylation	1	NR1H2,SAE1,UBE2I	R-HSA-2990846
Nuclear Envelope (NE) Reassembly	1	CHMP2A,UBE2I	R-HSA-2995410
SUMOylation of DNA damage response and repair proteins	1	UBE2I	R-HSA-3108214
SUMO E3 ligases SUMOylate target proteins	1	NR1H2,UBE2I	R-HSA-3108232
Regulation of innate immune responses to cytosolic DNA	1	UBB	R-HSA-3134975
HDACs deacetylate histones	1	RBBP4	R-HSA-3214815
PKMTs methylate histone lysines	1	KMT2E,RBBP4	R-HSA-3214841
HDMs demethylate histones	1	KDM5A	R-HSA-3214842
HATs acetylate histones	1	ACTB,MCRS1,VPS72	R-HSA-3214847
RMTs methylate histone arginines	1	CDK4,PRMT6	R-HSA-3214858
Glycogen storage diseases	1	UBB	R-HSA-3229121
SUMOylation of transcription factors	1	UBE2I	R-HSA-3232118
SUMOylation of ubiquitinylation proteins	1	UBE2I	R-HSA-3232142
IRF3-mediated induction of type I IFN	1	XRCC5	R-HSA-3270619
Defects in cobalamin (B12) metabolism	1	CD320	R-HSA-3296469
Detoxification of Reactive Oxygen Species	1	PRDX2	R-HSA-3299685
Glycogen synthesis	1	UBB	R-HSA-3322077
Regulation of HSF1-mediated heat shock response	1	HSPA8	R-HSA-3371453
HSF1 activation	1	VCP	R-HSA-3371511
Cellular response to heat stress	1	HSPA8,VCP	R-HSA-3371556
Attenuation phase	1	HSPA8	R-HSA-3371568
HSF1-dependent transactivation	1	HSPA8	R-HSA-3371571
Integrin signaling	1	PTK2	R-HSA-354192
GRB2:SOS provides linkage to MAPK signaling for Integrins	1	PTK2	R-HSA-354194
Diseases associated with glycosaminoglycan metabolism	1	HEXA	R-HSA-3560782
p130Cas linkage to MAPK signaling for integrins	1	PTK2	R-HSA-372708
Signaling by GPCR	1	PLPPR2,PPP1CA,RHOC,TRIO	R-HSA-372790
Class A/1 (Rhodopsin-like receptors)	1	PLPPR2	R-HSA-373076
Semaphorin interactions	1	CFL1,RHOC	R-HSA-373755
L1CAM interactions	1	AP2M1,EZR,HSPA8	R-HSA-373760
NCAM signaling for neurite out-growth	1	PTK2	R-HSA-375165
Deactivation of the beta-catenin transactivating complex	1	UBB	R-HSA-3769402
Diseases associated with N-glycosylation of proteins	1	ALG3	R-HSA-3781860
Diseases of glycosylation	1	ALG3,CTSA,DOLK,HEXA	R-HSA-3781865
Myoclonic epilepsy of Lafora	1	UBB	R-HSA-3785653
Cytosolic tRNA aminoacylation	1	FARSA	R-HSA-379716
tRNA Aminoacylation	1	FARSA	R-HSA-379724
Loss of Nlp from mitotic centrosomes	1	DCTN2	R-HSA-380259
Recruitment of mitotic centrosome proteins and complexes	1	DCTN2	R-HSA-380270
Loss of proteins required for interphase microtubule organization from the centrosome	1	DCTN2	R-HSA-380284
Centrosome maturation	1	DCTN2	R-HSA-380287
Recruitment of NuMA to mitotic centrosomes	1	DCTN2	R-HSA-380320
Transcriptional regulation of white adipocyte differentiation	1	CDK4,MED29	R-HSA-381340
Regulation of IGF Activity by IGFBP	1	FUCA2,GOLM1,NUCB1	R-HSA-381426
Nuclear Receptor transcription pathway	1	NR1H2	R-HSA-383280
GPCR downstream signalling	1	PPP1CA,RHOC,TRIO	R-HSA-388396
Costimulation by the CD28 family	1	MAPKAP1	R-HSA-388841
CD28 co-stimulation	1	MAPKAP1	R-HSA-389356
CD28 dependent PI3K/Akt signaling	1	MAPKAP1	R-HSA-389357
Glyoxylate metabolism and glycine degradation	1	DLD	R-HSA-389661
SUMOylation of transcription cofactors	1	UBE2I	R-HSA-3899300
Formation of tubulin folding intermediates by CCT/TriC	1	CCT7	R-HSA-389960
Post-chaperonin tubulin folding pathway	1	TBCB	R-HSA-389977
Chaperonin-mediated protein folding	1	ACTB,CCT7	R-HSA-390466
Association of TriC/CCT with target proteins during biosynthesis	1	CCT7	R-HSA-390471
Signal regulatory protein family interactions	1	PTK2	R-HSA-391160
Protein folding	1	ACTB,CCT7,TBCB	R-HSA-391251
Signal amplification	1	AAMP	R-HSA-392518
EPH-ephrin mediated repulsion of cells	1	AP2M1	R-HSA-3928665
Muscle contraction	1	ATP1A1	R-HSA-397014
Sema3A PAK dependent Axon repulsion	1	CFL1	R-HSA-399954
Regulation of lipid metabolism by PPARalpha	1	ARNT,MED29,NR1H2	R-HSA-400206
Circadian Clock	1	PPP1CA,UBB	R-HSA-400253
Sema4D in semaphorin signaling	1	RHOC	R-HSA-400685
SUMOylation of SUMOylation proteins	1	UBE2I	R-HSA-4085377
G alpha (q) signalling events	1	TRIO	R-HSA-416476
G alpha (12/13) signalling events	1	RHOC,TRIO	R-HSA-416482
Sema4D induced cell migration and growth-cone collapse	1	RHOC	R-HSA-416572
G alpha (i) signalling events	1	PPP1CA	R-HSA-418594
Adherens junctions interactions	1	JUP	R-HSA-418990
Lysosphingolipid and LPA receptors	1	PLPPR2	R-HSA-419408
Tight junction interactions	1	CLDN4	R-HSA-420029
Cell-cell junction organization	1	CLDN4,JUP	R-HSA-421270
Transport of bile salts and organic acids, metal ions and amine compounds	1	EMB,SLC39A1	R-HSA-425366
SLC-mediated transmembrane transport	1	EMB,SLC25A5,SLC25A6,SLC35B2,SLC39A1	R-HSA-425407
Metal ion SLC transporters	1	SLC39A1	R-HSA-425410
Small interfering RNA (siRNA) biogenesis	1	PRKRA	R-HSA-426486
Activation of rRNA Expression by ERCC6 (CSB) and EHMT2 (G9a)	1	RBBP4	R-HSA-427389
NoRC negatively regulates rRNA expression	1	POLR2E	R-HSA-427413
Sphingolipid metabolism	1	CTSA,DEGS2,HEXA	R-HSA-428157
Thromboxane signalling through TP receptor	1	AAMP	R-HSA-428930
Deadenylation-dependent mRNA decay	1	WDR61	R-HSA-429914
mRNA decay by 3' to 5' exoribonuclease	1	WDR61	R-HSA-429958
GP1b-IX-V activation signalling	1	FLNA	R-HSA-430116
Vasopressin regulates renal water homeostasis via Aquaporins	1	AQP3	R-HSA-432040
Passive transport by Aquaporins	1	AQP3	R-HSA-432047
Golgi Associated Vesicle Biogenesis	1	ARF1,HSPA8	R-HSA-432722
Zinc transporters	1	SLC39A1	R-HSA-435354
VEGFA-VEGFR2 Pathway	1	JUP,MAPKAP1,PTK2	R-HSA-4420097
Zinc influx into cells by the SLC39 gene family	1	SLC39A1	R-HSA-442380
Aquaporin-mediated transport	1	AQP3	R-HSA-445717
CHL1 interactions	1	HSPA8	R-HSA-447041
Interleukin-17 signaling	1	UBB	R-HSA-448424
MAP kinase activation	1	UBB	R-HSA-450294
SUMOylation of chromatin organization proteins	1	UBE2I	R-HSA-4551638
SUMOylation of RNA binding proteins	1	UBE2I	R-HSA-4570464
SUMOylation of DNA replication proteins	1	UBE2I	R-HSA-4615885
Disassembly of the destruction complex and recruitment of AXIN to the membrane	1	CSNK1A1	R-HSA-4641262
Regulation of FZD by ubiquitination	1	UBB	R-HSA-4641263
SUMOylation of DNA methylation proteins	1	UBE2I	R-HSA-4655427
SUMOylation of immune response proteins	1	UBE2I	R-HSA-4755510
Signaling by WNT in cancer	1	CSNK1A1	R-HSA-4791275
AXIN mutants destabilize the destruction complex, activating WNT signaling	1	CSNK1A1	R-HSA-4839735
phosphorylation site mutants of CTNNB1 are not targeted to the proteasome by the destruction complex	1	CSNK1A1	R-HSA-4839743
truncated APC mutants destabilize the destruction complex	1	CSNK1A1	R-HSA-4839744
AMER1 mutants destabilize the destruction complex	1	CSNK1A1	R-HSA-4839748
Interconversion of nucleotide di- and triphosphates	1	DCTPP1	R-HSA-499943
GPCR ligand binding	1	PLPPR2	R-HSA-500792
WNT5A-dependent internalization of FZD4	1	AP2M1	R-HSA-5099900
WNT5A-dependent internalization of FZD2, FZD5 and ROR2	1	AP2M1	R-HSA-5140745
Mitophagy	1	UBB	R-HSA-5205647
PINK1-PRKN Mediated Mitophagy	1	UBB	R-HSA-5205685
RIPK1-mediated regulated necrosis	1	UBB	R-HSA-5213460
Regulated Necrosis	1	UBB	R-HSA-5218859
Positive epigenetic regulation of rRNA expression	1	ACTB,POLR2E,RBBP4	R-HSA-5250913
B-WICH complex positively regulates rRNA expression	1	ACTB,POLR2E	R-HSA-5250924
Negative epigenetic regulation of rRNA expression	1	POLR2E	R-HSA-5250941
Misspliced GSK3beta mutants stabilize beta-catenin	1	CSNK1A1	R-HSA-5339716
Regulation of TNFR1 signaling	1	UBB	R-HSA-5357905
MMR	1	POLD2	R-HSA-5358508
Mismatch repair (MMR) directed by MSH2:MSH6 (MutSalpha)	1	POLD2	R-HSA-5358565
Mismatch repair (MMR) directed by MSH2:MSH3 (MutSbeta)	1	POLD2	R-HSA-5358606
S33 mutants of beta-catenin aren't phosphorylated	1	CSNK1A1	R-HSA-5358747
S37 mutants of beta-catenin aren't phosphorylated	1	CSNK1A1	R-HSA-5358749
S45 mutants of beta-catenin aren't phosphorylated	1	CSNK1A1	R-HSA-5358751
T41 mutants of beta-catenin aren't phosphorylated	1	CSNK1A1	R-HSA-5358752
Signaling by Retinoic Acid	1	CRABP2,DLD	R-HSA-5362517
Mitochondrial translation initiation	1	AURKAIP1,MRPL28,MRPS12	R-HSA-5368286
Mitochondrial translation termination	1	AURKAIP1,MRPL28,MRPS12	R-HSA-5419276
APC truncation mutants have impaired AXIN binding	1	CSNK1A1	R-HSA-5467337
AXIN missense mutants destabilize the destruction complex	1	CSNK1A1	R-HSA-5467340
Truncations of AMER1 destabilize the destruction complex	1	CSNK1A1	R-HSA-5467348
Metabolism of lipids	1	ARF1,ARF3,ARNT,CTSA,DEGS2,ECHS1,ELOVL1,GPX4,HEXA,MBOAT7,MED29,MVD,NR1H2,PCCB,PPP1CA,TECR,UBE2I	R-HSA-556833
Cardiac conduction	1	ATP1A1	R-HSA-5576891
Transcriptional regulation by small RNAs	1	POLR2E	R-HSA-5578749
Ion homeostasis	1	ATP1A1	R-HSA-5578775
PIWI-interacting RNA (piRNA) biogenesis	1	POLR2E	R-HSA-5601884
Activation of anterior HOX genes in hindbrain development during early embryogenesis	1	POLR2E,RBBP4	R-HSA-5617472
Cilium Assembly	1	DCTN2,DYNC2I2	R-HSA-5617833
Activation of HOX genes during differentiation	1	POLR2E,RBBP4	R-HSA-5619507
Anchoring of the basal body to the plasma membrane	1	DCTN2	R-HSA-5620912
Intraflagellar transport	1	DYNC2I2	R-HSA-5620924
RHO GTPases activate PKNs	1	RHOC	R-HSA-5625740
RHO GTPases activate CIT	1	RHOC	R-HSA-5625900
RHO GTPases activate PAKs	1	FLNA	R-HSA-5627123
TP53 Regulates Metabolic Genes	1	GPI,PRDX2,TIGAR	R-HSA-5628897
Regulation of TP53 Activity	1	MAPKAP1,PIN1,RBBP4,TTC5,UBB	R-HSA-5633007
Activation of SMO	1	CSNK1A1	R-HSA-5635838
Signaling by Ligand-Responsive EGFR Variants in Cancer	1	UBB	R-HSA-5637815
PCNA-Dependent Long Patch Base Excision Repair	1	POLD2	R-HSA-5651801
Negative regulation of FGFR1 signaling	1	UBB	R-HSA-5654726
Negative regulation of FGFR2 signaling	1	UBB	R-HSA-5654727
Negative regulation of FGFR3 signaling	1	UBB	R-HSA-5654732
Negative regulation of FGFR4 signaling	1	UBB	R-HSA-5654733
Signaling by FGFR1	1	UBB	R-HSA-5654736
Signaling by FGFR3	1	UBB	R-HSA-5654741
Signaling by FGFR4	1	UBB	R-HSA-5654743
Signaling by FGFR2 in disease	1	POLR2E	R-HSA-5655253
Translesion synthesis by POLK	1	UBB	R-HSA-5655862
Translesion synthesis by POLI	1	UBB	R-HSA-5656121
RHO GTPases Activate Formins	1	ACTB,ACTG1,RHOC	R-HSA-5663220
RHO GTPases Activate Rhotekin and Rhophilins	1	RHOC	R-HSA-5666185
RHO GTPases Activate NADPH Oxidases	1	PIN1	R-HSA-5668599
Constitutive Signaling by AKT1 E17K in Cancer	1	MAPKAP1	R-HSA-5674400
Negative regulation of MAPK pathway	1	UBB	R-HSA-5675221
Regulation of necroptotic cell death	1	UBB	R-HSA-5675482
MAPK family signaling cascades	1	PSMA7,PSMB5,PSMB7,PSMC4,PSMC5,PSMD4,PTK2,UBB	R-HSA-5683057
MAP3K8 (TPL2)-dependent MAPK1/3 activation	1	UBB	R-HSA-5684264
HDR through Homologous Recombination (HRR)	1	POLD2,UBB	R-HSA-5685942
Metalloprotease DUBs	1	UBB	R-HSA-5689901
DNA Double-Strand Break Repair	1	POLD2,PPP4C,UBB,UBE2I,XRCC5	R-HSA-5693532
Homology Directed Repair	1	POLD2,PPP4C,UBB,UBE2I	R-HSA-5693538
Recruitment and ATM-mediated phosphorylation of repair and signaling proteins at DNA double strand breaks	1	UBB,UBE2I	R-HSA-5693565
HDR through Homologous Recombination (HRR) or Single Strand Annealing (SSA)	1	POLD2,PPP4C,UBB,UBE2I	R-HSA-5693567
Nonhomologous End-Joining (NHEJ)	1	XRCC5	R-HSA-5693571
DNA Double Strand Break Response	1	UBB,UBE2I	R-HSA-5693606
Processing of DNA double-strand break ends	1	PPP4C,UBB,UBE2I	R-HSA-5693607
Dual Incision in GG-NER	1	POLD2,UBB	R-HSA-5696400
Deposition of new CENPA-containing nucleosomes at the centromere	1	RBBP4	R-HSA-606279
RNA Polymerase II Pre-transcription Events	1	NELFCD,POLR2E,WDR61	R-HSA-674695
tRNA modification in the nucleus and cytosol	1	QTRT1	R-HSA-6782315
Fanconi Anemia Pathway	1	UBB	R-HSA-6783310
Interleukin-4 and Interleukin-13 signaling	1	HSPA8	R-HSA-6785807
rRNA modification in the nucleus and cytosol	1	IMP3,RRP9	R-HSA-6790901
Major pathway of rRNA processing in the nucleolus and cytosol	1	IMP3,RRP9	R-HSA-6791226
Neurexins and neuroligins	1	DBNL	R-HSA-6794361
Protein-protein interactions at synapses	1	DBNL,RTN3	R-HSA-6794362
TP53 Regulates Transcription of DNA Repair Genes	1	NELFCD,POLR2E	R-HSA-6796648
Regulation of TP53 Activity through Phosphorylation	1	PIN1,UBB	R-HSA-6804756
Keratinization	1	CAPN1,JUP,KRT18,KRT19,KRT8	R-HSA-6805567
Regulation of TP53 Expression and Degradation	1	MAPKAP1,UBB	R-HSA-6806003
Negative regulation of MET activity	1	UBB	R-HSA-6807004
RNA polymerase II transcribes snRNA genes	1	INTS14,POLR2E	R-HSA-6807505
Formation of the cornified envelope	1	CAPN1,JUP	R-HSA-6809371
Intra-Golgi traffic	1	ARF1	R-HSA-6811438
PI5P Regulates TP53 Acetylation	1	PIN1	R-HSA-6811555
Cooperation of PDCL (PhLP1) and TRiC/CCT in G-protein beta folding	1	CCT7	R-HSA-6814122
Mitotic Prometaphase	1	DCTN2	R-HSA-68877
M Phase	1	CHMP2A,DCTN2,PSMA7,PSMB5,PSMB7,PSMC4,PSMC5,PSMD4,UBB,UBE2I	R-HSA-68886
Polymerase switching	1	POLD2	R-HSA-69091
Leading Strand Synthesis	1	POLD2	R-HSA-69109
Removal of the Flap Intermediate	1	POLD2	R-HSA-69166
Processive synthesis on the lagging strand	1	POLD2	R-HSA-69183
Lagging Strand Synthesis	1	POLD2	R-HSA-69186
DNA strand elongation	1	POLD2	R-HSA-69190
G1/S-Specific Transcription	1	RBBP4	R-HSA-69205
Cyclin D associated events in G1	1	CDK4,UBB	R-HSA-69231
G1 Phase	1	CDK4,UBB	R-HSA-69236
Cell Cycle, Mitotic	1	CDK4,CHMP2A,DCTN2,POLD2,PSMA7,PSMB5,PSMB7,PSMC4,PSMC5,PSMD4,RBBP4,UBB,UBE2I	R-HSA-69278
Cell Cycle Checkpoints	1	PSMA7,PSMB5,PSMB7,PSMC4,PSMC5,PSMD4,UBB	R-HSA-69620
Pyruvate metabolism	1	DLD	R-HSA-70268
Lysine catabolism	1	DLD	R-HSA-71064
Pentose phosphate pathway	1	TALDO1	R-HSA-71336
Pyruvate metabolism and Citric Acid (TCA) cycle	1	DLD,IDH3G	R-HSA-71406
mRNA Capping	1	POLR2E	R-HSA-72086
U12 Dependent Splicing	1	POLR2E	R-HSA-72165
mRNA 3'-end processing	1	THOC3,THOC6	R-HSA-72187
Transport of Mature Transcript to Cytoplasm	1	THOC3,THOC6	R-HSA-72202
tRNA processing	1	QTRT1	R-HSA-72306
rRNA processing	1	IMP3,RRP9	R-HSA-72312
Eukaryotic Translation Termination	1	APEH	R-HSA-72764
Transport of nucleotide sugars	1	SLC35B2	R-HSA-727802
RNA Polymerase I Transcription Initiation	1	POLR2E,RBBP4	R-HSA-73762
RNA Polymerase I Promoter Escape	1	POLR2E	R-HSA-73772
RNA Polymerase II Promoter Escape	1	POLR2E	R-HSA-73776
RNA Polymerase II Transcription Pre-Initiation And Promoter Opening	1	POLR2E	R-HSA-73779
RNA Polymerase III Chain Elongation	1	POLR2E	R-HSA-73780
Purine ribonucleoside monophosphate biosynthesis	1	IMPDH2	R-HSA-73817
RNA Polymerase I Promoter Clearance	1	POLR2E,RBBP4	R-HSA-73854
RNA Polymerase II Transcription Termination	1	THOC3,THOC6	R-HSA-73856
RNA Polymerase II Transcription	1	CDK4,GPI,INTS14,KMT2E,MAPKAP1,NELFCD,NR1H2,PIN1,POLR2E,PRDX2,PRMT6,PSMA7,PSMB5,PSMB7,PSMC4,PSMC5,PSMD4,RBBP4,THOC3,THOC6,TIGAR,TTC5,UBB,UBE2I,WDR61	R-HSA-73857
RNA Polymerase I Transcription Termination	1	POLR2E	R-HSA-73863
RNA Polymerase I Transcription	1	POLR2E,RBBP4	R-HSA-73864
Base Excision Repair	1	MPG,NTHL1,POLD2	R-HSA-73884
Chromosome Maintenance	1	POLD2,POLR2E,RBBP4	R-HSA-73886
Death Receptor Signalling	1	TRIO,UBB	R-HSA-73887
Depurination	1	MPG	R-HSA-73927
Depyrimidination	1	NTHL1	R-HSA-73928
Base-Excision Repair, AP Site Formation	1	MPG,NTHL1	R-HSA-73929
RNA Polymerase III Transcription Termination	1	POLR2E	R-HSA-73980
RNA Polymerase III Transcription	1	POLR2E	R-HSA-74158
Gene expression (Transcription)	1	ACTB,CDK4,GPI,INTS14,KMT2E,MAPKAP1,NELFCD,NR1H2,PIN1,POLR2E,PRDX2,PRKRA,PRMT6,PSMA7,PSMB5,PSMB7,PSMC4,PSMC5,PSMD4,RBBP4,THOC3,THOC6,TIGAR,TTC5,UBB,UBE2I,WDR61	R-HSA-74160
Purine salvage	1	APRT	R-HSA-74217
RNA Polymerase III Abortive And Retractive Initiation	1	POLR2E	R-HSA-749476
Fatty acyl-CoA biosynthesis	1	ELOVL1,TECR	R-HSA-75105
TNF signaling	1	UBB	R-HSA-75893
RNA Polymerase II Transcription Initiation	1	POLR2E	R-HSA-75953
Platelet Aggregation (Plug Formation)	1	PTK2	R-HSA-76009
RNA Polymerase II Transcription Initiation And Promoter Clearance	1	POLR2E	R-HSA-76042
RNA Polymerase III Transcription Initiation	1	POLR2E	R-HSA-76046
RNA Polymerase III Transcription Initiation From Type 1 Promoter	1	POLR2E	R-HSA-76061
RNA Polymerase III Transcription Initiation From Type 2 Promoter	1	POLR2E	R-HSA-76066
RNA Polymerase III Transcription Initiation From Type 3 Promoter	1	POLR2E	R-HSA-76071
RNA Pol II CTD phosphorylation and interaction with CE	1	POLR2E	R-HSA-77075
mitochondrial fatty acid beta-oxidation of saturated fatty acids	1	ECHS1	R-HSA-77286
Mitochondrial Fatty Acid Beta-Oxidation	1	ECHS1,PCCB	R-HSA-77289
Nucleosome assembly	1	RBBP4	R-HSA-774815
Interferon gamma signaling	1	TRIM26	R-HSA-877300
Advanced glycosylation endproduct receptor signaling	1	DDOST	R-HSA-879415
PTK6 Regulates RTKs and Their Effectors AKT1 and DOK1	1	UBB	R-HSA-8849469
Synaptic adhesion-like molecules	1	RTN3	R-HSA-8849932
Signaling by FGFR2 IIIa TM	1	POLR2E	R-HSA-8851708
TBC/RABGAPs	1	RAB7A	R-HSA-8854214
AURKA Activation by TPX2	1	DCTN2	R-HSA-8854518
Downregulation of ERBB2 signaling	1	UBB	R-HSA-8863795
Transcriptional regulation by the AP-2 (TFAP2) family of transcription factors	1	UBE2I	R-HSA-8864260
Negative regulation of activity of TFAP2 (AP-2) family transcription factors	1	UBE2I	R-HSA-8866904
rRNA processing in the nucleus and cytosol	1	IMP3,RRP9	R-HSA-8868773
RAB geranylgeranylation	1	RAB7A	R-HSA-8873719
MET activates PTK2 signaling	1	PTK2	R-HSA-8874081
InlB-mediated entry of Listeria monocytogenes into host cell	1	UBB	R-HSA-8875360
MET promotes cell motility	1	PTK2	R-HSA-8875878
RAB GEFs exchange GTP for GDP on RABs	1	RAB7A,TRAPPC6A	R-HSA-8876198
Listeria monocytogenes entry into host cells	1	UBB	R-HSA-8876384
InlA-mediated entry of Listeria monocytogenes into host cells	1	UBB	R-HSA-8876493
GABA synthesis, release, reuptake and degradation	1	HSPA8	R-HSA-888590
RUNX1 regulates genes involved in megakaryocyte differentiation and platelet function	1	KMT2E,PRMT6	R-HSA-8936459
ESR-mediated signaling	1	CTSD,POLR2E,PTK2,USF2	R-HSA-8939211
Regulation of PTEN gene transcription	1	RBBP4	R-HSA-8943724
Regulation of PTEN localization	1	UBB	R-HSA-8948747
Cristae formation	1	ATP5F1B	R-HSA-8949613
Transcriptional Regulation by E2F6	1	RBBP4	R-HSA-8953750
Nucleobase biosynthesis	1	IMPDH2	R-HSA-8956320
Nucleotide salvage	1	APRT	R-HSA-8956321
Post-translational protein phosphorylation	1	FUCA2,GOLM1,NUCB1	R-HSA-8957275
Metabolism of steroids	1	MVD,UBE2I	R-HSA-8957322
LDL clearance	1	AP2M1	R-HSA-8964038
Glutamate and glutamine metabolism	1	GLUL	R-HSA-8964539
Fatty acid metabolism	1	ECHS1,ELOVL1,GPX4,PCCB,TECR	R-HSA-8978868
Triglyceride metabolism	1	PPP1CA	R-HSA-8979227
Glycogen metabolism	1	UBB	R-HSA-8982491
OAS antiviral response	1	FLNA	R-HSA-8983711
Signaling by Nuclear Receptors	1	CRABP2,CTSD,DLD,NR1H2,POLR2E,PTK2,USF2	R-HSA-9006931
Signaling by TGFB family members	1	PPP1CA,UBB	R-HSA-9006936
Rab regulation of trafficking	1	RAB7A,TRAPPC6A	R-HSA-9007101
Interleukin-37 signaling	1	SIGIRR	R-HSA-9008059
Extra-nuclear estrogen signaling	1	PTK2	R-HSA-9009391
ER Quality Control Compartment (ERQC)	1	UBB	R-HSA-901032
Calnexin/calreticulin cycle	1	UBB	R-HSA-901042
Signaling by NOTCH3	1	UBB	R-HSA-9012852
NOTCH3 Activation and Transmission of Signal to the Nucleus	1	UBB	R-HSA-9013507
TICAM1-dependent activation of IRF3/IRF7	1	UBB	R-HSA-9013973
TICAM1,TRAF6-dependent induction of TAK1 complex	1	UBB	R-HSA-9014325
Estrogen-dependent gene expression	1	CTSD,POLR2E,USF2	R-HSA-9018519
LXR-mediated signaling	1	NR1H2	R-HSA-9024446
LXRs regulate gene expression linked to cholesterol transport and efflux	1	NR1H2	R-HSA-9029569
NGF-stimulated transcription	1	ID3	R-HSA-9031628
Peroxisomal protein import	1	UBB	R-HSA-9033241
Meiotic recombination	1	CDK4	R-HSA-912446
Interferon Signaling	1	EIF4G2,FLNA,PIN1,TRIM26,UBB	R-HSA-913531
TRAF3-dependent IRF activation pathway	1	MAVS	R-HSA-918233
TRAF6 mediated IRF7 activation	1	MAVS	R-HSA-933541
TRAF6 mediated NF-kB activation	1	MAVS	R-HSA-933542
NF-kB activation through FADD/RIP-1 pathway mediated by caspase-8 and -10	1	MAVS	R-HSA-933543
Ion transport by P-type ATPases	1	ATP1A1	R-HSA-936837
Activation of IRF3/IRF7 mediated by TBK1/IKK epsilon	1	UBB	R-HSA-936964
IKK complex recruitment mediated by RIP1	1	UBB	R-HSA-937041
IRAK2 mediated activation of TAK1 complex	1	UBB	R-HSA-937042
TRIF(TICAM1)-mediated TLR4 signaling	1	UBB	R-HSA-937061
TRAF6-mediated induction of TAK1 complex within TLR4 complex	1	UBB	R-HSA-937072
FLT3 Signaling	1	PSMA7,PSMB5,PSMB7,PSMC4,PSMC5,PSMD4,PTK2,UBB	R-HSA-9607240
Insertion of tail-anchored proteins into the endoplasmic reticulum membrane	1	GET1	R-HSA-9609523
HCMV Infection	1	CHMP2A,RBBP4,SNF8,TSG101	R-HSA-9609646
HCMV Early Events	1	RBBP4	R-HSA-9609690
HCMV Late Events	1	CHMP2A,SNF8,TSG101	R-HSA-9610379
Lipophagy	1	HSPA8	R-HSA-9613354
Postmitotic nuclear pore complex (NPC) reformation	1	UBE2I	R-HSA-9615933
Transcriptional regulation of granulopoiesis	1	CDK4	R-HSA-9616222
LXRs regulate gene expression to control bile acid homeostasis	1	NR1H2	R-HSA-9623433
Estrogen-dependent nuclear events downstream of ESR-membrane signaling	1	PTK2	R-HSA-9634638
Amino acids regulate mTORC1	1	ATP6V0B,ATP6V0D1	R-HSA-9639288
ALPK1 signaling pathway	1	UBB	R-HSA-9645460
Leishmania infection	1	ACTB,ACTG1,ARPC1A,ARPC1B,PTK2	R-HSA-9658195
Aberrant regulation of mitotic G1/S transition in cancer due to RB1 defects	1	CDK4	R-HSA-9659787
Defective binding of RB1 mutants to E2F1,(E2F2, E2F3)	1	CDK4	R-HSA-9661069
Pexophagy	1	UBB	R-HSA-9664873
Sealing of the nuclear envelope (NE) by ESCRT-III	1	CHMP2A	R-HSA-9668328
Inhibition of DNA recombination at telomere	1	POLR2E	R-HSA-9670095
Diseases of mitotic cell cycle	1	CDK4	R-HSA-9675126
Diseases of DNA repair	1	NTHL1	R-HSA-9675135
Translation of Replicase and Assembly of the Replication Transcription Complex	1	CHMP2A	R-HSA-9679504
Maturation of nucleoprotein	1	UBE2I	R-HSA-9683610
Aberrant regulation of mitotic cell cycle due to RB1 defects	1	CDK4	R-HSA-9687139
Maturation of nucleoprotein	1	UBE2I	R-HSA-9694631
Translation of Replicase and Assembly of the Replication Transcription Complex	1	CHMP2A	R-HSA-9694676
TRAF6 mediated induction of NFkB and MAP kinases upon TLR7/8 or 9 activation	1	UBB	R-HSA-975138
MyD88 dependent cascade initiated on endosome	1	UBB	R-HSA-975155
IRAK2 mediated activation of TAK1 complex upon TLR7/8 or 9 stimulation	1	UBB	R-HSA-975163
MyD88 cascade initiated on plasma membrane	1	UBB	R-HSA-975871
Amyloid fiber formation	1	GSN,UBB	R-HSA-977225
Factors involved in megakaryocyte development and platelet production	1	CAPZB	R-HSA-983231
Ion channel transport	1	ATP1A1,ATP6AP1,ATP6V0B,ATP6V0D1,UBB	R-HSA-983712