Cell Cycle	1.0992063166161144e-39	AURKA,BARD1,BIRC5,BUB1,CCNA2,CCNB1,CCNB2,CDC20,CDC25C,CDCA8,CDT1,CENPE,CENPF,CENPH,CENPN,CENPU,CENPW,CKS1B,DBF4,GINS2,H2AZ1,H2AZ2,HMMR,KIF20A,MAD2L1,MCM7,MYBL2,NCAPG2,NDC80,NUF2,NUP107,NUP35,PLK1,PTTG1,RAD21,RAD51C,RFC2,RFC3,RPA3,SMC1A,SMC2,SPDL1,SYNE2,TOP2A,TPX2,TUBA1C,TUBB,TUBB2B,TUBB4B,TYMS,UBE2C,VRK1,ZWILCH	R-HSA-1640170
Cell Cycle, Mitotic	6.43801776690925e-39	AURKA,BIRC5,BUB1,CCNA2,CCNB1,CCNB2,CDC20,CDC25C,CDCA8,CDT1,CENPE,CENPF,CENPH,CENPN,CENPU,CKS1B,DBF4,GINS2,H2AZ1,H2AZ2,HMMR,KIF20A,MAD2L1,MCM7,MYBL2,NCAPG2,NDC80,NUF2,NUP107,NUP35,PLK1,PTTG1,RAD21,RFC2,RFC3,RPA3,SMC1A,SMC2,SPDL1,TOP2A,TPX2,TUBA1C,TUBB,TUBB2B,TUBB4B,TYMS,UBE2C,VRK1,ZWILCH	R-HSA-69278
M Phase	1.1941262816113706e-22	BIRC5,BUB1,CCNB1,CCNB2,CDC20,CDCA8,CENPE,CENPF,CENPH,CENPN,CENPU,H2AZ1,H2AZ2,KIF20A,MAD2L1,NCAPG2,NDC80,NUF2,NUP107,NUP35,PLK1,PTTG1,RAD21,SMC1A,SMC2,SPDL1,TUBA1C,TUBB,TUBB2B,TUBB4B,UBE2C,VRK1,ZWILCH	R-HSA-68886
Mitotic Metaphase and Anaphase	2.1969635054462725e-22	BIRC5,BUB1,CCNB1,CCNB2,CDC20,CDCA8,CENPE,CENPF,CENPH,CENPN,CENPU,MAD2L1,NDC80,NUF2,NUP107,NUP35,PLK1,PTTG1,RAD21,SMC1A,SPDL1,TUBA1C,TUBB2B,TUBB4B,UBE2C,VRK1,ZWILCH	R-HSA-2555396
Mitotic Anaphase	2.4364861136940833e-22	BIRC5,BUB1,CCNB1,CCNB2,CDC20,CDCA8,CENPE,CENPF,CENPH,CENPN,CENPU,MAD2L1,NDC80,NUF2,NUP107,NUP35,PLK1,PTTG1,RAD21,SMC1A,SPDL1,TUBA1C,TUBB2B,TUBB4B,UBE2C,VRK1,ZWILCH	R-HSA-68882
Resolution of Sister Chromatid Cohesion	3.009543643366266e-20	BIRC5,BUB1,CCNB1,CCNB2,CDC20,CDCA8,CENPE,CENPF,CENPH,CENPN,CENPU,MAD2L1,NDC80,NUF2,NUP107,PLK1,RAD21,SMC1A,SPDL1,ZWILCH	R-HSA-2500257
Cell Cycle Checkpoints	1.0113618558055738e-19	BARD1,BIRC5,BUB1,CCNA2,CCNB1,CCNB2,CDC20,CDC25C,CDCA8,CENPE,CENPF,CENPH,CENPN,CENPU,DBF4,MAD2L1,MCM7,NDC80,NUF2,NUP107,PLK1,RFC2,RFC3,RPA3,SPDL1,UBE2C,ZWILCH	R-HSA-69620
Mitotic Prometaphase	2.6187833761764214e-19	BIRC5,BUB1,CCNB1,CCNB2,CDC20,CDCA8,CENPE,CENPF,CENPH,CENPN,CENPU,MAD2L1,NDC80,NUF2,NUP107,PLK1,RAD21,SMC1A,SMC2,SPDL1,TUBB,TUBB4B,ZWILCH	R-HSA-68877
Separation of Sister Chromatids	4.200299197190372e-16	BIRC5,BUB1,CDC20,CDCA8,CENPE,CENPF,CENPH,CENPN,CENPU,MAD2L1,NDC80,NUF2,NUP107,PLK1,PTTG1,RAD21,SMC1A,SPDL1,UBE2C,ZWILCH	R-HSA-2467813
Mitotic Spindle Checkpoint	1.7082530284490347e-15	BIRC5,BUB1,CDC20,CDCA8,CENPE,CENPF,CENPH,CENPN,CENPU,MAD2L1,NDC80,NUF2,NUP107,PLK1,SPDL1,UBE2C,ZWILCH	R-HSA-69618
Amplification of signal from the kinetochores	2.7015100805717715e-15	BIRC5,BUB1,CDC20,CDCA8,CENPE,CENPF,CENPH,CENPN,CENPU,MAD2L1,NDC80,NUF2,NUP107,PLK1,SPDL1,ZWILCH	R-HSA-141424
Amplification of signal from unattached kinetochores via a MAD2 inhibitory signal	2.7015100805717715e-15	BIRC5,BUB1,CDC20,CDCA8,CENPE,CENPF,CENPH,CENPN,CENPU,MAD2L1,NDC80,NUF2,NUP107,PLK1,SPDL1,ZWILCH	R-HSA-141444
EML4 and NUDC in mitotic spindle formation	4.608857791538601e-15	BIRC5,BUB1,CDC20,CDCA8,CENPE,CENPF,CENPH,CENPN,CENPU,MAD2L1,NDC80,NUF2,NUP107,PLK1,SPDL1,ZWILCH	R-HSA-9648025
RHO GTPases Activate Formins	1.0706912222758802e-13	BIRC5,BUB1,CDC20,CDCA8,CENPE,CENPF,CENPH,CENPN,CENPU,MAD2L1,NDC80,NUF2,NUP107,PLK1,SPDL1,ZWILCH	R-HSA-5663220
RHO GTPase Effectors	1.7216379993383058e-12	BIRC5,BUB1,CALM2,CDC20,CDC25C,CDCA8,CENPE,CENPF,CENPH,CENPN,CENPU,H2AZ1,H2AZ2,MAD2L1,NDC80,NUF2,NUP107,PLK1,PRC1,SPDL1,ZWILCH	R-HSA-195258
Signaling by Rho GTPases	1.828355536954644e-11	ARHGAP11A,BIRC5,BUB1,CALM2,CDC20,CDC25C,CDCA8,CENPE,CENPF,CENPH,CENPN,CENPU,H2AZ1,H2AZ2,MAD2L1,NDC80,NUF2,NUP107,PLK1,PRC1,RACGAP1,SPDL1,ZWILCH	R-HSA-194315
Polo-like kinase mediated events	2.0330879004888584e-7	CCNB1,CCNB2,CDC25C,CENPF,MYBL2,PLK1	R-HSA-156711
G2/M Transition	0.000001915347706552264	AURKA,CCNA2,CCNB1,CCNB2,CDC25C,CENPF,HMMR,MYBL2,PLK1,TPX2,TUBB,TUBB4B	R-HSA-69275
Mitotic G2-G2/M phases	0.0000020530807962077506	AURKA,CCNA2,CCNB1,CCNB2,CDC25C,CENPF,HMMR,MYBL2,PLK1,TPX2,TUBB,TUBB4B	R-HSA-453274
S Phase	0.000005662861869712047	CCNA2,CDT1,CKS1B,GINS2,MCM7,RAD21,RFC2,RFC3,RPA3,SMC1A,UBE2C	R-HSA-69242
Nuclear Envelope (NE) Reassembly	0.0000064916312909954505	CCNB1,CCNB2,NUP107,NUP35,TUBA1C,TUBB2B,TUBB4B,VRK1	R-HSA-2995410
Mitotic Prophase	0.000009001949727481382	CCNB1,CCNB2,H2AZ1,H2AZ2,NCAPG2,NUP107,NUP35,PLK1,SMC2,VRK1	R-HSA-68875
Chromosome Maintenance	0.000013950158107083283	CCNA2,CENPH,CENPN,CENPU,CENPW,H2AZ1,H2AZ2,RFC2,RFC3,RPA3	R-HSA-73886
Mitotic G1 phase and G1/S transition	0.000021095429470568358	CCNA2,CCNB1,CDT1,CKS1B,DBF4,MCM7,MYBL2,RPA3,TOP2A,TYMS	R-HSA-453279
Activation of ATR in response to replication stress	0.00003520255954186411	CDC25C,DBF4,MCM7,RFC2,RFC3,RPA3	R-HSA-176187
APC/C-mediated degradation of cell cycle proteins	0.00003574830730368811	AURKA,CCNA2,CCNB1,CDC20,MAD2L1,PLK1,PTTG1,UBE2C	R-HSA-174143
Regulation of mitotic cell cycle	0.00003574830730368811	AURKA,CCNA2,CCNB1,CDC20,MAD2L1,PLK1,PTTG1,UBE2C	R-HSA-453276
DNA Replication	0.00005449579901371442	CCNA2,CDT1,DBF4,GINS2,MCM7,RFC2,RFC3,RPA3,UBE2C	R-HSA-69306
SUMO E3 ligases SUMOylate target proteins	0.00006457203702282105	AURKA,BIRC5,CBX5,CDCA8,DNMT1,NUP107,NUP35,RAD21,SMC1A,TOP2A	R-HSA-3108232
SUMOylation of DNA replication proteins	0.00006637342429396125	AURKA,BIRC5,CDCA8,NUP107,NUP35,TOP2A	R-HSA-4615885
SUMOylation	0.00008573046455384263	AURKA,BIRC5,CBX5,CDCA8,DNMT1,NUP107,NUP35,RAD21,SMC1A,TOP2A	R-HSA-2990846
Cyclin A/B1/B2 associated events during G2/M transition	0.00009160579683148156	CCNA2,CCNB1,CCNB2,CDC25C,PLK1	R-HSA-69273
Nuclear Envelope Breakdown	0.00010158335379692366	CCNB1,CCNB2,NUP107,NUP35,PLK1,VRK1	R-HSA-2980766
Activation of APC/C and APC/C:Cdc20 mediated degradation of mitotic proteins	0.00015204818871672785	CCNA2,CCNB1,CDC20,MAD2L1,PLK1,PTTG1,UBE2C	R-HSA-176814
cell division	0.00016197392687786397	KIF20A,PLK1,RAD21,SMC1A	R-HSA-68884
Synthesis of DNA	0.00027575071942837344	CCNA2,CDT1,GINS2,MCM7,RFC2,RFC3,RPA3,UBE2C	R-HSA-69239
DNA strand elongation	0.00028765375254170047	GINS2,MCM7,RFC2,RFC3,RPA3	R-HSA-69190
G2/M Checkpoints	0.0003864091951361223	BARD1,CCNB1,CCNB2,CDC25C,DBF4,MCM7,RFC2,RFC3,RPA3	R-HSA-69481
Regulation of TP53 Activity through Phosphorylation	0.00043942417271644103	AURKA,BARD1,CCNA2,RFC2,RFC3,RPA3,TPX2	R-HSA-6804756
G1/S Transition	0.00047662558490117865	CCNA2,CCNB1,CDT1,CKS1B,DBF4,MCM7,RPA3,TYMS	R-HSA-69206
Phosphorylation of Emi1	0.0005314207097310976	CCNB1,CDC20,PLK1	R-HSA-176417
Presynaptic phase of homologous DNA pairing and strand exchange	0.0006940623117765823	BARD1,RAD51C,RFC2,RFC3,RPA3	R-HSA-5693616
Activation of NIMA Kinases NEK9, NEK6, NEK7	0.0008817140605012927	CCNB1,CCNB2,PLK1	R-HSA-2980767
Homologous DNA Pairing and Strand Exchange	0.0009610034032600127	BARD1,RAD51C,RFC2,RFC3,RPA3	R-HSA-5693579
AURKA Activation by TPX2	0.0010566707566870347	AURKA,HMMR,PLK1,TPX2,TUBB,TUBB4B	R-HSA-8854518
Condensation of Prophase Chromosomes	0.001119277173494643	CCNB1,H2AZ1,H2AZ2,NCAPG2,PLK1,SMC2	R-HSA-2299718
Deposition of new CENPA-containing nucleosomes at the centromere	0.0011600385852480015	CENPH,CENPN,CENPU,CENPW,H2AZ1,H2AZ2	R-HSA-606279
Nucleosome assembly	0.0011600385852480015	CENPH,CENPN,CENPU,CENPW,H2AZ1,H2AZ2	R-HSA-774815
Transcriptional Regulation by TP53	0.0011630918919973688	AURKA,BARD1,BIRC5,CCNA2,CCNB1,CDC25C,NELFE,RFC2,RFC3,RHEB,RPA3,TPX2	R-HSA-3700989
APC/C:Cdc20 mediated degradation of mitotic proteins	0.0012979640765538392	CCNA2,CCNB1,CDC20,MAD2L1,PTTG1,UBE2C	R-HSA-176409
Meiosis	0.0015381072325486476	H2AZ1,H2AZ2,RAD21,RAD51C,RPA3,SMC1A,SYNE2	R-HSA-1500620
Regulation of APC/C activators between G1/S and early anaphase	0.0017959376301175496	CCNA2,CCNB1,CDC20,MAD2L1,PLK1,UBE2C	R-HSA-176408
Regulation of PLK1 Activity at G2/M Transition	0.0024744394523678434	AURKA,CCNB1,CCNB2,PLK1,TUBB,TUBB4B	R-HSA-2565942
Condensation of Prometaphase Chromosomes	0.003235707948326274	CCNB1,CCNB2,SMC2	R-HSA-2514853
G2/M DNA damage checkpoint	0.004167806398512484	BARD1,CCNB1,CDC25C,RFC2,RFC3,RPA3	R-HSA-69473
Nuclear Pore Complex (NPC) Disassembly	0.004545918152273216	CCNB1,CCNB2,NUP107,NUP35	R-HSA-3301854
Reproduction	0.004767241475672766	H2AZ1,H2AZ2,RAD21,RAD51C,RPA3,SMC1A,SYNE2	R-HSA-1474165
Activation of the pre-replicative complex	0.004964916033066664	CDT1,DBF4,MCM7,RPA3	R-HSA-68962
Golgi Cisternae Pericentriolar Stack Reorganization	0.005075434218529834	CCNB1,CCNB2,PLK1	R-HSA-162658
HDR through Homologous Recombination (HRR)	0.006865105494957022	BARD1,RAD51C,RFC2,RFC3,RPA3	R-HSA-5685942
HDR through Single Strand Annealing (SSA)	0.007440060263421219	BARD1,RFC2,RFC3,RPA3	R-HSA-5685938
Telomere Maintenance	0.0091670081062048	CCNA2,H2AZ1,H2AZ2,RFC2,RFC3,RPA3	R-HSA-157579
Translesion synthesis by REV1	0.009297824542220296	RFC2,RFC3,RPA3	R-HSA-110312
Initiation of Nuclear Envelope (NE) Reformation	0.009297824542220296	CCNB1,CCNB2,VRK1	R-HSA-2995383
Regulation of TP53 Activity	0.009298372274075333	AURKA,BARD1,CCNA2,RFC2,RFC3,RPA3,TPX2	R-HSA-5633007
APC/C:Cdh1 mediated degradation of Cdc20 and other APC/C:Cdh1 targeted proteins in late mitosis/early G1	0.00997382092339961	AURKA,CDC20,PLK1,PTTG1,UBE2C	R-HSA-174178
Gene expression (Transcription)	0.010077784555319652	AURKA,BARD1,BIRC5,CALM2,CBX5,CCNA2,CCNB1,CDC25C,DDX39A,DEK,DNMT1,H2AZ1,H2AZ2,MYBL1,MYBL2,NELFE,NUP107,NUP35,RFC2,RFC3,RHEB,RPA3,TPX2,UBE2C	R-HSA-74160
Translesion synthesis by POLK	0.010235957900306002	RFC2,RFC3,RPA3	R-HSA-5655862
Translesion synthesis by POLI	0.010235957900306002	RFC2,RFC3,RPA3	R-HSA-5656121
Kinesins	0.01066604080767392	CENPE,KIF20A,KIF4A,RACGAP1	R-HSA-983189
Meiotic synapsis	0.011165135253723833	H2AZ1,H2AZ2,RAD21,SMC1A,SYNE2	R-HSA-1221632
TP53 Regulates Transcription of Genes Involved in G2 Cell Cycle Arrest	0.011535340214940445	AURKA,CCNB1,CDC25C	R-HSA-6804114
Translesion Synthesis by POLH	0.01343441286417787	RFC2,RFC3,RPA3	R-HSA-110320
Phosphorylation of the APC/C	0.015503748310221431	CCNB1,PLK1,UBE2C	R-HSA-176412
Lagging Strand Synthesis	0.015503748310221431	RFC2,RFC3,RPA3	R-HSA-69186
TP53 Regulates Transcription of Cell Cycle Genes	0.016480166689978627	AURKA,CCNA2,CCNB1,CDC25C	R-HSA-6791312
HDR through Homologous Recombination (HRR) or Single Strand Annealing (SSA)	0.01715392669955279	BARD1,CCNA2,RAD51C,RFC2,RFC3,RPA3	R-HSA-5693567
Inhibition of the proteolytic activity of APC/C required for the onset of anaphase by mitotic spindle checkpoint components	0.017285067283097273	CDC20,MAD2L1,UBE2C	R-HSA-141405
Inactivation of APC/C via direct inhibition of the APC/C complex	0.017285067283097273	CDC20,MAD2L1,UBE2C	R-HSA-141430
PCNA-Dependent Long Patch Base Excision Repair	0.017285067283097273	RFC2,RFC3,RPA3	R-HSA-5651801
G2/M DNA replication checkpoint	0.017624152512204356	CCNB1,CCNB2	R-HSA-69478
Post-chaperonin tubulin folding pathway	0.018688067169094408	TUBA1C,TUBB2B,TUBB4B	R-HSA-389977
Extension of Telomeres	0.01903850841553828	CCNA2,RFC2,RFC3,RPA3	R-HSA-180786
Base Excision Repair	0.019390803922051735	H2AZ1,H2AZ2,RFC2,RFC3,RPA3	R-HSA-73884
Homology Directed Repair	0.0204132765273634	BARD1,CCNA2,RAD51C,RFC2,RFC3,RPA3	R-HSA-5693538
APC/C:Cdc20 mediated degradation of Cyclin B	0.023156164979997656	CCNB1,CDC20,UBE2C	R-HSA-174048
Formation of tubulin folding intermediates by CCT/TriC	0.025865022798985428	TUBA1C,TUBB2B,TUBB4B	R-HSA-389960
Gap-filling DNA repair synthesis and ligation in GG-NER	0.025865022798985428	RFC2,RFC3,RPA3	R-HSA-5696397
Processing of DNA double-strand break ends	0.02693354959033175	BARD1,CCNA2,RFC2,RFC3,RPA3	R-HSA-5693607
Resolution of AP sites via the multiple-nucleotide patch replacement pathway	0.028105130699453487	RFC2,RFC3,RPA3	R-HSA-110373
APC-Cdc20 mediated degradation of Nek2A	0.028105130699453487	CDC20,MAD2L1,UBE2C	R-HSA-179409
Factors involved in megakaryocyte development and platelet production	0.028142264152760436	CBX5,CENPE,KIF20A,KIF4A,RACGAP1,RAD51C	R-HSA-983231
DNA Repair	0.02866864830900206	BARD1,CCNA2,H2AZ1,H2AZ2,RAD51C,RFC2,RFC3,RPA3,UBE2T	R-HSA-73894
G0 and Early G1	0.03010260377601259	CCNA2,MYBL2,TOP2A	R-HSA-1538133
Prefoldin mediated transfer of substrate to CCT/TriC	0.03317251473003049	TUBA1C,TUBB2B,TUBB4B	R-HSA-389957
Recognition of DNA damage by PCNA-containing replication complex	0.04022716271487441	RFC2,RFC3,RPA3	R-HSA-110314
Rev-mediated nuclear export of HIV RNA	0.043830557833308414	NUP107,NUP35,RANBP1	R-HSA-165054
Sealing of the nuclear envelope (NE) by ESCRT-III	0.043830557833308414	TUBA1C,TUBB2B,TUBB4B	R-HSA-9668328
DNA Double-Strand Break Repair	0.04549108265707293	BARD1,CCNA2,RAD51C,RFC2,RFC3,RPA3	R-HSA-5693532
Cooperation of Prefoldin and TriC/CCT in actin and tubulin folding	0.04665046112586464	TUBA1C,TUBB2B,TUBB4B	R-HSA-389958
Termination of translesion DNA synthesis	0.04665046112586464	RFC2,RFC3,RPA3	R-HSA-5656169
Interactions of Rev with host cellular proteins	0.050027002067189394	NUP107,NUP35,RANBP1	R-HSA-177243
Telomere C-strand (Lagging Strand) Synthesis	0.05403080881372069	RFC2,RFC3,RPA3	R-HSA-174417
SUMOylation of DNA damage response and repair proteins	0.05471212825463096	NUP107,NUP35,RAD21,SMC1A	R-HSA-3108214
Generic Transcription Pathway	0.055018344890020894	AURKA,BARD1,BIRC5,CALM2,CBX5,CCNA2,CCNB1,CDC25C,DEK,H2AZ1,H2AZ2,MYBL2,NELFE,RFC2,RFC3,RHEB,RPA3,TPX2,UBE2C	R-HSA-212436
Cdc20:Phospho-APC/C mediated degradation of Cyclin A	0.05700003234878435	CCNA2,CDC20,MAD2L1,UBE2C	R-HSA-174184
Cohesin Loading onto Chromatin	0.058527381834724154	RAD21,SMC1A	R-HSA-2470946
APC:Cdc20 mediated degradation of cell cycle proteins prior to satisfation of the cell cycle checkpoint	0.05879301124604317	CCNA2,CDC20,MAD2L1,UBE2C	R-HSA-179419
Carboxyterminal post-translational modifications of tubulin	0.060238598640599876	TUBA1C,TUBB2B,TUBB4B	R-HSA-8955332
Resolution of Abasic Sites (AP sites)	0.06459378002388584	RFC2,RFC3,RPA3	R-HSA-73933
RNA Polymerase II Transcription	0.0658571007438369	AURKA,BARD1,BIRC5,CALM2,CBX5,CCNA2,CCNB1,CDC25C,DDX39A,DEK,H2AZ1,H2AZ2,MYBL2,NELFE,RFC2,RFC3,RHEB,RPA3,TPX2,UBE2C	R-HSA-73857
Establishment of Sister Chromatid Cohesion	0.06799332535818559	RAD21,SMC1A	R-HSA-2468052
Translesion synthesis by Y family DNA polymerases bypasses lesions on DNA template	0.07313132657076782	RFC2,RFC3,RPA3	R-HSA-110313
COPI-dependent Golgi-to-ER retrograde traffic	0.07937056044259884	CENPE,KIF20A,KIF4A,RACGAP1	R-HSA-6811434
Gene Silencing by RNA	0.0797426476166825	H2AZ1,H2AZ2,MYBL1,NUP107,NUP35	R-HSA-211000
Unwinding of DNA	0.07975413992953503	GINS2,MCM7	R-HSA-176974
Dual Incision in GG-NER	0.08146642074246227	RFC2,RFC3,RPA3	R-HSA-5696400
DNA Replication Pre-Initiation	0.08874214914980977	CDT1,DBF4,MCM7,RPA3	R-HSA-69002
Apoptosis induced DNA fragmentation	0.08983707726339533	HMGB1,HMGB2	R-HSA-140342
Chk1/Chk2(Cds1) mediated inactivation of Cyclin B:Cdk1 complex	0.08983707726339533	CCNB1,CDC25C	R-HSA-75035
Meiotic recombination	0.09023028966115082	H2AZ1,H2AZ2,RAD51C,RPA3	R-HSA-912446
Polymerase switching	0.10171491538073574	RFC2,RFC3	R-HSA-69091
Leading Strand Synthesis	0.10171491538073574	RFC2,RFC3	R-HSA-69109
Switching of origins to a post-replicative state	0.10759988747712813	CCNA2,CDT1,MCM7,UBE2C	R-HSA-69052
DNA Damage Bypass	0.11896050231433358	RFC2,RFC3,RPA3	R-HSA-73893
Transcription of E2F targets under negative control by p107 (RBL1) and p130 (RBL2) in complex with HDAC1	0.12856059180516927	CCNA2,MYBL2	R-HSA-1362300
Transcriptional regulation by small RNAs	0.1619575429569943	H2AZ1,H2AZ2,NUP107,NUP35	R-HSA-5578749
MHC class II antigen presentation	0.17740124291411805	CENPE,KIF20A,KIF4A,RACGAP1	R-HSA-2132295
Conversion from APC/C:Cdc20 to APC/C:Cdh1 in late anaphase	0.19483399440800434	CDC20,UBE2C	R-HSA-176407
The role of GTSE1 in G2/M progression after G2 checkpoint	0.21001866252156368	CCNB1,CCNB2,PLK1	R-HSA-8852276
Senescence-Associated Secretory Phenotype (SASP)	0.21083487738946535	CCNA2,H2AZ1,H2AZ2,UBE2C	R-HSA-2559582
Post-translational protein modification	0.21313746011846593	AURKA,BARD1,BIRC5,CALM2,CBX5,CCNA2,CDC20,CDCA8,DNMT1,NUP107,NUP35,RAD21,SMC1A,TOP2A,TUBA1C,TUBB2B,TUBB4B,UBE2C,UBE2T	R-HSA-597592
Golgi-to-ER retrograde transport	0.2320817236244107	CENPE,KIF20A,KIF4A,RACGAP1	R-HSA-8856688
DNA methylation	0.25487662988799037	DNMT1,H2AZ1,H2AZ2	R-HSA-5334118
Gap-filling DNA repair synthesis and ligation in TC-NER	0.25487662988799037	RFC2,RFC3,RPA3	R-HSA-6782210
Postmitotic nuclear pore complex (NPC) reformation	0.257406552805146	NUP107,NUP35	R-HSA-9615933
Regulation of HSF1-mediated heat shock response	0.26162691844466235	NUP107,NUP35,RPA3	R-HSA-3371453
SUMOylation of chromatin organization proteins	0.26162691844466235	CBX5,NUP107,NUP35	R-HSA-4551638
Dual incision in TC-NER	0.26162691844466235	RFC2,RFC3,RPA3	R-HSA-6782135
Mitotic Metaphase/Anaphase Transition	0.2665838033292416	PLK1	R-HSA-68881
Interaction between PHLDA1 and AURKA	0.2665838033292416	AURKA	R-HSA-8854521
APC/C:Cdc20 mediated degradation of Securin	0.27138896667099405	CDC20,PTTG1,UBE2C	R-HSA-174154
Loss of Nlp from mitotic centrosomes	0.28017883913933855	PLK1,TUBB,TUBB4B	R-HSA-380259
Loss of proteins required for interphase microtubule organization from the centrosome	0.28017883913933855	PLK1,TUBB,TUBB4B	R-HSA-380284
Polymerase switching on the C-strand of the telomere	0.28764759422422	RFC2,RFC3	R-HSA-174411
Resolution of D-loop Structures through Synthesis-Dependent Strand Annealing (SDSA)	0.28764759422422	BARD1,RAD51C	R-HSA-5693554
Orc1 removal from chromatin	0.2940360843724504	CCNA2,CDT1,MCM7	R-HSA-68949
Transport of Mature mRNA derived from an Intron-Containing Transcript	0.3030594982959075	DDX39A,NUP107,NUP35	R-HSA-159236
PRC2 methylates histones and DNA	0.3121887640749832	DNMT1,H2AZ1,H2AZ2	R-HSA-212300
Transport of Ribonucleoproteins into the Host Nucleus	0.32016307412937883	NUP107,NUP35	R-HSA-168271
NEP/NS2 Interacts with the Cellular Export Machinery	0.32016307412937883	NUP107,NUP35	R-HSA-168333
Regulation of Glucokinase by Glucokinase Regulatory Protein	0.32016307412937883	NUP107,NUP35	R-HSA-170822
Interconversion of nucleotide di- and triphosphates	0.32016307412937883	DTYMK,TYMS	R-HSA-499943
Defective TPR may confer susceptibility towards thyroid papillary carcinoma (TPC)	0.32016307412937883	NUP107,NUP35	R-HSA-5619107
G1/S-Specific Transcription	0.32016307412937883	CDT1,TYMS	R-HSA-69205
Late Phase of HIV Life Cycle	0.33522488870773676	NELFE,NUP107,NUP35,RANBP1	R-HSA-162599
Phosphorylation of proteins involved in the G2/M transition by Cyclin A:Cdc2 complexes	0.3463743340485011	CCNA2	R-HSA-170145
Export of Viral Ribonucleoproteins from Nucleus	0.34849044547989666	NUP107,NUP35	R-HSA-168274
Nuclear import of Rev protein	0.34849044547989666	NUP107,NUP35	R-HSA-180746
Vpr-mediated nuclear import of PICs	0.34849044547989666	NUP107,NUP35	R-HSA-180910
Synthesis of active ubiquitin: roles of E1 and E2 enzymes	0.34849044547989666	UBE2C,UBE2T	R-HSA-8866652
Transcription-Coupled Nucleotide Excision Repair (TC-NER)	0.3531343240120509	RFC2,RFC3,RPA3	R-HSA-6781827
Transport of the SLBP independent Mature mRNA	0.3570128770744649	NUP107,NUP35	R-HSA-159227
SUMOylation of SUMOylation proteins	0.3570128770744649	NUP107,NUP35	R-HSA-4085377
DNA Damage/Telomere Stress Induced Senescence	0.3582328511480235	CCNA2,H2AZ1,H2AZ2	R-HSA-2559586
Recruitment of NuMA to mitotic centrosomes	0.3582328511480235	PLK1,TUBB,TUBB4B	R-HSA-380320
Transport of the SLBP Dependant Mature mRNA	0.363303740116713	NUP107,NUP35	R-HSA-159230
Recruitment of mitotic centrosome proteins and complexes	0.3655268751218142	PLK1,TUBB,TUBB4B	R-HSA-380270
Centrosome maturation	0.3655268751218142	PLK1,TUBB,TUBB4B	R-HSA-380287
Transport of Mature Transcript to Cytoplasm	0.3655268751218142	DDX39A,NUP107,NUP35	R-HSA-72202
Interactions of Vpr with host cellular proteins	0.38255583354707723	NUP107,NUP35	R-HSA-176033
Resolution of D-loop Structures through Holliday Junction Intermediates	0.38255583354707723	BARD1,RAD51C	R-HSA-5693568
Epigenetic regulation of gene expression	0.38608903353374013	DEK,DNMT1,H2AZ1,H2AZ2	R-HSA-212165
Global Genome Nucleotide Excision Repair (GG-NER)	0.38757173157834157	RFC2,RFC3,RPA3	R-HSA-5696399
ESR-mediated signaling	0.3892947204794556	CALM2,H2AZ1,H2AZ2,RAD21,SMC1A	R-HSA-8939211
SUMOylation of ubiquitinylation proteins	0.3929419867945805	NUP107,NUP35	R-HSA-3232142
Resolution of D-Loop Structures	0.3929419867945805	BARD1,RAD51C	R-HSA-5693537
HIV Life Cycle	0.3939928407789086	NELFE,NUP107,NUP35,RANBP1	R-HSA-162587
Estrogen-dependent gene expression	0.3939928407789086	H2AZ1,H2AZ2,RAD21,SMC1A	R-HSA-9018519
Cellular response to heat stress	0.39568630466185667	NUP107,NUP35,RPA3	R-HSA-3371556
Cellular responses to stress	0.4120349392600345	CCNA2,H2AZ1,H2AZ2,NUP107,NUP35,RHEB,RPA3,RPL39L,UBE2C	R-HSA-2262752
Transcriptional regulation of granulopoiesis	0.42712387101263993	DEK,H2AZ1,H2AZ2	R-HSA-9616222
B-WICH complex positively regulates rRNA expression	0.43701999799877267	DEK,H2AZ1,H2AZ2	R-HSA-5250924
NS1 Mediated Effects on Host Pathways	0.43954798016991714	NUP107,NUP35	R-HSA-168276
Metabolism of proteins	0.44378120439656765	AURKA,BARD1,BIRC5,CALM2,CBX5,CCNA2,CDC20,CDCA8,DARS2,DNMT1,EXOSC8,H2AZ1,NUP107,NUP35,RAD21,RPL39L,SMC1A,TOP2A,TUBA1C,TUBB2B,TUBB4B,UBE2C,UBE2T	R-HSA-392499
Cellular responses to external stimuli	0.45405590635816234	CCNA2,H2AZ1,H2AZ2,NUP107,NUP35,RHEB,RPA3,RPL39L,UBE2C	R-HSA-8953897
Transport of Mature mRNA Derived from an Intronless Transcript	0.456687161116458	NUP107,NUP35	R-HSA-159231
Transcriptional regulation by the AP-2 (TFAP2) family of transcription factors	0.456687161116458	DEK,MYBL2	R-HSA-8864260
Chaperonin-mediated protein folding	0.4697932319053825	TUBA1C,TUBB2B,TUBB4B	R-HSA-390466
Transport of Mature mRNAs Derived from Intronless Transcripts	0.4713686525001847	NUP107,NUP35	R-HSA-159234
Viral Messenger RNA Synthesis	0.47851272459049116	NUP107,NUP35	R-HSA-168325
Fanconi Anemia Pathway	0.47851272459049116	RPA3,UBE2T	R-HSA-6783310
RHO GTPases activate PKNs	0.47992251080696924	CDC25C,H2AZ1,H2AZ2	R-HSA-5625740
G2 Phase	0.4803550804043094	CCNA2	R-HSA-68911
TFAP2A acts as a transcriptional repressor during retinoic acid induced cell differentiation	0.4803550804043094	MYBL2	R-HSA-8869496
Loss of phosphorylation of MECP2 at T308	0.4803550804043094	CALM2	R-HSA-9022535
Processing of Capped Intron-Containing Pre-mRNA	0.48649654317141483	DDX39A,HNRNPA2B1,NUP107,NUP35,RBMX	R-HSA-72203
Anchoring of the basal body to the plasma membrane	0.48774278193629983	PLK1,TUBB,TUBB4B	R-HSA-5620912
Signaling Pathways	0.4894658841440698	ARHGAP11A,BIRC5,BUB1,CALM2,CDC20,CDC25C,CDCA8,CENPE,CENPF,CENPH,CENPN,CENPU,DLGAP5,ESRP1,H2AZ1,H2AZ2,MAD2L1,NDC80,NUF2,NUP107,PLK1,PRC1,RACGAP1,RAD21,RHEB,SMC1A,SPDL1,STMN1,ZWILCH	R-HSA-162582
Protein folding	0.5209026301753855	TUBA1C,TUBB2B,TUBB4B	R-HSA-391251
SUMOylation of RNA binding proteins	0.5294449822439287	NUP107,NUP35	R-HSA-4570464
Cam-PDE 1 activation	0.5457808041782987	CALM2	R-HSA-111957
Positive epigenetic regulation of rRNA expression	0.5788510390149346	DEK,H2AZ1,H2AZ2	R-HSA-5250913
NoRC negatively regulates rRNA expression	0.5895485713042234	DNMT1,H2AZ1,H2AZ2	R-HSA-427413
Negative epigenetic regulation of rRNA expression	0.6280029471557572	DNMT1,H2AZ1,H2AZ2	R-HSA-5250941
Nucleotide Excision Repair	0.6531323520075384	RFC2,RFC3,RPA3	R-HSA-5696398
Intra-Golgi and retrograde Golgi-to-ER traffic	0.6590757541405784	CENPE,KIF20A,KIF4A,RACGAP1	R-HSA-6811442
snRNP Assembly	0.6703044658375412	NUP107,NUP35	R-HSA-191859
Non-coding RNA Metabolism	0.6703044658375412	NUP107,NUP35	R-HSA-194441
Apoptotic execution phase	0.6875974451443377	HMGB1,HMGB2	R-HSA-75153
Activation of RAC1 downstream of NMDARs	0.6913240664768399	CALM2	R-HSA-9619229
Packaging Of Telomere Ends	0.7048494882370888	H2AZ1,H2AZ2	R-HSA-171306
tRNA processing in the nucleus	0.7496241234347988	NUP107,NUP35	R-HSA-6784531
Cellular Senescence	0.7553981601785094	CCNA2,H2AZ1,H2AZ2,UBE2C	R-HSA-2559583
Recognition and association of DNA glycosylase with site containing an affected purine	0.7598006903279385	H2AZ1,H2AZ2	R-HSA-110330
Cleavage of the damaged purine	0.7598006903279385	H2AZ1,H2AZ2	R-HSA-110331
Depurination	0.7598006903279385	H2AZ1,H2AZ2	R-HSA-73927
E2F-enabled inhibition of pre-replication complex formation	0.7603423830843593	CCNB1	R-HSA-113507
Uptake and function of anthrax toxins	0.7603423830843593	CALM2	R-HSA-5210891
Host Interactions of HIV factors	0.7964730766588847	NUP107,NUP35,RANBP1	R-HSA-162909
MASTL Facilitates Mitotic Progression	0.8187399164278821	CCNB1	R-HSA-2465910
CREB1 phosphorylation through the activation of CaMKII/CaMKK/CaMKIV cascasde	0.8187399164278821	CALM2	R-HSA-442729
Signaling by Nuclear Receptors	0.85330329192811	CALM2,H2AZ1,H2AZ2,RAD21,SMC1A	R-HSA-9006931
Recognition and association of DNA glycosylase with site containing an affected pyrimidine	0.8559056573917132	H2AZ1,H2AZ2	R-HSA-110328
Cleavage of the damaged pyrimidine	0.8559056573917132	H2AZ1,H2AZ2	R-HSA-110329
SCF(Skp2)-mediated degradation of p27/p21	0.8559056573917132	CCNA2,CKS1B	R-HSA-187577
Depyrimidination	0.8559056573917132	H2AZ1,H2AZ2	R-HSA-73928
Base-Excision Repair, AP Site Formation	0.8651163854220859	H2AZ1,H2AZ2	R-HSA-73929
Calcineurin activates NFAT	0.8658259757188053	CALM2	R-HSA-2025928
Activation of AMPK downstream of NMDARs	0.8658259757188053	CALM2	R-HSA-9619483
Influenza Viral RNA Transcription and Replication	0.8773982299274657	NUP107,NUP35,RPL39L	R-HSA-168273
RNA Polymerase I Promoter Opening	0.8984459769422161	H2AZ1,H2AZ2	R-HSA-73728
Signaling by BRAF and RAF fusions	0.9189123516470681	CALM2,ESRP1	R-HSA-6802952
CaMK IV-mediated phosphorylation of CREB	0.9208227697448758	CALM2	R-HSA-111932
Tetrahydrobiopterin (BH4) synthesis, recycling, salvage and regulation	0.9208227697448758	CALM2	R-HSA-1474151
Glutathione synthesis and recycling	0.9208227697448758	GGCT	R-HSA-174403
Hyaluronan uptake and degradation	0.9208227697448758	HMMR	R-HSA-2160916
HSF1 activation	0.9208227697448758	RPA3	R-HSA-3371511
Ionotropic activity of kainate receptors	0.9208227697448758	CALM2	R-HSA-451306
Activation of Ca-permeable Kainate Receptor	0.9208227697448758	CALM2	R-HSA-451308
Glycolysis	0.9360033864271852	NUP107,NUP35	R-HSA-70171
SIRT1 negatively regulates rRNA expression	0.9376344985021208	H2AZ1,H2AZ2	R-HSA-427359
Assembly of the pre-replicative complex	0.9376344985021208	CDT1,MCM7	R-HSA-68867
Inhibition of DNA recombination at telomere	0.9376344985021208	H2AZ1,H2AZ2	R-HSA-9670095
ISG15 antiviral mechanism	0.9496358612615252	NUP107,NUP35	R-HSA-1169408
Activated PKN1 stimulates transcription of AR (androgen receptor) regulated genes KLK2 and KLK3	0.9561069107026602	H2AZ1,H2AZ2	R-HSA-5625886
eNOS activation	0.9569452172049276	CALM2	R-HSA-203615
Sodium/Calcium exchangers	0.9569452172049276	CALM2	R-HSA-425561
Depolymerisation of the Nuclear Lamina	0.9569452172049276	CCNB1	R-HSA-4419969
CLEC7A (Dectin-1) induces NFAT activation	0.9569452172049276	CALM2	R-HSA-5607763
RHO GTPases activate IQGAPs	0.9569452172049276	CALM2	R-HSA-5626467
Advanced glycosylation endproduct receptor signaling	0.9569452172049276	HMGB1	R-HSA-879415
Loss of function of MECP2 in Rett syndrome	0.9569452172049276	CALM2	R-HSA-9005891
Pervasive developmental disorders	0.9569452172049276	CALM2	R-HSA-9005895
Disorders of Developmental Biology	0.9569452172049276	CALM2	R-HSA-9675151
Disorders of Nervous System Development	0.9569452172049276	CALM2	R-HSA-9697154
HIV Infection	0.9635227026053731	NELFE,NUP107,NUP35,RANBP1	R-HSA-162906
Reduction of cytosolic Ca++ levels	0.966940491727702	CALM2	R-HSA-418359
CREB1 phosphorylation through the activation of Adenylate Cyclase	0.966940491727702	CALM2	R-HSA-442720
Mismatch repair (MMR) directed by MSH2:MSH6 (MutSalpha)	0.966940491727702	RPA3	R-HSA-5358565
Mismatch repair (MMR) directed by MSH2:MSH3 (MutSbeta)	0.966940491727702	RPA3	R-HSA-5358606
TP53 regulates transcription of several additional cell death genes whose specific roles in p53-dependent apoptosis remain uncertain	0.966940491727702	BIRC5	R-HSA-6803205
TP53 Regulates Transcription of Genes Involved in G1 Cell Cycle Arrest	0.966940491727702	CCNA2	R-HSA-6804116
Removal of the Flap Intermediate	0.966940491727702	RPA3	R-HSA-69166
Apoptosis	1	HMGB1,HMGB2	R-HSA-109581
Hemostasis	1	CALM2,CBX5,CENPE,KIF20A,KIF4A,RACGAP1,RAD51C	R-HSA-109582
Opioid Signalling	1	CALM2	R-HSA-111885
PKA-mediated phosphorylation of CREB	1	CALM2	R-HSA-111931
Calmodulin induced events	1	CALM2	R-HSA-111933
Ca-dependent events	1	CALM2	R-HSA-111996
CaM pathway	1	CALM2	R-HSA-111997
G-protein mediated events	1	CALM2	R-HSA-112040
PLC beta mediated events	1	CALM2	R-HSA-112043
Neurotransmitter receptors and postsynaptic signal transmission	1	CALM2	R-HSA-112314
Transmission across Chemical Synapses	1	CALM2	R-HSA-112315
Neuronal System	1	CALM2	R-HSA-112316
Formation of RNA Pol II elongation complex	1	NELFE	R-HSA-112382
Formation of the Early Elongation Complex	1	NELFE	R-HSA-113418
E2F mediated regulation of DNA replication	1	CCNB1	R-HSA-113510
Platelet degranulation	1	CALM2	R-HSA-114608
Downstream signaling events of B Cell Receptor (BCR)	1	CALM2	R-HSA-1168372
Antiviral mechanism by IFN-stimulated genes	1	NUP107,NUP35	R-HSA-1169410
Signaling by ERBB4	1	STMN1	R-HSA-1236394
Nuclear signaling by ERBB4	1	STMN1	R-HSA-1251985
PI3K/AKT Signaling	1	RHEB	R-HSA-1257604
Developmental Biology	1	DEK,H2AZ1,H2AZ2,KIF4A,MED21,RPL39L	R-HSA-1266738
Cytokine Signaling in Immune system	1	BIRC5,CALM2,HMGB1,HNRNPA2B1,NUP107,NUP35	R-HSA-1280215
Adaptive Immune System	1	CALM2,CDC20,CENPE,KIF20A,KIF4A,RACGAP1,UBE2C	R-HSA-1280218
Transcription of E2F targets under negative control by DREAM complex	1	TOP2A	R-HSA-1362277
Metabolism	1	CALM2,DHTKD1,DTYMK,GGCT,HMMR,MED21,NUP107,NUP35,RPL39L,TYMS	R-HSA-1430728
Translocation of SLC2A4 (GLUT4) to the plasma membrane	1	CALM2	R-HSA-1445148
Inositol phosphate metabolism	1	CALM2	R-HSA-1483249
DAG and IP3 signaling	1	CALM2	R-HSA-1489509
Phase II - Conjugation of compounds	1	GGCT	R-HSA-156580
Glutathione conjugation	1	GGCT	R-HSA-156590
L13a-mediated translational silencing of Ceruloplasmin expression	1	RPL39L	R-HSA-156827
Eukaryotic Translation Elongation	1	RPL39L	R-HSA-156842
Peptide chain elongation	1	RPL39L	R-HSA-156902
Signaling by NOTCH	1	DLGAP5,H2AZ1,H2AZ2	R-HSA-157118
Nucleotide metabolism	1	DTYMK,TYMS	R-HSA-15869
Mitochondrial biogenesis	1	CALM2	R-HSA-1592230
Glycosaminoglycan metabolism	1	HMMR	R-HSA-1630316
Macroautophagy	1	RHEB	R-HSA-1632852
PKA activation	1	CALM2	R-HSA-163615
Disease	1	CALM2,CDC25C,ESRP1,NELFE,NUP107,NUP35,RANBP1,RPL39L,TUBB,UBE2C	R-HSA-1643685
MTOR signalling	1	RHEB	R-HSA-165159
Toll Like Receptor 4 (TLR4) Cascade	1	HMGB1	R-HSA-166016
MyD88:MAL(TIRAP) cascade initiated on plasma membrane	1	HMGB1	R-HSA-166058
MyD88-independent TLR4 cascade	1	HMGB1	R-HSA-166166
mTORC1-mediated signalling	1	RHEB	R-HSA-166208
Formation of HIV elongation complex in the absence of HIV Tat	1	NELFE	R-HSA-167152
Formation of the HIV-1 Early Elongation Complex	1	NELFE	R-HSA-167158
HIV Transcription Elongation	1	NELFE	R-HSA-167169
Transcription of the HIV genome	1	NELFE	R-HSA-167172
Formation of HIV-1 elongation complex containing HIV-1 Tat	1	NELFE	R-HSA-167200
Pausing and recovery of Tat-mediated HIV elongation	1	NELFE	R-HSA-167238
Abortive elongation of HIV-1 transcript in the absence of Tat	1	NELFE	R-HSA-167242
Tat-mediated HIV elongation arrest and recovery	1	NELFE	R-HSA-167243
Tat-mediated elongation of the HIV-1 transcript	1	NELFE	R-HSA-167246
HIV elongation arrest and recovery	1	NELFE	R-HSA-167287
Pausing and recovery of HIV elongation	1	NELFE	R-HSA-167290
Toll Like Receptor 9 (TLR9) Cascade	1	HMGB1	R-HSA-168138
Toll Like Receptor 10 (TLR10) Cascade	1	HMGB1	R-HSA-168142
Toll Like Receptor 3 (TLR3) Cascade	1	HMGB1	R-HSA-168164
Toll Like Receptor 5 (TLR5) Cascade	1	HMGB1	R-HSA-168176
Toll Like Receptor TLR1:TLR2 Cascade	1	HMGB1	R-HSA-168179
Toll Like Receptor 7/8 (TLR7/8) Cascade	1	HMGB1	R-HSA-168181
Toll Like Receptor TLR6:TLR2 Cascade	1	HMGB1	R-HSA-168188
Innate Immune System	1	CALM2,GGH,HMGB1,TUBB,TUBB4B	R-HSA-168249
Influenza Infection	1	NUP107,NUP35,RPL39L	R-HSA-168255
Immune System	1	BIRC5,CALM2,CDC20,CENPE,GGH,HMGB1,HNRNPA2B1,KIF20A,KIF4A,NUP107,NUP35,RACGAP1,TUBB,TUBB4B,UBE2C	R-HSA-168256
Toll-like Receptor Cascades	1	HMGB1	R-HSA-168898
DDX58/IFIH1-mediated induction of interferon-alpha/beta	1	HMGB1	R-HSA-168928
Telomere Extension By Telomerase	1	CCNA2	R-HSA-171319
Autodegradation of Cdh1 by Cdh1:APC/C	1	UBE2C	R-HSA-174084
SCF-beta-TrCP mediated degradation of Emi1	1	CDC20	R-HSA-174113
Processive synthesis on the C-strand of the telomere	1	RPA3	R-HSA-174414
Removal of the Flap Intermediate from the C-strand	1	RPA3	R-HSA-174437
SRP-dependent cotranslational protein targeting to membrane	1	RPL39L	R-HSA-1799339
DARPP-32 events	1	CALM2	R-HSA-180024
Toll Like Receptor 2 (TLR2) Cascade	1	HMGB1	R-HSA-181438
Organelle biogenesis and maintenance	1	CALM2,PLK1,TUBB,TUBB4B	R-HSA-1852241
Synthesis of IP3 and IP4 in the cytosol	1	CALM2	R-HSA-1855204
Signaling by FGFR	1	ESRP1	R-HSA-190236
Pre-NOTCH Transcription and Translation	1	H2AZ1,H2AZ2	R-HSA-1912408
Pre-NOTCH Expression and Processing	1	H2AZ1,H2AZ2	R-HSA-1912422
Viral mRNA Translation	1	RPL39L	R-HSA-192823
Signaling by VEGF	1	CALM2	R-HSA-194138
Rho GTPase cycle	1	ARHGAP11A,RACGAP1	R-HSA-194840
Signaling by WNT	1	CALM2,H2AZ1,H2AZ2	R-HSA-195721
Metabolism of vitamins and cofactors	1	CALM2	R-HSA-196854
PPARA activates gene expression	1	MED21	R-HSA-1989781
Membrane Trafficking	1	CALM2,CENPE,KIF20A,KIF4A,RACGAP1	R-HSA-199991
TCF dependent signaling in response to WNT	1	H2AZ1,H2AZ2	R-HSA-201681
Formation of the beta-catenin:TCF transactivating complex	1	H2AZ1,H2AZ2	R-HSA-201722
Metabolism of nitric oxide: NOS3 activation and regulation	1	CALM2	R-HSA-202131
Biological oxidations	1	GGCT	R-HSA-211859
Hyaluronan metabolism	1	HMMR	R-HSA-2142845
Transcriptional activation of mitochondrial biogenesis	1	CALM2	R-HSA-2151201
Visual phototransduction	1	CALM2	R-HSA-2187338
Selenoamino acid metabolism	1	RPL39L	R-HSA-2408522
Selenocysteine synthesis	1	RPL39L	R-HSA-2408557
Fc epsilon receptor (FCERI) signaling	1	CALM2	R-HSA-2454202
The phototransduction cascade	1	CALM2	R-HSA-2514856
Inactivation, recovery and regulation of the phototransduction cascade	1	CALM2	R-HSA-2514859
Oxidative Stress Induced Senescence	1	H2AZ1,H2AZ2	R-HSA-2559580
Stimuli-sensing channels	1	CALM2	R-HSA-2672351
FCERI mediated Ca+2 mobilization	1	CALM2	R-HSA-2871809
HATs acetylate histones	1	HAT1	R-HSA-3214847
RMTs methylate histone arginines	1	H2AZ1,H2AZ2	R-HSA-3214858
Chromatin modifying enzymes	1	H2AZ1,H2AZ2,HAT1	R-HSA-3247509
Signaling by GPCR	1	CALM2	R-HSA-372790
L1CAM interactions	1	KIF4A	R-HSA-373760
Signaling by ROBO receptors	1	RPL39L	R-HSA-376176
tRNA Aminoacylation	1	DARS2	R-HSA-379724
Mitochondrial tRNA aminoacylation	1	DARS2	R-HSA-379726
Energy dependent regulation of mTOR by LKB1-AMPK	1	RHEB	R-HSA-380972
ATF4 activates genes in response to endoplasmic reticulum stress	1	EXOSC8	R-HSA-380994
PERK regulates gene expression	1	EXOSC8	R-HSA-381042
Unfolded Protein Response (UPR)	1	EXOSC8	R-HSA-381119
Transcriptional regulation of white adipocyte differentiation	1	MED21	R-HSA-381340
Transport of small molecules	1	CALM2	R-HSA-382551
Beta-catenin independent WNT signaling	1	CALM2	R-HSA-3858494
GPCR downstream signalling	1	CALM2	R-HSA-388396
Glyoxylate metabolism and glycine degradation	1	DHTKD1	R-HSA-389661
Muscle contraction	1	CALM2	R-HSA-397014
Regulation of lipid metabolism by PPARalpha	1	MED21	R-HSA-400206
Ca2+ pathway	1	CALM2	R-HSA-4086398
Platelet homeostasis	1	CALM2	R-HSA-418346
Platelet calcium homeostasis	1	CALM2	R-HSA-418360
G alpha (i) signalling events	1	CALM2	R-HSA-418594
Axon guidance	1	KIF4A,RPL39L	R-HSA-422475
Transport of inorganic cations/anions and amino acids/oligopeptides	1	CALM2	R-HSA-425393
SLC-mediated transmembrane transport	1	CALM2	R-HSA-425407
Activation of rRNA Expression by ERCC6 (CSB) and EHMT2 (G9a)	1	H2AZ1,H2AZ2	R-HSA-427389
Deadenylation-dependent mRNA decay	1	EXOSC8	R-HSA-429914
mRNA decay by 3' to 5' exoribonuclease	1	EXOSC8	R-HSA-429958
Recycling pathway of L1	1	KIF4A	R-HSA-437239
Post NMDA receptor activation events	1	CALM2	R-HSA-438064
Unblocking of NMDA receptors, glutamate binding and activation	1	CALM2	R-HSA-438066
VEGFA-VEGFR2 Pathway	1	CALM2	R-HSA-4420097
CREB1 phosphorylation through NMDA receptor-mediated activation of RAS signaling	1	CALM2	R-HSA-442742
Activation of NMDA receptors and postsynaptic events	1	CALM2	R-HSA-442755
Ras activation upon Ca2+ influx through NMDA receptor	1	CALM2	R-HSA-442982
Smooth Muscle Contraction	1	CALM2	R-HSA-445355
TAK1 activates NFkB by phosphorylation and activation of IKKs complex	1	HMGB1	R-HSA-445989
Interleukin-1 family signaling	1	HMGB1	R-HSA-446652
Interleukin-12 family signaling	1	HNRNPA2B1	R-HSA-447115
Signaling by Interleukins	1	BIRC5,HMGB1,HNRNPA2B1	R-HSA-449147
Butyrate Response Factor 1 (BRF1) binds and destabilizes mRNA	1	EXOSC8	R-HSA-450385
Tristetraprolin (TTP, ZFP36) binds and destabilizes mRNA	1	EXOSC8	R-HSA-450513
Regulation of mRNA stability by proteins that bind AU-rich elements	1	EXOSC8	R-HSA-450531
KSRP (KHSRP) binds and destabilizes mRNA	1	EXOSC8	R-HSA-450604
Activation of kainate receptors upon glutamate binding	1	CALM2	R-HSA-451326
SUMOylation of DNA methylation proteins	1	DNMT1	R-HSA-4655427
Chromatin organization	1	H2AZ1,H2AZ2,HAT1	R-HSA-4839726
VEGFR2 mediated vascular permeability	1	CALM2	R-HSA-5218920
VEGFR2 mediated cell proliferation	1	CALM2	R-HSA-5218921
Uptake and actions of bacterial toxins	1	CALM2	R-HSA-5339562
Programmed Cell Death	1	HMGB1,HMGB2	R-HSA-5357801
MMR	1	RPA3	R-HSA-5358508
Metabolism of lipids	1	MED21	R-HSA-556833
Cardiac conduction	1	CALM2	R-HSA-5576891
Phase 0 - rapid depolarisation	1	CALM2	R-HSA-5576892
Ion homeostasis	1	CALM2	R-HSA-5578775
PIWI-interacting RNA (piRNA) biogenesis	1	MYBL1	R-HSA-5601884
CLEC7A (Dectin-1) signaling	1	CALM2	R-HSA-5607764
Activation of anterior HOX genes in hindbrain development during early embryogenesis	1	H2AZ1,H2AZ2	R-HSA-5617472
Cilium Assembly	1	PLK1,TUBB,TUBB4B	R-HSA-5617833
SLC transporter disorders	1	NUP107,NUP35	R-HSA-5619102
Disorders of transmembrane transporters	1	NUP107,NUP35	R-HSA-5619115
Activation of HOX genes during differentiation	1	H2AZ1,H2AZ2	R-HSA-5619507
C-type lectin receptors (CLRs)	1	CALM2	R-HSA-5621481
RHO GTPases activate CIT	1	PRC1	R-HSA-5625900
RHO GTPases activate PAKs	1	CALM2	R-HSA-5627123
TP53 Regulates Metabolic Genes	1	RHEB	R-HSA-5628897
TP53 Regulates Transcription of Cell Death Genes	1	BIRC5	R-HSA-5633008
Vesicle-mediated transport	1	CALM2,CENPE,KIF20A,KIF4A,RACGAP1	R-HSA-5653656
Signaling by FGFR2	1	ESRP1	R-HSA-5654738
Diseases of signal transduction by growth factor receptors and second messengers	1	CALM2,ESRP1	R-HSA-5663202
Infectious disease	1	CALM2,NELFE,NUP107,NUP35,RANBP1,RPL39L,TUBB	R-HSA-5663205
RAF activation	1	CALM2	R-HSA-5673000
RAF/MAP kinase cascade	1	CALM2	R-HSA-5673001
MAPK family signaling cascades	1	CALM2	R-HSA-5683057
ERK1/ERK2 pathway	1	CALM2	R-HSA-5684996
Regulation of TLR by endogenous ligand	1	HMGB1	R-HSA-5686938
Deubiquitination	1	BARD1,CCNA2,CDC20	R-HSA-5688426
UCH proteinases	1	BARD1	R-HSA-5689603
Ub-specific processing proteases	1	CCNA2,CDC20	R-HSA-5689880
Metalloprotease DUBs	1	BARD1	R-HSA-5689901
Recruitment and ATM-mediated phosphorylation of repair and signaling proteins at DNA double strand breaks	1	BARD1	R-HSA-5693565
Nonhomologous End-Joining (NHEJ)	1	BARD1	R-HSA-5693571
DNA Double Strand Break Response	1	BARD1	R-HSA-5693606
Formation of Incision Complex in GG-NER	1	RPA3	R-HSA-5696395
RNA Polymerase II Pre-transcription Events	1	NELFE	R-HSA-674695
Interleukin-4 and Interleukin-13 signaling	1	BIRC5	R-HSA-6785807
Major pathway of rRNA processing in the nucleolus and cytosol	1	EXOSC8,RPL39L	R-HSA-6791226
TP53 Regulates Transcription of DNA Repair Genes	1	NELFE	R-HSA-6796648
Neutrophil degranulation	1	GGH,HMGB1,TUBB,TUBB4B	R-HSA-6798695
Signaling by moderate kinase activity BRAF mutants	1	CALM2	R-HSA-6802946
Signaling by RAS mutants	1	CALM2	R-HSA-6802949
Paradoxical activation of RAF signaling by kinase inactive BRAF	1	CALM2	R-HSA-6802955
Oncogenic MAPK signaling	1	CALM2,ESRP1	R-HSA-6802957
FGFR2 alternative splicing	1	ESRP1	R-HSA-6803529
TP53 regulates transcription of additional cell cycle genes whose exact role in the p53 pathway remain uncertain	1	CDC25C	R-HSA-6804115
Regulation of TP53 Degradation	1	CCNA2	R-HSA-6804757
Regulation of TP53 Expression and Degradation	1	CCNA2	R-HSA-6806003
PTEN Regulation	1	RHEB	R-HSA-6807070
CDT1 association with the CDC6:ORC:origin complex	1	CDT1	R-HSA-68827
CDK-mediated phosphorylation and removal of Cdc6	1	CCNA2,UBE2C	R-HSA-69017
Processive synthesis on the lagging strand	1	RPA3	R-HSA-69183
Cyclin E associated events during G1/S transition	1	CCNA2,CKS1B	R-HSA-69202
Cyclin D associated events in G1	1	CKS1B	R-HSA-69231
G1 Phase	1	CKS1B	R-HSA-69236
p53-Dependent G1 DNA Damage Response	1	CCNA2	R-HSA-69563
p53-Dependent G1/S DNA damage checkpoint	1	CCNA2	R-HSA-69580
G1/S DNA Damage Checkpoints	1	CCNA2	R-HSA-69615
Cyclin A:Cdk2-associated events at S phase entry	1	CCNA2,CKS1B	R-HSA-69656
Glycogen breakdown (glycogenolysis)	1	CALM2	R-HSA-70221
Glucose metabolism	1	NUP107,NUP35	R-HSA-70326
Amino acid and derivative metabolism	1	DHTKD1,RPL39L	R-HSA-71291
Carbohydrate metabolism	1	CALM2,HMMR,NUP107,NUP35	R-HSA-71387
pre-mRNA splicing	1	HNRNPA2B1,RBMX	R-HSA-72163
mRNA Splicing	1	HNRNPA2B1,RBMX	R-HSA-72172
mRNA 3'-end processing	1	DDX39A	R-HSA-72187
tRNA processing	1	NUP107,NUP35	R-HSA-72306
rRNA processing	1	EXOSC8,RPL39L	R-HSA-72312
Eukaryotic Translation Initiation	1	RPL39L	R-HSA-72613
Formation of a pool of free 40S subunits	1	RPL39L	R-HSA-72689
GTP hydrolysis and joining of the 60S ribosomal subunit	1	RPL39L	R-HSA-72706
Cap-dependent Translation Initiation	1	RPL39L	R-HSA-72737
Eukaryotic Translation Termination	1	RPL39L	R-HSA-72764
Translation	1	DARS2,RPL39L	R-HSA-72766
RNA Polymerase I Promoter Escape	1	H2AZ1,H2AZ2	R-HSA-73772
RNA Polymerase I Promoter Clearance	1	H2AZ1,H2AZ2	R-HSA-73854
RNA Polymerase II Transcription Termination	1	DDX39A	R-HSA-73856
RNA Polymerase I Transcription	1	H2AZ1,H2AZ2	R-HSA-73864
RNA Polymerase II Transcription Elongation	1	NELFE	R-HSA-75955
Platelet activation, signaling and aggregation	1	CALM2	R-HSA-76002
Response to elevated platelet cytosolic Ca2+	1	CALM2	R-HSA-76005
Protein ubiquitination	1	UBE2C,UBE2T	R-HSA-8852135
Transcriptional Regulation by VENTX	1	UBE2C	R-HSA-8853884
FBXL7 down-regulates AURKA during mitotic entry and in early mitosis	1	AURKA	R-HSA-8854050
Deregulated CDK5 triggers multiple neurodegenerative pathways in Alzheimer's disease models	1	CDC25C	R-HSA-8862803
Neurodegenerative Diseases	1	CDC25C	R-HSA-8863678
rRNA processing in the nucleus and cytosol	1	EXOSC8,RPL39L	R-HSA-8868773
Protein methylation	1	CALM2	R-HSA-8876725
Transcriptional regulation by RUNX2	1	CCNB1	R-HSA-8878166
Transcriptional regulation by RUNX1	1	H2AZ1,H2AZ2	R-HSA-8878171
RUNX1 regulates genes involved in megakaryocyte differentiation and platelet function	1	H2AZ1,H2AZ2	R-HSA-8936459
RUNX1 regulates transcription of genes involved in differentiation of HSCs	1	H2AZ1,H2AZ2	R-HSA-8939236
Regulation of PTEN gene transcription	1	RHEB	R-HSA-8943724
Gene and protein expression by JAK-STAT signaling after Interleukin-12 stimulation	1	HNRNPA2B1	R-HSA-8950505
Neddylation	1	BIRC5	R-HSA-8951664
Transcriptional Regulation by E2F6	1	CBX5	R-HSA-8953750
Metabolism of RNA	1	DDX39A,EXOSC8,HNRNPA2B1,NUP107,NUP35,RBMX,RPL39L	R-HSA-8953854
Metabolism of cofactors	1	CALM2	R-HSA-8978934
Glycogen metabolism	1	CALM2	R-HSA-8982491
Transcriptional Regulation by MECP2	1	CALM2	R-HSA-8986944
Intracellular signaling by second messengers	1	CALM2,RHEB	R-HSA-9006925
Signaling by Receptor Tyrosine Kinases	1	CALM2,ESRP1,STMN1	R-HSA-9006934
Extra-nuclear estrogen signaling	1	CALM2	R-HSA-9009391
Regulation of expression of SLITs and ROBOs	1	RPL39L	R-HSA-9010553
Signaling by NOTCH3	1	DLGAP5	R-HSA-9012852
NOTCH3 Intracellular Domain Regulates Transcription	1	DLGAP5	R-HSA-9013508
Interleukin-12 signaling	1	HNRNPA2B1	R-HSA-9020591
Interleukin-1 signaling	1	HMGB1	R-HSA-9020702
Regulation of MECP2 expression and activity	1	CALM2	R-HSA-9022692
Interferon Signaling	1	NUP107,NUP35	R-HSA-913531
Nonsense-Mediated Decay (NMD)	1	RPL39L	R-HSA-927802
TRAF6 mediated NF-kB activation	1	HMGB1	R-HSA-933542
Ion transport by P-type ATPases	1	CALM2	R-HSA-936837
TRIF(TICAM1)-mediated TLR4 signaling	1	HMGB1	R-HSA-937061
FLT3 Signaling	1	CALM2	R-HSA-9607240
HCMV Infection	1	NUP107,NUP35	R-HSA-9609646
HCMV Early Events	1	NUP107,NUP35	R-HSA-9609690
HCMV Late Events	1	NUP107,NUP35	R-HSA-9610379
Autophagy	1	RHEB	R-HSA-9612973
Negative regulation of NMDA receptor-mediated neuronal transmission	1	CALM2	R-HSA-9617324
Long-term potentiation	1	CALM2	R-HSA-9620244
Response of EIF2AK4 (GCN2) to amino acid deficiency	1	RPL39L	R-HSA-9633012
Amino acids regulate mTORC1	1	RHEB	R-HSA-9639288
Diseases of programmed cell death	1	CDC25C	R-HSA-9645723
RAS processing	1	CALM2	R-HSA-9648002
Signaling downstream of RAS mutants	1	CALM2	R-HSA-9649948
Signaling by RAF1 mutants	1	CALM2	R-HSA-9656223
Leishmania infection	1	CALM2	R-HSA-9658195
Anti-inflammatory response favouring Leishmania parasite infection	1	CALM2	R-HSA-9662851
FCGR3A-mediated IL10 synthesis	1	CALM2	R-HSA-9664323
Leishmania parasite growth and survival	1	CALM2	R-HSA-9664433
Nervous system development	1	KIF4A,RPL39L	R-HSA-9675108
Diseases of mitotic cell cycle	1	UBE2C	R-HSA-9675126
Potential therapeutics for SARS	1	TUBB	R-HSA-9679191
SARS-CoV Infections	1	TUBB	R-HSA-9679506
Aberrant regulation of mitotic exit in cancer due to RB1 defects	1	UBE2C	R-HSA-9687136
Aberrant regulation of mitotic cell cycle due to RB1 defects	1	UBE2C	R-HSA-9687139
TRAF6 mediated induction of NFkB and MAP kinases upon TLR7/8 or 9 activation	1	HMGB1	R-HSA-975138
MyD88 dependent cascade initiated on endosome	1	HMGB1	R-HSA-975155
MyD88 cascade initiated on plasma membrane	1	HMGB1	R-HSA-975871
Nonsense Mediated Decay (NMD) independent of the Exon Junction Complex (EJC)	1	RPL39L	R-HSA-975956
Nonsense Mediated Decay (NMD) enhanced by the Exon Junction Complex (EJC)	1	RPL39L	R-HSA-975957
Amyloid fiber formation	1	H2AZ1	R-HSA-977225
Antigen processing: Ubiquitination & Proteasome degradation	1	CDC20,UBE2C	R-HSA-983168
Class I MHC mediated antigen processing & presentation	1	CDC20,UBE2C	R-HSA-983169
Antigen activates B Cell Receptor (BCR) leading to generation of second messengers	1	CALM2	R-HSA-983695
B Cell Activation	1	CALM2	R-HSA-983705
Ion channel transport	1	CALM2	R-HSA-983712